week,name,id,home,team,pos,defense_ast,defense_ffum,defense_int,defense_sk,defense_tkl,fumbles_lost,fumbles_rcv,fumbles_tot,fumbles_trcv,fumbles_yds,kicking_fga,kicking_fgm,kicking_fgyds,kicking_totpfg,kicking_xpa,kicking_xpb,kicking_xpmade,kicking_xpmissed,kicking_xptot,kickret_avg,kickret_lng,kickret_lngtd,kickret_ret,kickret_tds,passing_att,passing_cmp,passing_ints,passing_tds,passing_twopta,passing_twoptm,passing_yds,punting_avg,punting_i20,punting_lng,punting_pts,punting_yds,puntret_avg,puntret_lng,puntret_lngtd,puntret_ret,puntret_tds,receiving_lng,receiving_lngtd,receiving_rec,receiving_tds,receiving_twopta,receiving_twoptm,receiving_yds,rushing_att,rushing_lng,rushing_lngtd,rushing_tds,rushing_twopta,rushing_twoptm,rushing_yds
12,D.Carr,00-0031280,yes,OAK,QB,,,,,,,,,,,,,,,,,,,,,,,,,35,18,0,1,0,0,174,,,,,,,,,,,,,,,,,,3,2,0,0,0,0,2
12,D.McFadden,00-0026144,yes,OAK,RB,,,,,,,,,,,,,,,,,,,,19,23,0,3,0,,,,,,,,,,,,,,,,,,3,0,2,0,0,0,5,12,7,0,0,0,0,29
12,M.Reece,00-0026393,yes,OAK,FB,,,,,,,,,,,,,,,,,,,,,,,,,,,,,,,,,,,,,,,,,,8,0,1,0,0,0,8,8,9,0,0,0,0,37
12,M.Jones-Drew,00-0024275,yes,OAK,,,,,,,,,,,,,,,,,,,,,,,,,,,,,,,,,,,,,,,,,,,,,,,,,,3,1,0,0,0,0,-1
12,L.Murray,00-0030513,yes,OAK,RB,,,,,,0,0,1,0,0,,,,,,,,,,24,24,0,1,0,,,,,,,,,,,,,,,,,,,,,,,,,4,90,90,2,0,0,112
12,M.Rivera,00-0030514,yes,OAK,TE,,,,,,,,,,,,,,,,,,,,,,,,,,,,,,,,,,,,,,,,,,8,0,1,0,0,0,8,,,,,,,
12,B.Butler,00-0030516,yes,OAK,WR,,,,,,,,,,,,,,,,,,,,,,,,,,,,,,,,,,,,,,,,,,11,0,2,0,0,0,21,,,,,,,
12,V.Brown,00-0028020,yes,OAK,,,,,,,,,,,,,,,,,,,,,,,,,,,,,,,,,,,,,,,,,,,19,0,2,0,0,0,30,,,,,,,
12,A.Holmes,00-0028263,yes,OAK,WR,,,,,,,,,,,,,,,,,,,,,,,,,,,,,,,,,,,,,,,,,,37,0,5,0,0,0,55,,,,,,,
12,J.Jones,00-0025465,yes,OAK,WR,,,,,,,,,,,,,,,,,,,,,,,,,,,,,,,,,,,,,,,,,,17,9,5,1,0,0,47,,,,,,,
12,D.Moore,00-0028086,yes,OAK,,,,,,,1,0,1,0,0,,,,,,,,,,,,,,,,,,,,,,,,,,,0,0,0,1,0,,,,,,,,,,,,,,
12,J.Chaney,00-0027814,yes,OAK,,,,,,,0,1,0,1,3,,,,,,,,,,,,,,,,,,,,,,,,,,,,,,,,,,,,,,,,,,,,,
12,S.Janikowski,00-0019646,yes,OAK,K,,,,,,,,,,,1,1,40,3,3,0,3,0,3,,,,,,,,,,,,,,,,,,,,,,,,,,,,,,,,,,,,
12,M.King,00-0029123,yes,OAK,P,,,,,,,,,,,,,,,,,,,,,,,,,,,,,,,,41,3,58,6,296,,,,,,,,,,,,,,,,,,,
12,C.Woodson,00-0018227,yes,OAK,FS,1,0,0,1,7,,,,,,,,,,,,,,,,,,,,,,,,,,,,,,,,5,5,0,1,0,,,,,,,,,,,,,,
12,P.Sims,00-0026217,yes,OAK,DT,0,0,0,0,1,,,,,,,,,,,,,,,,,,,,,,,,,,,,,,,,,,,,,,,,,,,,,,,,,,
12,C.Wilson,00-0027822,yes,OAK,DT,1,0,0,0,1,,,,,,,,,,,,,,,,,,,,,,,,,,,,,,,,,,,,,,,,,,,,,,,,,,
12,K.Mack,00-0031040,yes,OAK,DE,0,0,0,0,3,,,,,,,,,,,,,,,,,,,,,,,,,,,,,,,,,,,,,,,,,,,,,,,,,,
12,S.Moore,00-0030529,yes,OAK,LB,5,0,0,1,7,,,,,,,,,,,,,,,,,,,,,,,,,,,,,,,,,,,,,,,,,,,,,,,,,,
12,N.Thorpe,00-0029329,yes,OAK,CB,1,0,0,0,0,,,,,,,,,,,,,,,,,,,,,,,,,,,,,,,,,,,,,,,,,,,,,,,,,,
12,T.Brown,00-0025534,yes,OAK,CB,1,0,0,0,1,,,,,,,,,,,,,,,,,,,,,,,,,,,,,,,,,,,,,,,,,,,,,,,,,,
12,B.Ross,00-0028601,yes,OAK,,3,0,0,0,2,,,,,,,,,,,,,,,,,,,,,,,,,,,,,,,,,,,,,,,,,,,,,,,,,,
12,J.Tuck,00-0023509,yes,OAK,DE,1,0,0,0,1,,,,,,,,,,,,,,,,,,,,,,,,,,,,,,,,,,,,,,,,,,,,,,,,,,
12,L.Asante,00-0027759,yes,OAK,DB,1,1,0,0,6,,,,,,,,,,,,,,,,,,,,,,,,,,,,,,,,,,,,,,,,,,,,,,,,,,
12,A.Smith,00-0022793,yes,OAK,DE,0,0,0,0,1,,,,,,,,,,,,,,,,,,,,,,,,,,,,,,,,,,,,,,,,,,,,,,,,,,
12,D.Hayden,00-0030572,yes,OAK,CB,0,0,0,0,3,,,,,,,,,,,,,,,,,,,,,,,,,,,,,,,,,,,,,,,,,,,,,,,,,,
12,D.Autry,00-0031254,yes,OAK,DE,1,0,0,0,0,,,,,,,,,,,,,,,,,,,,,,,,,,,,,,,,,,,,,,,,,,,,,,,,,,
12,M.Burris,00-0029631,yes,OAK,,1,0,0,0,8,,,,,,,,,,,,,,,,,,,,,,,,,,,,,,,,,,,,,,,,,,,,,,,,,,
12,A.Smith,00-0023436,no,KC,QB,,,,,,0,1,1,1,0,,,,,,,,,,,,,,,36,20,0,2,0,0,233,,,,,,,,,,,,,,,,,,2,3,0,0,0,0,5
12,D.Thomas,00-0031060,no,KC,WR,,,,,,0,1,0,1,0,,,,,,,,,,48,48,0,1,0,,,,,,,,,,,,,1,15,0,2,0,10,0,2,0,0,0,15,1,9,0,0,0,0,9
12,K.Davis,00-0030280,no,KC,RB,,,,,,,,,,,,,,,,,,,,32,46,0,2,0,,,,,,,,,,,,,,,,,,,,,,,,,2,3,0,0,0,0,2
12,J.Charles,00-0026213,no,KC,RB,,,,,,0,0,1,0,0,,,,,,,,,,,,,,,,,,,,,,,,,,,,,,,,30,30,4,1,0,0,42,19,11,0,0,0,0,80
12,A.Wilson,00-0030669,no,KC,WR,,,,,,,,,,,,,,,,,,,,,,,,,,,,,,,,,,,,,,,,,,23,0,2,0,0,0,27,,,,,,,
12,J.Hemingway,00-0029311,no,KC,,,,,,,,,,,,,,,,,,,,,,,,,,,,,,,,,,,,,,,,,,,4,0,1,0,0,0,4,,,,,,,
12,F.Hammond,00-0030154,no,KC,WR,,,,,,,,,,,,,,,,,,,,,,,,,,,,,,,,,,,,,24,28,0,2,0,6,0,1,0,0,0,6,,,,,,,
12,A.Sherman,00-0028074,no,KC,FB,,,,,,,,,,,,,,,,,,,,,,,,,,,,,,,,,,,,,,,,,,0,0,1,0,0,0,0,,,,,,,
12,A.Fasano,00-0024268,no,KC,TE,,,,,,,,,,,,,,,,,,,,,,,,,,,,,,,,,,,,,,,,,,19,19,2,1,0,0,30,,,,,,,
12,T.Kelce,00-0030506,no,KC,TE,,,,,,,,,,,,,,,,,,,,,,,,,,,,,,,,,,,,,,,,,,27,0,4,0,0,0,67,,,,,,,
12,D.Bowe,00-0025410,no,KC,WR,,,,,,,,,,,,,,,,,,,,,,,,,,,,,,,,,,,,,,,,,,24,0,3,0,0,0,42,,,,,,,
12,F.Zombo,00-0027442,no,KC,OLB,,,,,,0,0,0,1,0,,,,,,,,,,,,,,,,,,,,,,,,,,,,,,,,,,,,,,,,,,,,,
12,C.Santos,00-0031203,no,KC,K,,,,,,,,,,,2,2,25,6,2,0,2,0,2,,,,,,,,,,,,,,,,,,,,,,,,,,,,,,,,,,,,
12,D.Colquitt,00-0023534,no,KC,P,,,,,,,,,,,,,,,,,,,,,,,,,,,,,,,,42,4,69,7,297,,,,,,,,,,,,,,,,,,,
12,A.Bailey,00-0028024,no,KC,DE,3,0,0,0,1,,,,,,,,,,,,,,,,,,,,,,,,,,,,,,,,,,,,,,,,,,,,,,,,,,
12,S.Smith,00-0027037,no,KC,CB,1,0,0,0,3,,,,,,,,,,,,,,,,,,,,,,,,,,,,,,,,,,,,,,,,,,,,,,,,,,
12,D.Poe,00-0029688,no,KC,NT,0,0,0,0,2,,,,,,,,,,,,,,,,,,,,,,,,,,,,,,,,,,,,,,,,,,,,,,,,,,
12,J.Mauga,00-0027170,no,KC,ILB,4,0,0,0,6,,,,,,,,,,,,,,,,,,,,,,,,,,,,,,,,,,,,,,,,,,,,,,,,,,
12,T.Hali,00-0024235,no,KC,OLB,3,0,0,0,2,,,,,,,,,,,,,,,,,,,,,,,,,,,,,,,,,,,,,,,,,,,,,,,,,,
12,P.Gaines,00-0031015,no,KC,CB,0,0,0,0,1,,,,,,,,,,,,,,,,,,,,,,,,,,,,,,,,,,,,,,,,,,,,,,,,,,
12,J.Howard,00-0029277,no,KC,NT,2,0,0,0,2,,,,,,,,,,,,,,,,,,,,,,,,,,,,,,,,,,,,,,,,,,,,,,,,,,
12,H.Abdullah,00-0025940,no,KC,FS,1,0,0,0,4,,,,,,,,,,,,,,,,,,,,,,,,,,,,,,,,,,,,,,,,,,,,,,,,,,
12,R.Parker,00-0028445,no,KC,SS,1,0,0,0,6,,,,,,,,,,,,,,,,,,,,,,,,,,,,,,,,,,,,,,,,,,,,,,,,,,
12,E.Berry,00-0027858,no,KC,FS,1,0,0,0,4,,,,,,,,,,,,,,,,,,,,,,,,,,,,,,,,,,,,,,,,,,,,,,,,,,
12,K.Coleman,00-0027835,no,KC,FS,1,1,0,0,2,,,,,,,,,,,,,,,,,,,,,,,,,,,,,,,,,,,,,,,,,,,,,,,,,,
12,J.Houston,00-0028008,no,KC,OLB,0,0,0,1,4,,,,,,,,,,,,,,,,,,,,,,,,,,,,,,,,,,,,,,,,,,,,,,,,,,
12,J.Johnson,00-0029279,no,KC,,4,0,0,0,2,,,,,,,,,,,,,,,,,,,,,,,,,,,,,,,,,,,,,,,,,,,,,,,,,,
12,M.Ryan,00-0026143,yes,ATL,QB,,,,,,1,0,1,0,0,,,,,,,,,,,,,,,43,27,1,2,0,0,273,,,,,,,,,,,,,,,,,,2,4,0,0,0,0,6
12,D.Freeman,00-0031285,yes,ATL,RB,,,,,,,,,,,,,,,,,,,,,,,,,,,,,,,,,,,,,,,,,,,,,,,,,5,6,0,0,0,0,7
12,J.Rodgers,00-0028083,yes,ATL,RB,,,,,,,,,,,,,,,,,,,,,,,,,,,,,,,,,,,,,,,,,,8,8,3,1,0,0,11,3,7,0,0,0,0,16
12,S.Jackson,00-0022736,yes,ATL,,,,,,,,,,,,,,,,,,,,,,,,,,,,,,,,,,,,,,,,,,,10,0,2,0,0,0,17,13,7,1,1,0,0,34
12,H.Douglas,00-0026224,yes,ATL,WR,,,,,,,,,,,,,,,,,,,,,,,,,,,,,,,,,,,,,,,,,,7,0,2,0,0,0,14,,,,,,,
12,R.White,00-0023462,yes,ATL,WR,,,,,,,,,,,,,,,,,,,,,,,,,,,,,,,,,,,,,,,,,,32,0,9,0,0,0,96,,,,,,,
12,J.Jones,00-0027944,yes,ATL,WR,,,,,,,,,,,,,,,,,,,,,,,,,,,,,,,,,,,,,,,,,,24,24,5,1,0,0,68,,,,,,,
12,D.Hester,00-0024272,yes,ATL,WR,,,,,,,,,,,,,,,,,,,,21,27,0,4,0,,,,,,,,,,,,,12,12,0,1,0,16,0,4,0,0,0,50,,,,,,,
12,L.Toilolo,00-0030443,yes,ATL,TE,,,,,,,,,,,,,,,,,,,,,,,,,,,,,,,,,,,,,,,,,,9,0,2,0,0,0,17,,,,,,,
12,M.Bryant,00-0020578,yes,ATL,K,,,,,,,,,,,1,1,53,3,3,0,3,0,3,,,,,,,,,,,,,,,,,,,,,,,,,,,,,,,,,,,,
12,M.Bosher,00-0028130,yes,ATL,P,,,,,,,,,,,,,,,,,,,,,,,,,,,,,,,,40,2,48,4,178,,,,,,,,,,,,,,,,,,,
12,P.Worrilow,00-0029792,yes,ATL,MLB,1,0,0,0,5,,,,,,,,,,,,,,,,,,,,,,,,,,,,,,,,,,,,,,,,,,,,,,,,,,
12,K.Ishmael,00-0030427,yes,ATL,SS,4,0,1,0,7,,,,,,,,,,,,,,,,,,,,,,,,,,,,,,,,,,,,,,,,,,,,,,,,,,
12,P.Shembo,00-0031178,yes,ATL,,1,0,0,0,1,,,,,,,,,,,,,,,,,,,,,,,,,,,,,,,,,,,,,,,,,,,,,,,,,,
12,R.Hageman,00-0031281,yes,ATL,DT,0,0,0,0,2,,,,,,,,,,,,,,,,,,,,,,,,,,,,,,,,,,,,,,,,,,,,,,,,,,
12,T.Jackson,00-0026980,yes,ATL,DE,0,0,0,0,1,,,,,,,,,,,,,,,,,,,,,,,,,,,,,,,,,,,,,,,,,,,,,,,,,,
12,J.Bartu,00-0029770,yes,ATL,ILB,3,0,0,0,5,,,,,,,,,,,,,,,,,,,,,,,,,,,,,,,,,,,,,,,,,,,,,,,,,,
12,C.Peters,00-0027686,yes,ATL,DT,1,0,0,0,2,,,,,,,,,,,,,,,,,,,,,,,,,,,,,,,,,,,,,,,,,,,,,,,,,,
12,J.Wilson,00-0025442,yes,ATL,DB,0,0,0,0,3,,,,,,,,,,,,,,,,,,,,,,,,,,,,,,,,,,,,,,,,,,,,,,,,,,
12,D.Southward,00-0031383,yes,ATL,FS,1,0,1,0,1,,,,,,,,,,,,,,,,,,,,,,,,,,,,,,,,,,,,,,,,,,,,,,,,,,
12,K.Biermann,00-0026294,yes,ATL,OLB,1,0,0,1,4,,,,,,,,,,,,,,,,,,,,,,,,,,,,,,,,,,,,,,,,,,,,,,,,,,
12,P.Soliai,00-0025495,yes,ATL,DT,1,0,0,0,1,,,,,,,,,,,,,,,,,,,,,,,,,,,,,,,,,,,,,,,,,,,,,,,,,,
12,D.Lowery,00-0026253,yes,ATL,FS,0,0,0,0,1,,,,,,,,,,,,,,,,,,,,,,,,,,,,,,,,,,,,,,,,,,,,,,,,,,
12,J.Babineaux,00-0023494,yes,ATL,DT,2,0,0,0,1,,,,,,,,,,,,,,,,,,,,,,,,,,,,,,,,,,,,,,,,,,,,,,,,,,
12,R.McClain,00-0027840,yes,ATL,,1,0,0,0,5,,,,,,,,,,,,,,,,,,,,,,,,,,,,,,,,,,,,,,,,,,,,,,,,,,
12,D.Trufant,00-0030562,yes,ATL,CB,0,0,1,0,3,,,,,,,,,,,,,,,,,,,,,,,,,,,,,,,,,,,,,,,,,,,,,,,,,,
12,B.Hoyer,00-0026625,no,CLE,QB,,,,,,0,1,1,1,-4,,,,,,,,,,,,,,,40,23,3,0,0,0,322,,,,,,,,,,,,,,,,,,3,9,0,0,0,0,12
12,J.Gordon,00-0029664,no,CLE,WR,,,,,,0,1,0,1,0,,,,,,,,,,,,,,,1,0,0,0,0,0,0,,,,,,,,,,,24,0,8,0,0,0,120,,,,,,,
12,I.Crowell,00-0030656,no,CLE,RB,,,,,,,,,,,,,,,,,,,,,,,,,,,,,,,,,,,,,,,,,,,,,,,,,12,26,26,2,0,0,88
12,T.West,00-0031375,no,CLE,RB,,,,,,0,0,1,0,0,,,,,,,,,,,,,,,,,,,,,,,,,,,,,,,,9,0,1,0,0,0,9,14,20,0,0,0,0,62
12,M.Austin,00-0023921,no,CLE,WR,,,,,,,,,,,,,,,,,,,,,,,,,,,,,,,,,,,,,,,,,,13,0,6,0,0,0,64,,,,,,,
12,G.Barnidge,00-0026281,no,CLE,TE,,,,,,,,,,,,,,,,,,,,,,,,,,,,,,,,,,,,,,,,,,15,0,2,0,0,0,23,,,,,,,
12,A.Hawkins,00-0027918,no,CLE,WR,,,,,,,,,,,,,,,,,,,,,,,,,,,,,,,,,,,,,,,,,,40,0,5,0,0,0,93,,,,,,,
12,T.Gabriel,00-0031228,no,CLE,WR,,,,,,,,,,,,,,,,,,,,,,,,,,,,,,,,,,,,,,,,,,13,0,1,0,0,0,13,,,,,,,
12,D.Bryant,00-0026533,no,CLE,DE,1,0,0,0,3,0,0,0,1,0,,,,,,,,,,,,,,,,,,,,,,,,,,,,,,,,,,,,,,,,,,,,,
12,B.Cundiff,00-0020972,no,CLE,,,,,,,,,,,,5,4,37,12,2,0,2,0,2,,,,,,,,,,,,,,,,,,,,,,,,,,,,,,,,,,,,
12,S.Lanning,00-0028347,no,CLE,P,,,,,,,,,,,,,,,,,,,,,,,,,,,,,,,,29,0,41,1,41,,,,,,,,,,,,,,,,,,,
12,P.Kruger,00-0027033,no,CLE,OLB,0,1,0,2,3,,,,,,,,,,,,,,,,,,,,,,,,,,,,,,,,,,,,,,,,,,,,,,,,,,
12,D.Whitner,00-0024223,no,CLE,SS,0,0,0,0,1,,,,,,,,,,,,,,,,,,,,,,,,,,,,,,,,,,,,,,,,,,,,,,,,,,
12,A.Rubin,00-0026330,no,CLE,DT,2,0,0,1,2,,,,,,,,,,,,,,,,,,,,,,,,,,,,,,,,,,,,,,,,,,,,,,,,,,
12,T.Gipson,00-0028924,no,CLE,FS,1,0,0,0,2,,,,,,,,,,,,,,,,,,,,,,,,,,,,,,,,,,,,,,,,,,,,,,,,,,
12,C.Robertson,00-0028834,no,CLE,ILB,2,0,0,0,7,,,,,,,,,,,,,,,,,,,,,,,,,,,,,,,,,,,,,,,,,,,,,,,,,,
12,J.Leonhard,00-0023287,no,CLE,,0,0,0,0,2,,,,,,,,,,,,,,,,,,,,,,,,,,,,,,,,,,,,,,,,,,,,,,,,,,
12,C.Kirksey,00-0031361,no,CLE,ILB,1,0,0,0,4,,,,,,,,,,,,,,,,,,,,,,,,,,,,,,,,,,,,,,,,,,,,,,,,,,
12,K.Williams,00-0031253,no,CLE,DB,0,0,0,0,5,,,,,,,,,,,,,,,,,,,,,,,,,,,,,,,,,,,,,,,,,,,,,,,,,,
12,J.Haden,00-0027860,no,CLE,CB,0,0,1,0,5,,,,,,,,,,,,,,,,,,,,,,,,,,,,,,,,,,,,,,,,,,,,,,,,,,
12,S.Fua,00-0028035,no,CLE,,1,0,0,0,0,,,,,,,,,,,,,,,,,,,,,,,,,,,,,,,,,,,,,,,,,,,,,,,,,,
12,J.Sheard,00-0027975,no,CLE,DE,0,0,0,0,1,,,,,,,,,,,,,,,,,,,,,,,,,,,,,,,,,,,,,,,,,,,,,,,,,,
12,I.Kitchen,00-0029378,no,CLE,,2,0,0,0,1,,,,,,,,,,,,,,,,,,,,,,,,,,,,,,,,,,,,,,,,,,,,,,,,,,
12,B.Winn,00-0029303,no,CLE,DT,0,0,0,0,2,,,,,,,,,,,,,,,,,,,,,,,,,,,,,,,,,,,,,,,,,,,,,,,,,,
12,J.Gilbert,00-0031438,no,CLE,CB,0,0,0,0,1,,,,,,,,,,,,,,,,,,,,,,,,,,,,,,,,,,,,,,,,,,,,,,,,,,
12,B.Skrine,00-0028075,no,CLE,DB,0,0,0,0,3,,,,,,,,,,,,,,,,,,,,,,,,,,,,,,,,,,,,,,,,,,,,,,,,,,
12,K.Orton,00-0023541,yes,BUF,,,,,,,,,,,,,,,,,,,,,,,,,,32,24,0,2,0,0,230,,,,,,,,,,,,,,,,,,1,10,0,0,0,0,10
12,B.Brown,00-0029429,yes,BUF,,,,,,,,,,,,,,,,,,,,,,,,,,,,,,,,,,,,,,,,,,,,,,,,,,6,6,0,0,0,0,20
12,F.Jackson,00-0024204,yes,BUF,RB,,,,,,,,,,,,,,,,,,,,,,,,,,,,,,,,,,,,,5,5,0,1,0,6,0,3,0,0,0,13,10,7,5,1,0,0,32
12,A.Dixon,00-0027772,yes,BUF,RB,,,,,,,,,,,,,,,,,,,,,,,,,,,,,,,,,,,,,,,,,,8,0,1,0,0,0,8,12,30,30,1,0,0,54
12,C.Gragg,00-0030049,yes,BUF,TE,,,,,,,,,,,,,,,,,,,,,,,,,,,,,,,,,,,,,,,,,,6,0,2,0,0,0,11,,,,,,,
12,C.Hogan,00-0028237,yes,BUF,WR,,,,,,,,,,,,,,,,,,,,,,,,,,,,,,,,,,,,,,,,,,3,0,2,0,0,0,5,,,,,,,
12,L.Smith,00-0028097,yes,BUF,TE,,,,,,,,,,,,,,,,,,,,,,,,,,,,,,,,,,,,,,,,,,12,0,1,0,0,0,12,,,,,,,
12,S.Chandler,00-0025516,yes,BUF,TE,,,,,,,,,,,,,,,,,,,,,,,,,,,,,,,,,,,,,,,,,,19,19,3,1,0,0,28,,,,,,,
12,R.Woods,00-0030431,yes,BUF,WR,,,,,,,,,,,,,,,,,,,,,,,,,,,,,,,,,,,,,,,,,,37,7,9,1,0,0,118,,,,,,,
12,S.Watkins,00-0031325,yes,BUF,WR,,,,,,,,,,,,,,,,,,,,,,,,,,,,,,,,,,,,,,,,,,17,0,3,0,0,0,35,,,,,,,
12,D.Carpenter,00-0026003,yes,BUF,K,,,,,,,,,,,1,1,53,3,5,0,5,0,5,,,,,,,,,,,,,,,,,,,,,,,,,,,,,,,,,,,,
12,C.Schmidt,00-0030551,yes,BUF,P,,,,,,,,,,,,,,,,,,,,,,,,,,,,,,,,36,1,60,4,186,,,,,,,,,,,,,,,,,,,
12,M.Easley,00-0027708,yes,BUF,WR,,,,,,,,,,,,,,,,,,,,13,13,0,1,0,,,,,,,,,,,,,,,,,,,,,,,,,,,,,,,
12,D.Williams,00-0030073,yes,BUF,SS,0,0,1,0,1,,,,,,,,,,,,,,,,,,,,,,,,,,,,,,,,,,,,,,,,,,,,,,,,,,
12,C.Graham,00-0025555,yes,BUF,FS,0,0,0,0,3,,,,,,,,,,,,,,,,,,,,,,,,,,,,,,,,,,,,,,,,,,,,,,,,,,
12,S.Charles,00-0030132,yes,BUF,DT,0,0,0,0,1,,,,,,,,,,,,,,,,,,,,,,,,,,,,,,,,,,,,,,,,,,,,,,,,,,
12,Ma.Williams,00-0023750,yes,BUF,DE,0,0,0,2,3,,,,,,,,,,,,,,,,,,,,,,,,,,,,,,,,,,,,,,,,,,,,,,,,,,
12,R.Cockrell,00-0031016,yes,BUF,DB,0,0,0,0,1,,,,,,,,,,,,,,,,,,,,,,,,,,,,,,,,,,,,,,,,,,,,,,,,,,
12,K.Williams,00-0024348,yes,BUF,DT,0,0,0,1,1,,,,,,,,,,,,,,,,,,,,,,,,,,,,,,,,,,,,,,,,,,,,,,,,,,
12,N.Robey,00-0030041,yes,BUF,DB,0,0,0,1,3,,,,,,,,,,,,,,,,,,,,,,,,,,,,,,,,,,,,,,,,,,,,,,,,,,
12,P.Brown,00-0031171,yes,BUF,MLB,2,0,0,0,3,,,,,,,,,,,,,,,,,,,,,,,,,,,,,,,,,,,,,,,,,,,,,,,,,,
12,D.Searcy,00-0028038,yes,BUF,SS,1,0,0,0,2,,,,,,,,,,,,,,,,,,,,,,,,,,,,,,,,,,,,,,,,,,,,,,,,,,
12,T.Powell,00-0030118,yes,BUF,LB,0,0,0,1,1,,,,,,,,,,,,,,,,,,,,,,,,,,,,,,,,,,,,,,,,,,,,,,,,,,
12,L.Dean,00-0028260,yes,BUF,,0,0,0,0,1,,,,,,,,,,,,,,,,,,,,,,,,,,,,,,,,,,,,,,,,,,,,,,,,,,
12,S.Gilmore,00-0029542,yes,BUF,CB,1,0,0,0,2,,,,,,,,,,,,,,,,,,,,,,,,,,,,,,,,,,,,,,,,,,,,,,,,,,
12,N.Bradham,00-0029272,yes,BUF,OLB,3,0,0,0,5,,,,,,,,,,,,,,,,,,,,,,,,,,,,,,,,,,,,,,,,,,,,,,,,,,
12,M.Dareus,00-0027941,yes,BUF,DT,1,0,0,0,0,,,,,,,,,,,,,,,,,,,,,,,,,,,,,,,,,,,,,,,,,,,,,,,,,,
12,C.Bryant,00-0028707,yes,BUF,DT,0,0,0,0,1,,,,,,,,,,,,,,,,,,,,,,,,,,,,,,,,,,,,,,,,,,,,,,,,,,
12,R.Brooks,00-0029280,yes,BUF,CB,0,0,0,0,3,,,,,,,,,,,,,,,,,,,,,,,,,,,,,,,,,,,,,,,,,,,,,,,,,,
12,J.Hughes,00-0027881,yes,BUF,DE,1,0,0,2,4,,,,,,,,,,,,,,,,,,,,,,,,,,,,,,,,,,,,,,,,,,,,,,,,,,
12,A.Williams,00-0027972,yes,BUF,SS,1,0,0,0,1,,,,,,,,,,,,,,,,,,,,,,,,,,,,,,,,,,,,,,,,,,,,,,,,,,
12,B.Spikes,00-0027668,yes,BUF,,0,0,0,0,2,,,,,,,,,,,,,,,,,,,,,,,,,,,,,,,,,,,,,,,,,,,,,,,,,,
12,G.Smith,00-0030565,no,NYJ,QB,,,,,,,,,,,,,,,,,,,,,,,,,12,10,0,0,0,0,89,,,,,,,,,,,,,,,,,,2,4,0,0,0,0,4
12,M.Vick,00-0020245,no,NYJ,QB,,,,,,,,,,,,,,,,,,,,,,,,,19,7,1,0,0,0,76,,,,,,,,,,,,,,,,,,2,3,0,0,0,0,4
12,J.Conner,00-0027739,no,NYJ,,,,,,,,,,,,,,,,,,,,,7,7,0,1,0,,,,,,,,,,,,,,,,,,,,,,,,,1,13,0,0,0,0,13
12,C.Johnson,00-0026164,no,NYJ,RB,,,,,,,,,,,,,,,,,,,,,,,,,,,,,,,,,,,,,,,,,,9,0,3,0,0,0,22,7,15,0,0,0,0,40
12,C.Ivory,00-0027531,no,NYJ,RB,,,,,,,,,,,,,,,,,,,,,,,,,,,,,,,,,,,,,,,,,,6,0,3,0,0,0,7,7,17,0,0,0,0,31
12,J.Kerley,00-0028091,no,NYJ,WR,,,,,,,,,,,,,,,,,,,,,,,,,,,,,,,,,,,,,14,41,0,3,0,28,0,5,0,0,0,66,,,,,,,
12,P.Harvin,00-0026998,no,NYJ,WR,,,,,,,,,,,,,,,,,,,,16,23,0,5,0,,,,,,,,,,,,,,,,,,2,0,1,0,0,0,2,,,,,,,
12,J.Cumberland,00-0027321,no,NYJ,TE,,,,,,,,,,,,,,,,,,,,,,,,,,,,,,,,,,,,,,,,,,5,0,1,0,0,0,5,,,,,,,
12,E.Decker,00-0027690,no,NYJ,WR,,,,,,,,,,,,,,,,,,,,,,,,,,,,,,,,,,,,,,,,,,34,0,4,0,0,0,63,,,,,,,
12,N.Folk,00-0025565,no,NYJ,K,,,,,,,,,,,1,1,27,3,0,0,0,0,0,,,,,,,,,,,,,,,,,,,,,,,,,,,,,,,,,,,,
12,R.Quigley,00-0029493,no,NYJ,P,,,,,,,,,,,,,,,,,,,,,,,,,,,,,,,,36,4,59,7,311,,,,,,,,,,,,,,,,,,,
12,P.Adams,00-0027610,no,NYJ,DB,0,0,0,0,1,,,,,,,,,,,,,,,,,,,,,,,,,,,,,,,,,,,,,,,,,,,,,,,,,,
12,D.Davis,00-0029607,no,NYJ,ILB,2,0,0,0,6,,,,,,,,,,,,,,,,,,,,,,,,,,,,,,,,,,,,,,,,,,,,,,,,,,
12,D.Landry,00-0024360,no,NYJ,,2,0,0,0,4,,,,,,,,,,,,,,,,,,,,,,,,,,,,,,,,,,,,,,,,,,,,,,,,,,
12,D.Harrison,00-0029040,no,NYJ,NT,0,0,0,0,3,,,,,,,,,,,,,,,,,,,,,,,,,,,,,,,,,,,,,,,,,,,,,,,,,,
12,M.Williams,00-0031151,no,NYJ,CB,0,0,0,0,2,,,,,,,,,,,,,,,,,,,,,,,,,,,,,,,,,,,,,,,,,,,,,,,,,,
12,D.Harris,00-0025434,no,NYJ,ILB,2,0,0,0,4,,,,,,,,,,,,,,,,,,,,,,,,,,,,,,,,,,,,,,,,,,,,,,,,,,
12,C.Pryor,00-0031343,no,NYJ,SS,1,0,0,0,1,,,,,,,,,,,,,,,,,,,,,,,,,,,,,,,,,,,,,,,,,,,,,,,,,,
12,T.Barnes,00-0029940,no,NYJ,DT,0,0,0,0,3,,,,,,,,,,,,,,,,,,,,,,,,,,,,,,,,,,,,,,,,,,,,,,,,,,
12,T.Reilly,00-0031000,no,NYJ,OLB,1,0,0,0,1,,,,,,,,,,,,,,,,,,,,,,,,,,,,,,,,,,,,,,,,,,,,,,,,,,
12,A.Allen,00-0029553,no,NYJ,DB,0,0,0,0,1,,,,,,,,,,,,,,,,,,,,,,,,,,,,,,,,,,,,,,,,,,,,,,,,,,
12,C.Pace,00-0022120,no,NYJ,OLB,1,0,0,0,3,,,,,,,,,,,,,,,,,,,,,,,,,,,,,,,,,,,,,,,,,,,,,,,,,,
12,L.Douzable,00-0025942,no,NYJ,DE,2,0,0,0.5,2,,,,,,,,,,,,,,,,,,,,,,,,,,,,,,,,,,,,,,,,,,,,,,,,,,
12,D.Walls,00-0028334,no,NYJ,CB,0,0,0,0,7,,,,,,,,,,,,,,,,,,,,,,,,,,,,,,,,,,,,,,,,,,,,,,,,,,
12,K.Ellis,00-0028032,no,NYJ,,1,0,0,0,0,,,,,,,,,,,,,,,,,,,,,,,,,,,,,,,,,,,,,,,,,,,,,,,,,,
12,Q.Coples,00-0029559,no,NYJ,OLB,2,0,0,0.5,3,,,,,,,,,,,,,,,,,,,,,,,,,,,,,,,,,,,,,,,,,,,,,,,,,,
12,S.Richardson,00-0030573,no,NYJ,DE,0,0,0,0,1,,,,,,,,,,,,,,,,,,,,,,,,,,,,,,,,,,,,,,,,,,,,,,,,,,
12,J.Jarrett,00-0027992,no,NYJ,FS,0,0,0,0,1,,,,,,,,,,,,,,,,,,,,,,,,,,,,,,,,,,,,,,,,,,,,,,,,,,
12,M.Wilkerson,00-0027968,no,NYJ,DE,0,0,0,0,1,,,,,,,,,,,,,,,,,,,,,,,,,,,,,,,,,,,,,,,,,,,,,,,,,,
12,J.Cutler,00-0024226,yes,CHI,QB,,,,,,1,0,1,0,0,,,,,,,,,,,,,,,27,17,0,1,0,0,130,,,,,,,,,,,,,,,,,,,,,,,,
12,M.Forte,00-0026184,yes,CHI,RB,,,,,,,,,,,,,,,,,,,,,,,,,,,,,,,,,,,,,,,,,,9,0,5,0,0,0,23,23,13,13,2,0,0,89
12,K.Carey,00-0031057,yes,CHI,RB,,,,,,,,,,,,,,,,,,,,,,,,,,,,,,,,,,,,,,,,,,,,,,,,,3,3,0,0,0,0,3
12,M.Bennett,00-0026201,yes,CHI,TE,,,,,,,,,,,,,,,,,,,,,,,,,,,,,,,,,,,,,,,,,,26,0,4,0,0,0,37,,,,,,,
12,A.Jeffery,00-0029137,yes,CHI,WR,,,,,,,,,,,,,,,,,,,,,,,,,,,,,,,,,,,,,,,,,,16,2,3,1,0,0,22,,,,,,,
12,M.Wilson,00-0030047,yes,CHI,WR,,,,,,,,,,,,,,,,,,,,,,,,,,,,,,,,,,,,,,,,,,10,0,1,0,0,0,10,,,,,,,
12,D.Rosario,00-0025542,yes,CHI,,,,,,,,,,,,,,,,,,,,,-3,-3,0,1,0,,,,,,,,,,,,,,,,,,6,0,1,0,0,0,6,,,,,,,
12,B.Marshall,00-0024334,yes,CHI,WR,,,,,,,,,,,,,,,,,,,,,,,,,,,,,,,,,,,,,,,,,,15,0,3,0,0,0,32,,,,,,,
12,C.Jones,00-0031130,yes,CHI,ILB,1,0,0,0,4,0,0,0,1,2,,,,,,,,,,,,,,,,,,,,,,,,,,,,,,,,,,,,,,,,,,,,,
12,T.Jennings,00-0024277,yes,CHI,CB,0,0,0,0,2,0,0,0,1,17,,,,,,,,,,,,,,,,,,,,,,,,,,,,,,,,,,,,,,,,,,,,,
12,R.Gould,00-0023252,yes,CHI,K,,,,,,,,,,,1,0,0,0,3,0,3,0,3,,,,,,,,,,,,,,,,,,,,,,,,,,,,,,,,,,,,
12,P.O'Donnell,00-0031079,yes,CHI,P,,,,,,,,,,,,,,,,,,,,,,,,,,,,,,,,39,2,52,9,367,,,,,,,,,,,,,,,,,,,
12,M.Mariani,00-0027816,yes,CHI,WR,,,,,,,,,,,,,,,,,,,,23,30,0,2,0,,,,,,,,,,,,,0,1,0,3,0,,,,,,,,,,,,,,
12,A.Louis-Jean,00-0031352,yes,CHI,,0,0,0,0,1,,,,,,,,,,,,,,,,,,,,,,,,,,,,,,,,,,,,,,,,,,,,,,,,,,
12,C.Washington,00-0030048,yes,CHI,DE,0,0,0,1,2,,,,,,,,,,,,,,,,,,,,,,,,,,,,,,,,,,,,,,,,,,,,,,,,,,
12,D.Williams,00-0022780,yes,CHI,,1,0,0,0,1,,,,,,,,,,,,,,,,,,,,,,,,,,,,,,,,,,,,,,,,,,,,,,,,,,
12,J.Bostic,00-0030064,yes,CHI,OLB,1,0,0,0,1,,,,,,,,,,,,,,,,,,,,,,,,,,,,,,,,,,,,,,,,,,,,,,,,,,
12,R.Mundy,00-0026334,yes,CHI,SS,1,0,1,0,6,,,,,,,,,,,,,,,,,,,,,,,,,,,,,,,,,,,,,,,,,,,,,,,,,,
12,D.Hurst,00-0030275,yes,CHI,,1,1,0,0,5,,,,,,,,,,,,,,,,,,,,,,,,,,,,,,,,,,,,,,,,,,,,,,,,,,
12,B.Vereen,00-0031063,yes,CHI,,0,0,0,0,1,,,,,,,,,,,,,,,,,,,,,,,,,,,,,,,,,,,,,,,,,,,,,,,,,,
12,C.Conte,00-0028031,yes,CHI,SS,0,0,1,0,4,,,,,,,,,,,,,,,,,,,,,,,,,,,,,,,,,,,,,,,,,,,,,,,,,,
12,S.Paea,00-0027991,yes,CHI,DE,0,1,0,2,3,,,,,,,,,,,,,,,,,,,,,,,,,,,,,,,,,,,,,,,,,,,,,,,,,,
12,K.Fuller,00-0031041,yes,CHI,CB,0,0,0,0,6,,,,,,,,,,,,,,,,,,,,,,,,,,,,,,,,,,,,,,,,,,,,,,,,,,
12,E.Ferguson,00-0031043,yes,CHI,DT,1,0,0,0,0,,,,,,,,,,,,,,,,,,,,,,,,,,,,,,,,,,,,,,,,,,,,,,,,,,
12,D.Bass,00-0030517,yes,CHI,LB,0,1,0,1,1,,,,,,,,,,,,,,,,,,,,,,,,,,,,,,,,,,,,,,,,,,,,,,,,,,
12,S.McClellin,00-0029250,yes,CHI,ILB,1,0,0,0,0,,,,,,,,,,,,,,,,,,,,,,,,,,,,,,,,,,,,,,,,,,,,,,,,,,
12,W.Sutton,00-0031048,yes,CHI,DE,0,0,0,0,1,,,,,,,,,,,,,,,,,,,,,,,,,,,,,,,,,,,,,,,,,,,,,,,,,,
12,L.Briggs,00-0022128,yes,CHI,,3,0,0,0,3,,,,,,,,,,,,,,,,,,,,,,,,,,,,,,,,,,,,,,,,,,,,,,,,,,
12,J.Ratliff,00-0023656,yes,CHI,DT,0,0,0,1,4,,,,,,,,,,,,,,,,,,,,,,,,,,,,,,,,,,,,,,,,,,,,,,,,,,
12,J.Allen,00-0022740,yes,CHI,OLB,0,0,0,0,2,,,,,,,,,,,,,,,,,,,,,,,,,,,,,,,,,,,,,,,,,,,,,,,,,,
12,J.McCown,00-0021206,no,TB,QB,,,,,,1,1,2,1,0,,,,,,,,,,,,,,,48,25,2,1,0,0,341,,,,,,,,,,,,,,,,,,3,10,0,0,0,0,12
12,J.Lane,00-0029619,no,TB,FB,,,,,,,,,,,,,,,,,,,,,,,,,,,,,,,,,,,,,,,,,,,,,,,,,1,2,0,0,0,0,2
12,C.Sims,00-0031390,no,TB,RB,,,,,,,,,,,,,,,,,,,,,,,,,,,,,,,,,,,,,,,,,,9,0,2,0,0,0,11,6,10,0,0,0,0,22
12,D.Martin,00-0029613,no,TB,RB,,,,,,,,,,,,,,,,,,,,,,,,,,,,,,,,,,,,,,,,,,4,0,1,0,0,0,4,11,10,0,0,0,0,27
12,B.Rainey,00-0029384,no,TB,RB,,,,,,,,,,,,,,,,,,,,,,,,,,,,,,,,,,,,,,,,,,6,0,4,0,0,0,18,1,3,0,0,0,0,3
12,M.Evans,00-0031408,no,TB,WR,,,,,,,,,,,,,,,,,,,,,,,,,,,,,,,,,,,,,,,,,,19,19,3,1,0,0,47,,,,,,,
12,A.Seferian-Jenkins,00-0031418,no,TB,TE,,,,,,,,,,,,,,,,,,,,,,,,,,,,,,,,,,,,,,,,,,11,0,2,0,0,0,16,,,,,,,
12,L.Stocker,00-0028042,no,TB,TE,,,,,,,,,,,,,,,,,,,,,,,,,,,,,,,,,,,,,,,,,,6,0,1,0,0,0,6,,,,,,,
12,B.Myers,00-0027135,no,TB,TE,,,,,,,,,,,,,,,,,,,,,,,,,,,,,,,,,,,,,,,,,,9,0,1,0,0,0,9,,,,,,,
12,L.Murphy,00-0027089,no,TB,WR,,,,,,,,,,,,,,,,,,,,,,,,,,,,,,,,,,,,,,,,,,54,0,6,0,0,0,113,,,,,,,
12,V.Jackson,00-0023496,no,TB,WR,,,,,,1,0,1,0,0,,,,,,,,,,,,,,,,,,,,,,,,,,,,,,,,40,0,5,0,0,0,117,,,,,,,
12,M.Thigpen,00-0026577,no,TB,WR,,,,,,0,1,1,1,0,,,,,,,,,,14,21,0,3,0,,,,,,,,,,,,,6,12,0,2,0,,,,,,,,,,,,,,
12,C.McDonald,00-0026964,no,TB,DT,0,0,0,1,2,0,0,0,1,3,,,,,,,,,,,,,,,,,,,,,,,,,,,,,,,,,,,,,,,,,,,,,
12,P.Murray,00-0030626,no,TB,K,,,,,,,,,,,2,2,39,6,1,0,1,0,1,,,,,,,,,,,,,,,,,,,,,,,,,,,,,,,,,,,,
12,M.Koenen,00-0023234,no,TB,,,,,,,,,,,,,,,,,,,,,,,,,,,,,,,,,37,1,53,6,243,,,,,,,,,,,,,,,,,,,
12,A.Spence,00-0030402,no,TB,DT,0,0,0,0,1,,,,,,,,,,,,,,,,,,,,,,,,,,,,,,,,,,,,,,,,,,,,,,,,,,
12,I.Frey,00-0029299,no,TB,,0,0,0,0,1,,,,,,,,,,,,,,,,,,,,,,,,,,,,,,,,,,,,,,,,,,,,,,,,,,
12,D.Fletcher,00-0027237,no,TB,LB,0,0,0,0,1,,,,,,,,,,,,,,,,,,,,,,,,,,,,,,,,,,,,,,,,,,,,,,,,,,
12,D.Lansanah,00-0026028,no,TB,OLB,1,0,0,0,6,,,,,,,,,,,,,,,,,,,,,,,,,,,,,,,,,,,,,,,,,,,,,,,,,,
12,M.Wright,00-0027680,no,TB,SS,0,0,0,0,2,,,,,,,,,,,,,,,,,,,,,,,,,,,,,,,,,,,,,,,,,,,,,,,,,,
12,M.Foster,00-0028022,no,TB,LB,1,0,0,0,7,,,,,,,,,,,,,,,,,,,,,,,,,,,,,,,,,,,,,,,,,,,,,,,,,,
12,B.McDougald,00-0030161,no,TB,FS,0,0,0,0,4,,,,,,,,,,,,,,,,,,,,,,,,,,,,,,,,,,,,,,,,,,,,,,,,,,
12,M.Johnson,00-0027044,no,TB,DE,0,0,0,0,1,,,,,,,,,,,,,,,,,,,,,,,,,,,,,,,,,,,,,,,,,,,,,,,,,,
12,L.Johnson,00-0029087,no,TB,CB,0,0,0,0,1,,,,,,,,,,,,,,,,,,,,,,,,,,,,,,,,,,,,,,,,,,,,,,,,,,
12,A.Verner,00-0027705,no,TB,CB,1,0,0,0,3,,,,,,,,,,,,,,,,,,,,,,,,,,,,,,,,,,,,,,,,,,,,,,,,,,
12,D.Goldson,00-0025513,no,TB,FS,1,0,0,0,2,,,,,,,,,,,,,,,,,,,,,,,,,,,,,,,,,,,,,,,,,,,,,,,,,,
12,W.Gholston,00-0030386,no,TB,DE,0,0,0,0,1,,,,,,,,,,,,,,,,,,,,,,,,,,,,,,,,,,,,,,,,,,,,,,,,,,
12,J.Smith,00-0029112,no,TB,DE,0,0,0,1,2,,,,,,,,,,,,,,,,,,,,,,,,,,,,,,,,,,,,,,,,,,,,,,,,,,
12,O.Lemon,00-0028666,no,TB,,0,0,0,0,1,,,,,,,,,,,,,,,,,,,,,,,,,,,,,,,,,,,,,,,,,,,,,,,,,,
12,J.Banks,00-0030469,no,TB,CB,0,0,0,0,3,,,,,,,,,,,,,,,,,,,,,,,,,,,,,,,,,,,,,,,,,,,,,,,,,,
12,G.McCoy,00-0027856,no,TB,DT,0,1,0,1,3,,,,,,,,,,,,,,,,,,,,,,,,,,,,,,,,,,,,,,,,,,,,,,,,,,
12,R.Mallett,00-0028012,yes,HOU,QB,,,,,,,,,,,,,,,,,,,,,,,,,45,21,1,0,0,0,189,,,,,,,,,,,,,,,,,,1,2,0,0,0,0,2
12,A.Blue,00-0031075,yes,HOU,RB,,,,,,,,,,,,,,,,,,,,,,,,,,,,,,,,,,,,,,,,,,11,0,3,0,0,0,20,16,9,0,0,0,0,46
12,J.Grimes,00-0029510,yes,HOU,RB,,,,,,,,,,,,,,,,,,,,,,,,,,,,,,,,,,,,,,,,,,16,0,3,0,0,0,32,2,8,0,0,0,0,16
12,D.Johnson,00-0029435,yes,HOU,,,,,,,,,,,,,,,,,,,,,,,,,,,,,,,,,,,,,,,,,,,11,0,3,0,0,0,21,,,,,,,
12,A.Johnson,00-0022044,yes,HOU,WR,,,,,,,,,,,,,,,,,,,,,,,,,,,,,,,,,,,,,,,,,,22,0,3,0,0,0,36,,,,,,,
12,D.Hopkins,00-0030564,yes,HOU,WR,,,,,,,,,,,,,,,,,,,,,,,,,,,,,,,,,,,,,,,,,,13,0,5,0,0,0,39,,,,,,,
12,G.Graham,00-0027718,yes,HOU,TE,,,,,,,,,,,,,,,,,,,,,,,,,,,,,,,,,,,,,,,,,,16,0,4,0,0,0,41,,,,,,,
12,R.Bullock,00-0029421,yes,HOU,,,,,,,,,,,,2,2,36,6,1,0,1,0,1,,,,,,,,,,,,,,,,,,,,,,,,,,,,,,,,,,,,
12,S.Lechler,00-0019714,yes,HOU,P,,,,,,,,,,,,,,,,,,,,,,,,,,,,,,,,43,1,58,5,236,,,,,,,,,,,,,,,,,,,
12,D.Manning,00-0024257,yes,HOU,,2,0,0,0,3,,,,,,,,,,,,,,,23,23,0,1,0,,,,,,,,,,,,,,,,,,,,,,,,,,,,,,,
12,K.Martin,00-0029415,yes,HOU,WR,,,,,,,,,,,,,,,,,,,,,,,,,,,,,,,,,,,,,3,4,0,2,0,,,,,,,,,,,,,,
12,J.Joseph,00-0024239,yes,HOU,CB,1,0,1,0,2,,,,,,,,,,,,,,,,,,,,,,,,,,,,,,,,,,,,,,,,,,,,,,,,,,
12,D.Morris,00-0029888,yes,HOU,DB,3,0,0,0,7,,,,,,,,,,,,,,,,,,,,,,,,,,,,,,,,,,,,,,,,,,,,,,,,,,
12,J.Crick,00-0029417,yes,HOU,DE,7,0,0,0,2,,,,,,,,,,,,,,,,,,,,,,,,,,,,,,,,,,,,,,,,,,,,,,,,,,
12,A.Dent,00-0028029,yes,HOU,ILB,2,0,0,0,3,,,,,,,,,,,,,,,,,,,,,,,,,,,,,,,,,,,,,,,,,,,,,,,,,,
12,T.Jamison,00-0026798,yes,HOU,,1,0,0,0,1,,,,,,,,,,,,,,,,,,,,,,,,,,,,,,,,,,,,,,,,,,,,,,,,,,
12,B.Cushing,00-0026991,yes,HOU,ILB,5,0,0,0,3,,,,,,,,,,,,,,,,,,,,,,,,,,,,,,,,,,,,,,,,,,,,,,,,,,
12,J.Rolle,00-0029876,yes,HOU,DB,1,0,0,0,2,,,,,,,,,,,,,,,,,,,,,,,,,,,,,,,,,,,,,,,,,,,,,,,,,,
12,J.Pagan,00-0031074,yes,HOU,DE,1,0,0,0,1,,,,,,,,,,,,,,,,,,,,,,,,,,,,,,,,,,,,,,,,,,,,,,,,,,
12,J.Clowney,00-0031364,yes,HOU,OLB,2,0,0,0,1,,,,,,,,,,,,,,,,,,,,,,,,,,,,,,,,,,,,,,,,,,,,,,,,,,
12,B.Reed,00-0027980,yes,HOU,LB,2,0,0,0,1,,,,,,,,,,,,,,,,,,,,,,,,,,,,,,,,,,,,,,,,,,,,,,,,,,
12,K.Lewis,00-0027736,yes,HOU,FS,5,0,0,0,4,,,,,,,,,,,,,,,,,,,,,,,,,,,,,,,,,,,,,,,,,,,,,,,,,,
12,W.Mercilus,00-0029643,yes,HOU,OLB,3,0,0,0,2,,,,,,,,,,,,,,,,,,,,,,,,,,,,,,,,,,,,,,,,,,,,,,,,,,
12,J.Powe,00-0028137,yes,HOU,,2,0,0,0,0,,,,,,,,,,,,,,,,,,,,,,,,,,,,,,,,,,,,,,,,,,,,,,,,,,
12,A.Bouye,00-0030228,yes,HOU,CB,0,0,0,0,4,,,,,,,,,,,,,,,,,,,,,,,,,,,,,,,,,,,,,,,,,,,,,,,,,,
12,D.Swearinger,00-0030566,yes,HOU,DB,0,0,0,0,3,,,,,,,,,,,,,,,,,,,,,,,,,,,,,,,,,,,,,,,,,,,,,,,,,,
12,R.Pickett,00-0020515,yes,HOU,,2,0,0,0,2,,,,,,,,,,,,,,,,,,,,,,,,,,,,,,,,,,,,,,,,,,,,,,,,,,
12,J.Watt,00-0027949,yes,HOU,DE,3,0,0,0,4,,,,,,,,,,,,,,,,,,,,,,,,,,,,,,,,,,,,,,,,,,,,,,,,,,
12,M.Mohamed,00-0028127,yes,HOU,OLB,3,0,0,0,2,,,,,,,,,,,,,,,,,,,,,,,,,,,,,,,,,,,,,,,,,,,,,,,,,,
12,A.Dalton,00-0027973,no,CIN,QB,,,,,,0,1,1,1,0,,,,,,,,,,,,,,,35,24,1,1,0,0,233,,,,,,,,,,,,,,,,,,7,3,0,0,0,0,6
12,M.Sanu,00-0029632,no,CIN,WR,,,,,,,,,,,,,,,,,,,,,,,,,,,,,,,,,,,,,,,,,,12,6,5,1,0,0,48,1,1,0,0,0,0,1
12,G.Bernard,00-0030456,no,CIN,RB,,,,,,,,,,,,,,,,,,,,,,,,,,,,,,,,,,,,,,,,,,13,0,2,0,0,0,22,17,19,0,0,0,0,45
12,J.Hill,00-0031301,no,CIN,RB,,,,,,,,,,,,,,,,,,,,,,,,,,,,,,,,,,,,,,,,,,9,0,1,0,0,0,9,18,30,2,1,0,0,87
12,J.Gresham,00-0027873,no,CIN,TE,,,,,,,,,,,,,,,,,,,,,,,,,,,,,,,,,,,,,,,,,,19,0,4,0,0,0,33,,,,,,,
12,A.Green,00-0027942,no,CIN,WR,,,,,,,,,,,,,,,,,,,,,,,,,,,,,,,,,,,,,,,,,,20,0,12,0,0,0,121,,,,,,,
12,M.Nugent,00-0023482,no,CIN,K,,,,,,,,,,,2,2,49,6,2,0,2,0,2,,,,,,,,,,,,,,,,,,,,,,,,,,,,,,,,,,,,
12,K.Huber,00-0027103,no,CIN,P,,,,,,,,,,,,,,,,,,,,,,,,,,,,,,,,47,4,54,4,193,,,,,,,,,,,,,,,,,,,
12,B.Tate,00-0027057,no,CIN,WR,,,,,,,,,,,,,,,,,,,,25,25,0,1,0,,,,,,,,,,,,,,,,,,,,,,,,,,,,,,,
12,A.Jones,00-0023441,no,CIN,CB,0,0,0,0,2,,,,,,,,,,,,,,,28,33,0,3,0,,,,,,,,,,,,,6,19,0,3,0,,,,,,,,,,,,,,
12,W.Clarke,00-0031304,no,CIN,DE,0,0,0,0,1,,,,,,,,,,,,,,,,,,,,,,,,,,,,,,,,,,,,,,,,,,,,,,,,,,
12,E.Lamur,00-0029479,no,CIN,OLB,4,0,0,0,4,,,,,,,,,,,,,,,,,,,,,,,,,,,,,,,,,,,,,,,,,,,,,,,,,,
12,V.Rey,00-0027245,no,CIN,OLB,6,0,0,0,4,,,,,,,,,,,,,,,,,,,,,,,,,,,,,,,,,,,,,,,,,,,,,,,,,,
12,B.Thompson,00-0029684,no,CIN,DT,1,0,0,0,2,,,,,,,,,,,,,,,,,,,,,,,,,,,,,,,,,,,,,,,,,,,,,,,,,,
12,T.Newman,00-0022045,no,CIN,CB,1,0,0,0,2,,,,,,,,,,,,,,,,,,,,,,,,,,,,,,,,,,,,,,,,,,,,,,,,,,
12,W.Gilberry,00-0026105,no,CIN,DE,2,0,0,0,0,,,,,,,,,,,,,,,,,,,,,,,,,,,,,,,,,,,,,,,,,,,,,,,,,,
12,R.Maualuga,00-0027014,no,CIN,MLB,2,0,1,0,4,,,,,,,,,,,,,,,,,,,,,,,,,,,,,,,,,,,,,,,,,,,,,,,,,,
12,G.Atkins,00-0027720,no,CIN,DT,0,0,0,0,2,,,,,,,,,,,,,,,,,,,,,,,,,,,,,,,,,,,,,,,,,,,,,,,,,,
12,R.Nelson,00-0025408,no,CIN,FS,0,0,0,0,4,,,,,,,,,,,,,,,,,,,,,,,,,,,,,,,,,,,,,,,,,,,,,,,,,,
12,C.Dunlap,00-0027662,no,CIN,DE,3,0,0,1,2,,,,,,,,,,,,,,,,,,,,,,,,,,,,,,,,,,,,,,,,,,,,,,,,,,
12,D.Still,00-0029258,no,CIN,,0,0,0,0,1,,,,,,,,,,,,,,,,,,,,,,,,,,,,,,,,,,,,,,,,,,,,,,,,,,
12,G.Iloka,00-0029215,no,CIN,SS,2,0,0,0,2,,,,,,,,,,,,,,,,,,,,,,,,,,,,,,,,,,,,,,,,,,,,,,,,,,
12,L.Hall,00-0025405,no,CIN,CB,1,0,0,0,3,,,,,,,,,,,,,,,,,,,,,,,,,,,,,,,,,,,,,,,,,,,,,,,,,,
12,A.Luck,00-0029668,yes,IND,QB,,,,,,2,1,4,1,-7,,,,,,,,,,,,,,,32,21,0,1,0,0,253,,,,,,,,,,,,,,,,,,8,20,0,0,0,0,49
12,D.Moncrief,00-0031339,yes,IND,WR,,,,,,,,,,,,,,,,,,,,,,,,,,,,,,,,,,,,,,,,,,16,0,4,0,0,0,38,1,4,0,0,0,0,4
12,T.Hilton,00-0029608,yes,IND,WR,,,,,,0,0,1,0,0,,,,,,,,,,,,,,,,,,,,,,,,,,,,,,,,73,73,4,1,0,0,122,1,15,0,0,0,0,15
12,D.Herron,00-0029588,yes,IND,,,,,,,1,0,1,0,0,,,,,,,,,,,,,,,,,,,,,,,,,,,,,,,,14,0,5,0,0,0,31,12,18,0,0,0,0,65
12,T.Richardson,00-0029675,yes,IND,,,,,,,,,,,,,,,,,,,,,,,,,,,,,,,,,,,,,,,,,,,,,,,,,,13,12,1,1,0,0,42
12,J.Doyle,00-0030181,yes,IND,TE,,,,,,,,,,,,,,,,,,,,,,,,,,,,,,,,,,,,,,,,,,7,0,2,0,0,0,8,,,,,,,
12,C.Fleener,00-0029697,yes,IND,TE,,,,,,,,,,,,,,,,,,,,,,,,,,,,,,,,,,,,,,,,,,14,0,2,0,0,0,28,,,,,,,
12,R.Wayne,00-0020498,yes,IND,,,,,,,,,,,,,,,,,,,,,,,,,,,,,,,,,,,,,,,,,,,8,0,3,0,0,0,10,,,,,,,
12,H.Nicks,00-0027005,yes,IND,,,,,,,,,,,,,,,,,,,,,,,,,,,,,,,,,,,,,,,,,,,16,0,1,0,0,0,16,,,,,,,
12,D.Jackson,00-0024249,yes,IND,ILB,8,0,0,1,5,0,0,0,1,0,,,,,,,,,,,,,,,,,,,,,,,,,,,,,,,,,,,,,,,,,,,,,
12,H.Thornton,00-0030071,yes,IND,G,,,,,,0,1,0,1,0,,,,,,,,,,,,,,,,,,,,,,,,,,,,,,,,,,,,,,,,,,,,,
12,A.Vinatieri,00-0016919,yes,IND,K,,,,,,,,,,,3,3,46,9,2,0,2,0,2,,,,,,,,,,,,,,,,,,,,,,,,,,,,,,,,,,,,
12,P.McAfee,00-0027145,yes,IND,P,,,,,,,,,,,,,,,,,,,,,,,,,,,,,,,,48,2,53,3,146,,,,,,,,,,,,,,,,,,,
12,J.Cribbs,00-0023176,yes,IND,,,,,,,,,,,,,,,,,,,,,32,46,0,2,0,,,,,,,,,,,,,9,18,0,5,0,,,,,,,,,,,,,,
12,M.Adams,00-0022247,yes,IND,SS,2,0,0,0,3,,,,,,,,,,,,,,,,,,,,,,,,,,,,,,,,,,,,,,,,,,,,,,,,,,
12,J.Freeman,00-0025920,yes,IND,ILB,5,0,0,0.5,4,,,,,,,,,,,,,,,,,,,,,,,,,,,,,,,,,,,,,,,,,,,,,,,,,,
12,M.Hughes,00-0030082,yes,IND,,0,0,0,0,1,,,,,,,,,,,,,,,,,,,,,,,,,,,,,,,,,,,,,,,,,,,,,,,,,,
12,C.Redding,00-0021998,yes,IND,DE,0,0,0,0,1,,,,,,,,,,,,,,,,,,,,,,,,,,,,,,,,,,,,,,,,,,,,,,,,,,
12,V.Davis,00-0027001,yes,IND,CB,0,0,1,0,2,,,,,,,,,,,,,,,,,,,,,,,,,,,,,,,,,,,,,,,,,,,,,,,,,,
12,E.Walden,00-0026307,yes,IND,OLB,1,0,0,0,2,,,,,,,,,,,,,,,,,,,,,,,,,,,,,,,,,,,,,,,,,,,,,,,,,,
12,D.Butler,00-0027017,yes,IND,CB,0,0,0,0,2,,,,,,,,,,,,,,,,,,,,,,,,,,,,,,,,,,,,,,,,,,,,,,,,,,
12,L.Purifoy,00-0030853,yes,IND,,0,0,0,0,1,,,,,,,,,,,,,,,,,,,,,,,,,,,,,,,,,,,,,,,,,,,,,,,,,,
12,S.Brown,00-0027232,yes,IND,FS,2,0,0,0,0,,,,,,,,,,,,,,,,,,,,,,,,,,,,,,,,,,,,,,,,,,,,,,,,,,
12,J.McNary,00-0029744,yes,IND,ILB,1,0,0,0,0,,,,,,,,,,,,,,,,,,,,,,,,,,,,,,,,,,,,,,,,,,,,,,,,,,
12,J.Gordy,00-0027503,yes,IND,,1,0,0,0,1,,,,,,,,,,,,,,,,,,,,,,,,,,,,,,,,,,,,,,,,,,,,,,,,,,
12,L.Landry,00-0025393,yes,IND,,2,0,0,1.5,3,,,,,,,,,,,,,,,,,,,,,,,,,,,,,,,,,,,,,,,,,,,,,,,,,,
12,A.Jones,00-0027756,yes,IND,DE,1,1,0,0,1,,,,,,,,,,,,,,,,,,,,,,,,,,,,,,,,,,,,,,,,,,,,,,,,,,
12,B.Werner,00-0030563,yes,IND,OLB,3,0,0,0,2,,,,,,,,,,,,,,,,,,,,,,,,,,,,,,,,,,,,,,,,,,,,,,,,,,
12,B.Bortles,00-0031407,no,JAC,QB,,,,,,0,1,1,1,0,,,,,,,,,,,,,,,27,15,1,0,0,0,146,,,,,,,,,,,,,,,,,,5,20,0,0,0,0,24
12,D.Robinson,00-0030547,no,JAC,RB,,,,,,1,0,1,0,0,,,,,,,,,,,,,,,,,,,,,,,,,,,,,,,,19,0,4,0,0,0,47,14,9,0,0,0,0,25
12,T.Gerhart,00-0027888,no,JAC,RB,,,,,,,,,,,,,,,,,,,,,,,,,,,,,,,,,,,,,,,,,,8,0,3,0,0,0,19,4,23,0,0,0,0,31
12,A.Hurns,00-0030821,no,JAC,WR,,,,,,,,,,,,,,,,,,,,,,,,,,,,,,,,,,,,,,,,,,13,0,1,0,0,0,13,,,,,,,
12,M.Lewis,00-0024243,no,JAC,TE,,,,,,,,,,,,,,,,,,,,,,,,,,,,,,,,,,,,,,,,,,-5,0,1,0,0,0,-5,,,,,,,
12,M.Lee,00-0031431,no,JAC,WR,,,,,,,,,,,,,,,,,,,,,,,,,,,,,,,,,,,,,,,,,,37,0,3,0,0,0,52,,,,,,,
12,C.Shorts,00-0028052,no,JAC,WR,,,,,,,,,,,,,,,,,,,,,,,,,,,,,,,,,,,,,,,,,,6,0,1,0,0,0,6,,,,,,,
12,J.Todman,00-0028121,no,JAC,RB,,,,,,,,,,,,,,,,,,,,,,,,,,,,,,,,,,,,,,,,,,10,0,2,0,0,0,14,,,,,,,
12,S.Marks,00-0027038,no,JAC,DT,1,0,0,0,2,0,0,0,1,0,,,,,,,,,,,,,,,,,,,,,,,,,,,,,,,,,,,,,,,,,,,,,
12,T.Smith,00-0031309,no,JAC,OLB,3,0,0,0,9,0,0,0,2,0,,,,,,,,,,,,,,,,,,,,,,,,,,,,,,,,,,,,,,,,,,,,,
12,J.Scobee,00-0022874,no,JAC,,,,,,,,,,,,1,1,28,3,0,0,0,0,0,,,,,,,,,,,,,,,,,,,,,,,,,,,,,,,,,,,,
12,B.Anger,00-0029692,no,JAC,P,,,,,,,,,,,,,,,,,,,,,,,,,,,,,,,,43,3,64,7,346,,,,,,,,,,,,,,,,,,,
12,A.Sanders,00-0030550,no,JAC,,,,,,,,,,,,,,,,,,,,,,,,,,,,,,,,,,,,,,1,3,0,2,0,,,,,,,,,,,,,,
12,R.Miller,00-0027055,no,JAC,DT,2,0,0,0,0,,,,,,,,,,,,,,,,,,,,,,,,,,,,,,,,,,,,,,,,,,,,,,,,,,
12,E.Hood,00-0027008,no,JAC,DE,1,0,0,0,2,,,,,,,,,,,,,,,,,,,,,,,,,,,,,,,,,,,,,,,,,,,,,,,,,,
12,D.Gratz,00-0030539,no,JAC,CB,1,1,0,0,2,,,,,,,,,,,,,,,,,,,,,,,,,,,,,,,,,,,,,,,,,,,,,,,,,,
12,R.Bryant,00-0026261,no,JAC,,0,1,0,0,3,,,,,,,,,,,,,,,,,,,,,,,,,,,,,,,,,,,,,,,,,,,,,,,,,,
12,A.Colvin,00-0031259,no,JAC,CB,0,0,0,0,1,,,,,,,,,,,,,,,,,,,,,,,,,,,,,,,,,,,,,,,,,,,,,,,,,,
12,S.Martin,00-0027035,no,JAC,,1,0,0,0,2,,,,,,,,,,,,,,,,,,,,,,,,,,,,,,,,,,,,,,,,,,,,,,,,,,
12,D.McCray,00-0030451,no,JAC,CB,0,0,0,0,2,,,,,,,,,,,,,,,,,,,,,,,,,,,,,,,,,,,,,,,,,,,,,,,,,,
12,J.Cyprien,00-0030538,no,JAC,SS,4,0,0,0,4,,,,,,,,,,,,,,,,,,,,,,,,,,,,,,,,,,,,,,,,,,,,,,,,,,
12,C.Clemons,00-0021577,no,JAC,DE,0,1,0,3,3,,,,,,,,,,,,,,,,,,,,,,,,,,,,,,,,,,,,,,,,,,,,,,,,,,
12,G.Hayes,00-0026315,no,JAC,,1,0,0,0,2,,,,,,,,,,,,,,,,,,,,,,,,,,,,,,,,,,,,,,,,,,,,,,,,,,
12,C.Smith,00-0031264,no,JAC,DE,0,1,0,1,1,,,,,,,,,,,,,,,,,,,,,,,,,,,,,,,,,,,,,,,,,,,,,,,,,,
12,R.Davis,00-0029053,no,JAC,DE,0,1,0,1,1,,,,,,,,,,,,,,,,,,,,,,,,,,,,,,,,,,,,,,,,,,,,,,,,,,
12,T.Alualu,00-0027862,no,JAC,DT,0,0,0,0,1,,,,,,,,,,,,,,,,,,,,,,,,,,,,,,,,,,,,,,,,,,,,,,,,,,
12,J.Evans,00-0030557,no,JAC,SS,0,0,0,0,4,,,,,,,,,,,,,,,,,,,,,,,,,,,,,,,,,,,,,,,,,,,,,,,,,,
12,A.Jones,00-0029946,no,JAC,DT,2,0,0,0,1,,,,,,,,,,,,,,,,,,,,,,,,,,,,,,,,,,,,,,,,,,,,,,,,,,
12,J.Thomas,00-0028133,no,JAC,OLB,6,0,0,0,4,,,,,,,,,,,,,,,,,,,,,,,,,,,,,,,,,,,,,,,,,,,,,,,,,,
12,T.Bridgewater,00-0031237,yes,MIN,QB,,,,,,,,,,,,,,,,,,,,,,,,,37,21,1,2,1,1,210,,,,,,,,,,,,,,,,,,5,11,0,0,0,0,32
12,J.Banyard,00-0029048,yes,MIN,,,,,,,,,,,,,,,,,,,,,,,,,,,,,,,,,,,,,,,,,,,7,0,3,0,0,0,19,5,8,0,0,0,0,26
12,J.McKinnon,00-0031376,yes,MIN,RB,,,,,,,,,,,,,,,,,,,,,,,,,,,,,,,,,,,,,,,,,,8,0,3,0,0,0,9,15,10,0,0,0,0,54
12,R.Ellison,00-0029587,yes,MIN,TE,,,,,,,,,,,,,,,,,,,,,,,,,,,,,,,,,,,,,,,,,,6,0,2,0,0,0,11,,,,,,,
12,K.Rudolph,00-0027981,yes,MIN,TE,,,,,,,,,,,,,,,,,,,,,,,,,,,,,,,,,,,,,,,,,,23,0,3,0,0,0,50,,,,,,,
12,C.Ford,00-0029432,yes,MIN,TE,,,,,,,,,,,,,,,,,,,,12,12,0,1,0,,,,,,,,,,,,,,,,,,13,0,1,0,0,0,13,,,,,,,
12,C.Patterson,00-0030578,yes,MIN,WR,,,,,,,,,,,,,,,,,,,,37,42,0,2,0,,,,,,,,,,,,,,,,,,10,0,2,0,0,0,18,,,,,,,
12,G.Jennings,00-0024267,yes,MIN,WR,,,,,,,,,,,,,,,,,,,,,,,,,,,,,,,,,,,,,,,,,,13,5,4,1,0,0,38,,,,,,,
12,Ch.Johnson,00-0030113,yes,MIN,WR,,,,,,,,,,,,,,,,,,,,,,,,,,,,,,,,,,,,,,,,,,22,22,3,1,1,1,52,,,,,,,
12,B.Walsh,00-0029576,yes,MIN,K,,,,,,,,,,,2,2,51,6,1,0,1,0,1,,,,,,,,,,,,,,,,,,,,,,,,,,,,,,,,,,,,
12,J.Locke,00-0030405,yes,MIN,P,,,,,,,,,,,,,,,,,,,,,,,,,,,,,,,,39,3,54,4,179,,,,,,,,,,,,,,,,,,,
12,A.Thielen,00-0030035,yes,MIN,WR,,,,,,,,,,,,,,,,,,,,21,21,0,1,0,,,,,,,,,,,,,,,,,,,,,,,,,,,,,,,
12,M.Sherels,00-0027547,yes,MIN,CB,,,,,,,,,,,,,,,,,,,,18,18,0,1,0,,,,,,,,,,,,,5,5,0,1,0,,,,,,,,,,,,,,
12,H.Smith,00-0029606,yes,MIN,FS,5,0,0,0,5,,,,,,,,,,,,,,,,,,,,,,,,,,,,,,,,,,,,,,,,,,,,,,,,,,
12,C.Munnerlyn,00-0026944,yes,MIN,CB,3,0,0,0,1,,,,,,,,,,,,,,,,,,,,,,,,,,,,,,,,,,,,,,,,,,,,,,,,,,
12,T.Johnson,00-0024030,yes,MIN,DT,2,0,0,0,0,,,,,,,,,,,,,,,,,,,,,,,,,,,,,,,,,,,,,,,,,,,,,,,,,,
12,S.Stephen,00-0031242,yes,MIN,DT,0,0,0,0,1,,,,,,,,,,,,,,,,,,,,,,,,,,,,,,,,,,,,,,,,,,,,,,,,,,
12,B.Robison,00-0025489,yes,MIN,DE,0,0,0,1,1,,,,,,,,,,,,,,,,,,,,,,,,,,,,,,,,,,,,,,,,,,,,,,,,,,
12,A.Barr,00-0031256,yes,MIN,OLB,2,1,0,0,2,,,,,,,,,,,,,,,,,,,,,,,,,,,,,,,,,,,,,,,,,,,,,,,,,,
12,J.Brinkley,00-0027108,yes,MIN,LB,0,0,0,0,1,,,,,,,,,,,,,,,,,,,,,,,,,,,,,,,,,,,,,,,,,,,,,,,,,,
12,J.Robinson,00-0029691,yes,MIN,CB,0,0,0,0,3,,,,,,,,,,,,,,,,,,,,,,,,,,,,,,,,,,,,,,,,,,,,,,,,,,
12,C.Greenway,00-0024232,yes,MIN,OLB,4,0,0,0,5,,,,,,,,,,,,,,,,,,,,,,,,,,,,,,,,,,,,,,,,,,,,,,,,,,
12,R.Blanton,00-0029575,yes,MIN,SS,2,0,0,0,8,,,,,,,,,,,,,,,,,,,,,,,,,,,,,,,,,,,,,,,,,,,,,,,,,,
12,C.Wootton,00-0027603,yes,MIN,DE,1,0,0,0,0,,,,,,,,,,,,,,,,,,,,,,,,,,,,,,,,,,,,,,,,,,,,,,,,,,
12,E.Griffen,00-0027701,yes,MIN,DE,3,0,0,0,1,,,,,,,,,,,,,,,,,,,,,,,,,,,,,,,,,,,,,,,,,,,,,,,,,,
12,X.Rhodes,00-0030575,yes,MIN,CB,0,0,0,0,3,,,,,,,,,,,,,,,,,,,,,,,,,,,,,,,,,,,,,,,,,,,,,,,,,,
12,L.Joseph,00-0027885,yes,MIN,DT,2,0,0,0,2,,,,,,,,,,,,,,,,,,,,,,,,,,,,,,,,,,,,,,,,,,,,,,,,,,
12,A.Rodgers,00-0023459,no,GB,QB,,,,,,,,,,,,,,,,,,,,,,,,,29,19,0,2,0,0,209,,,,,,,,,,,,,,,,,,6,18,0,0,0,0,34
12,J.Starks,00-0027791,no,GB,RB,,,,,,0,0,1,0,0,,,,,,,,,,,,,,,,,,,,,,,,,,,,,,,,,,,,,,,1,-4,0,0,0,0,-4
12,E.Lacy,00-0030485,no,GB,RB,,,,,,,,,,,,,,,,,,,,,,,,,,,,,,,,,,,,,,,,,,10,10,2,1,0,0,13,25,16,1,1,0,0,125
12,R.Rodgers,00-0031384,no,GB,TE,,,,,,,,,,,,,,,,,,,,,,,,,,,,,,,,,,,,,,,,,,1,1,1,1,0,0,1,,,,,,,
12,D.Adams,00-0031381,no,GB,WR,,,,,,,,,,,,,,,,,,,,,,,,,,,,,,,,,,,,,,,,,,10,0,1,0,0,0,10,,,,,,,
12,J.Kuhn,00-0022999,no,GB,FB,,,,,,,,,,,,,,,,,,,,,,,,,,,,,,,,,,,,,,,,,,9,0,1,0,0,0,9,,,,,,,
12,A.Quarless,00-0027753,no,GB,TE,,,,,,,,,,,,,,,,,,,,,,,,,,,,,,,,,,,,,,,,,,34,0,2,0,0,0,50,,,,,,,
12,J.Nelson,00-0026176,no,GB,WR,,,,,,0,1,0,1,0,,,,,,,,,,,,,,,,,,,,,,,,,,,,,,,,14,0,8,0,0,0,68,,,,,,,
12,R.Cobb,00-0028002,no,GB,WR,,,,,,,,,,,,,,,,,,,,,,,,,,,,,,,,,,,,,3,3,0,1,0,29,0,4,0,0,0,58,,,,,,,
12,M.Crosby,00-0025580,no,GB,K,,,,,,,,,,,1,1,48,3,3,0,3,0,3,,,,,,,,,,,,,,,,,,,,,,,,,,,,,,,,,,,,
12,T.Masthay,00-0026664,no,GB,P,,,,,,,,,,,,,,,,,,,,,,,,,,,,,,,,41,2,47,4,169,,,,,,,,,,,,,,,,,,,
12,M.Hyde,00-0030090,no,GB,SS,0,0,1,1,4,,,,,,,,,,,,,,,,,,,,,,,,,,,,,,,,10,17,0,2,0,,,,,,,,,,,,,,
12,A.Hawk,00-0024220,no,GB,OLB,2,0,0,0,5,,,,,,,,,,,,,,,,,,,,,,,,,,,,,,,,,,,,,,,,,,,,,,,,,,
12,J.Elliott,00-0030752,no,GB,LB,1,0,0,0,0,,,,,,,,,,,,,,,,,,,,,,,,,,,,,,,,,,,,,,,,,,,,,,,,,,
12,M.Neal,00-0027664,no,GB,OLB,1,0,0,0,2,,,,,,,,,,,,,,,,,,,,,,,,,,,,,,,,,,,,,,,,,,,,,,,,,,
12,C.Hayward,00-0029261,no,GB,CB,0,0,0,0,1,,,,,,,,,,,,,,,,,,,,,,,,,,,,,,,,,,,,,,,,,,,,,,,,,,
12,C.Matthews,00-0027002,no,GB,ILB,1,0,0,0,1,,,,,,,,,,,,,,,,,,,,,,,,,,,,,,,,,,,,,,,,,,,,,,,,,,
12,H.Clinton-Dix,00-0031333,no,GB,FS,2,0,0,0,7,,,,,,,,,,,,,,,,,,,,,,,,,,,,,,,,,,,,,,,,,,,,,,,,,,
12,J.Boyd,00-0030093,no,GB,DE,0,0,0,0,1,,,,,,,,,,,,,,,,,,,,,,,,,,,,,,,,,,,,,,,,,,,,,,,,,,
12,S.Barrington,00-0030119,no,GB,ILB,0,0,0,0,1,,,,,,,,,,,,,,,,,,,,,,,,,,,,,,,,,,,,,,,,,,,,,,,,,,
12,S.Shields,00-0027440,no,GB,CB,0,0,0,0,3,,,,,,,,,,,,,,,,,,,,,,,,,,,,,,,,,,,,,,,,,,,,,,,,,,
12,M.Burnett,00-0027676,no,GB,SS,2,0,0,0,6,,,,,,,,,,,,,,,,,,,,,,,,,,,,,,,,,,,,,,,,,,,,,,,,,,
12,L.Guion,00-0026292,no,GB,NT,3,0,0,0,0,,,,,,,,,,,,,,,,,,,,,,,,,,,,,,,,,,,,,,,,,,,,,,,,,,
12,T.Williams,00-0024061,no,GB,CB,0,0,0,0,3,,,,,,,,,,,,,,,,,,,,,,,,,,,,,,,,,,,,,,,,,,,,,,,,,,
12,J.Peppers,00-0021140,no,GB,OLB,0,0,0,0,2,,,,,,,,,,,,,,,,,,,,,,,,,,,,,,,,,,,,,,,,,,,,,,,,,,
12,M.Daniels,00-0029284,no,GB,DE,0,0,0,1,1,,,,,,,,,,,,,,,,,,,,,,,,,,,,,,,,,,,,,,,,,,,,,,,,,,
12,T.Brady,00-0019596,yes,NE,QB,,,,,,,,,,,,,,,,,,,,,,,,,53,38,1,2,0,0,349,,,,,,,,,,,,,,,,,,,,,,,,
12,S.Vereen,00-0027994,yes,NE,RB,,,,,,,,,,,,,,,,,,,,,,,,,,,,,,,,,,,,,,,,,,17,0,8,0,0,0,48,8,9,0,0,0,0,12
12,L.Blount,00-0027325,yes,NE,RB,,,,,,,,,,,,,,,,,,,,,,,,,,,,,,,,,,,,,,,,,,,,,,,,,12,33,3,2,0,0,78
12,J.Edelman,00-0027150,yes,NE,WR,,,,,,,,,,,,,,,,,,,,,,,,,,,,,,,,,,,,,6,6,0,1,0,16,0,11,0,0,0,89,,,,,,,
12,T.Wright,00-0029910,yes,NE,TE,,,,,,,,,,,,,,,,,,,,,,,,,,,,,,,,,,,,,,,,,,16,8,5,2,0,0,36,,,,,,,
12,B.LaFell,00-0027681,yes,NE,WR,,,,,,,,,,,,,,,,,,,,,,,,,,,,,,,,,,,,,,,,,,16,0,9,0,0,0,98,,,,,,,
12,R.Gronkowski,00-0027656,yes,NE,TE,,,,,,,,,,,,,,,,,,,,,,,,,,,,,,,,,,,,,,,,,,24,0,5,0,0,0,78,,,,,,,
12,D.Aiken,00-0028496,yes,NE,,,,,,,0,0,1,0,0,,,,,,,,,,,,,,,,,,,,,,,,,,,,,,,,,,,,,,,,,,,,,
12,R.Allen,00-0029984,yes,NE,P,,,,,,0,1,0,1,0,,,,,,,,,,,,,,,,,,,,,,47,1,66,5,238,,,,,,,,,,,,,,,,,,,
12,S.Gostkowski,00-0024333,yes,NE,K,,,,,,,,,,,2,2,43,6,4,0,4,0,4,,,,,,,,,,,,,,,,,,,,,,,,,,,,,,,,,,,,
12,D.Amendola,00-0026035,yes,NE,WR,,,,,,,,,,,,,,,,,,,,81,81,0,1,0,,,,,,,,,,,,,3,5,0,3,0,,,,,,,,,,,,,,
12,L.Ryan,00-0030411,yes,NE,CB,0,0,1,0,1,,,,,,,,,,,,,,,,,,,,,,,,,,,,,,,,,,,,,,,,,,,,,,,,,,
12,K.Arrington,00-0026071,yes,NE,DB,0,0,0,0,4,,,,,,,,,,,,,,,,,,,,,,,,,,,,,,,,,,,,,,,,,,,,,,,,,,
12,V.Wilfork,00-0022712,yes,NE,NT,0,0,0,0,2,,,,,,,,,,,,,,,,,,,,,,,,,,,,,,,,,,,,,,,,,,,,,,,,,,
12,Z.Moore,00-0031081,yes,NE,,1,0,0,0,0,,,,,,,,,,,,,,,,,,,,,,,,,,,,,,,,,,,,,,,,,,,,,,,,,,
12,J.Collins,00-0030421,yes,NE,OLB,2,0,0,0,2,,,,,,,,,,,,,,,,,,,,,,,,,,,,,,,,,,,,,,,,,,,,,,,,,,
12,A.Branch,00-0025420,yes,NE,DT,1,0,0,0,1,,,,,,,,,,,,,,,,,,,,,,,,,,,,,,,,,,,,,,,,,,,,,,,,,,
12,P.Chung,00-0027010,yes,NE,SS,2,0,0,0,4,,,,,,,,,,,,,,,,,,,,,,,,,,,,,,,,,,,,,,,,,,,,,,,,,,
12,R.Ninkovich,00-0024349,yes,NE,DE,0,0,0,1,1,,,,,,,,,,,,,,,,,,,,,,,,,,,,,,,,,,,,,,,,,,,,,,,,,,
12,J.Casillas,00-0026832,yes,NE,LB,0,0,0,0,3,,,,,,,,,,,,,,,,,,,,,,,,,,,,,,,,,,,,,,,,,,,,,,,,,,
12,D.McCourty,00-0027647,yes,NE,FS,1,0,0,0,6,,,,,,,,,,,,,,,,,,,,,,,,,,,,,,,,,,,,,,,,,,,,,,,,,,
12,B.Browner,00-0023013,yes,NE,CB,0,0,0,0,1,,,,,,,,,,,,,,,,,,,,,,,,,,,,,,,,,,,,,,,,,,,,,,,,,,
12,Chr.Jones,00-0030106,yes,NE,DT,0,0,0,0,1,,,,,,,,,,,,,,,,,,,,,,,,,,,,,,,,,,,,,,,,,,,,,,,,,,
12,N.Ebner,00-0029570,yes,NE,DB,0,0,0,0,1,,,,,,,,,,,,,,,,,,,,,,,,,,,,,,,,,,,,,,,,,,,,,,,,,,
12,D.Revis,00-0025401,yes,NE,CB,0,0,0,0,2,,,,,,,,,,,,,,,,,,,,,,,,,,,,,,,,,,,,,,,,,,,,,,,,,,
12,A.Ayers,00-0027977,yes,NE,OLB,0,0,0,1,3,,,,,,,,,,,,,,,,,,,,,,,,,,,,,,,,,,,,,,,,,,,,,,,,,,
12,D.Hightower,00-0029669,yes,NE,OLB,3,0,0,0,5,,,,,,,,,,,,,,,,,,,,,,,,,,,,,,,,,,,,,,,,,,,,,,,,,,
12,M.Stafford,00-0026498,no,DET,QB,,,,,,,,,,,,,,,,,,,,,,,,,46,18,1,0,0,0,264,,,,,,,,,,,,,,,,,,3,10,0,0,0,0,18
12,G.Tate,00-0027891,no,DET,WR,,,,,,,,,,,,,,,,,,,,,,,,,,,,,,,,,,,,,,,,,,42,0,4,0,0,0,97,1,13,0,0,0,0,13
12,T.Riddick,00-0030107,no,DET,RB,,,,,,,,,,,,,,,,,,,,,,,,,,,,,,,,,,,,,,,,,,18,0,3,0,0,0,40,2,9,0,0,0,0,12
12,J.Bell,00-0027218,no,DET,RB,,,,,,,,,,,,,,,,,,,,,,,,,,,,,,,,,,,,,,,,,,-2,0,1,0,0,0,-2,19,6,0,0,0,0,48
12,C.Fuller,00-0030095,no,DET,WR,,,,,,,,,,,,,,,,,,,,,,,,,,,,,,,,,,,,,,,,,,13,0,1,0,0,0,13,,,,,,,
12,E.Ebron,00-0031387,no,DET,TE,,,,,,,,,,,,,,,,,,,,,,,,,,,,,,,,,,,,,,,,,,17,0,2,0,0,0,23,,,,,,,
12,J.Ross,00-0028249,no,DET,,,,,,,,,,,,,,,,,,,,,27,27,0,1,0,,,,,,,,,,,,,2,4,0,2,0,13,0,3,0,0,0,35,,,,,,,
12,C.Johnson,00-0025389,no,DET,WR,,,,,,,,,,,,,,,,,,,,,,,,,,,,,,,,,,,,,,,,,,22,0,4,0,0,0,58,,,,,,,
12,M.Prater,00-0023853,no,DET,K,,,,,,,,,,,4,3,49,9,0,0,0,0,0,,,,,,,,,,,,,,,,,,,,,,,,,,,,,,,,,,,,
12,S.Martin,00-0030092,no,DET,P,,,,,,,,,,,,,,,,,,,,,,,,,,,,,,,,43,2,55,5,231,,,,,,,,,,,,,,,,,,,
12,E.Ansah,00-0030059,no,DET,DE,0,0,0,0,3,,,,,,,,,,,,,,,,,,,,,,,,,,,,,,,,,,,,,,,,,,,,,,,,,,
12,G.Johnson,00-0027495,no,DET,DE,0,0,0,0,1,,,,,,,,,,,,,,,,,,,,,,,,,,,,,,,,,,,,,,,,,,,,,,,,,,
12,T.Whitehead,00-0029212,no,DET,MLB,0,0,0,0,5,,,,,,,,,,,,,,,,,,,,,,,,,,,,,,,,,,,,,,,,,,,,,,,,,,
12,D.Levy,00-0027050,no,DET,OLB,1,0,0,0,9,,,,,,,,,,,,,,,,,,,,,,,,,,,,,,,,,,,,,,,,,,,,,,,,,,
12,C.Vaughn,00-0027290,no,DET,,0,0,0,0,1,,,,,,,,,,,,,,,,,,,,,,,,,,,,,,,,,,,,,,,,,,,,,,,,,,
12,K.Van Noy,00-0031360,no,DET,OLB,0,0,0,0,1,,,,,,,,,,,,,,,,,,,,,,,,,,,,,,,,,,,,,,,,,,,,,,,,,,
12,D.Slay,00-0030062,no,DET,CB,1,0,0,0,0,,,,,,,,,,,,,,,,,,,,,,,,,,,,,,,,,,,,,,,,,,,,,,,,,,
12,D.Tapp,00-0024278,no,DET,DE,0,0,0,0,2,,,,,,,,,,,,,,,,,,,,,,,,,,,,,,,,,,,,,,,,,,,,,,,,,,
12,G.Quin,00-0027081,no,DET,FS,0,0,0,0,8,,,,,,,,,,,,,,,,,,,,,,,,,,,,,,,,,,,,,,,,,,,,,,,,,,
12,I.Abdul-Quddus,00-0028564,no,DET,SS,0,0,0,0,4,,,,,,,,,,,,,,,,,,,,,,,,,,,,,,,,,,,,,,,,,,,,,,,,,,
12,N.Suh,00-0027855,no,DET,DT,0,0,0,0,4,,,,,,,,,,,,,,,,,,,,,,,,,,,,,,,,,,,,,,,,,,,,,,,,,,
12,J.Ihedigbo,00-0025753,no,DET,SS,0,0,1,0,9,,,,,,,,,,,,,,,,,,,,,,,,,,,,,,,,,,,,,,,,,,,,,,,,,,
12,J.Bynes,00-0028278,no,DET,OLB,0,0,0,0,3,,,,,,,,,,,,,,,,,,,,,,,,,,,,,,,,,,,,,,,,,,,,,,,,,,
12,R.Mathis,00-0022080,no,DET,CB,0,0,0,0,3,,,,,,,,,,,,,,,,,,,,,,,,,,,,,,,,,,,,,,,,,,,,,,,,,,
12,M.Sanchez,00-0026898,yes,PHI,QB,,,,,,,,,,,,,,,,,,,,,,,,,43,30,2,1,0,0,307,,,,,,,,,,,,,,,,,,4,6,0,0,0,0,4
12,D.Sproles,00-0023564,yes,PHI,RB,,,,,,,,,,,,,,,,,,,,,,,,,,,,,,,,,,,,,8,13,0,6,0,10,0,3,0,0,0,14,6,13,4,1,0,0,25
12,L.McCoy,00-0027029,yes,PHI,RB,,,,,,,,,,,,,,,,,,,,,,,,,,,,,,,,,,,,,,,,,,1,0,1,0,0,0,1,21,53,2,1,0,0,130
12,C.Polk,00-0029438,yes,PHI,RB,,,,,,,,,,,,,,,,,,,,24,30,0,2,0,,,,,,,,,,,,,,,,,,15,0,1,0,0,0,15,7,4,0,0,0,0,5
12,B.Celek,00-0025549,yes,PHI,TE,,,,,,,,,,,,,,,,,,,,,,,,,,,,,,,,,,,,,,,,,,15,0,5,0,0,0,48,,,,,,,
12,J.Matthews,00-0031299,yes,PHI,WR,,,,,,,,,,,,,,,,,,,,,,,,,,,,,,,,,,,,,,,,,,24,0,6,0,0,0,77,,,,,,,
12,J.Maclin,00-0026995,yes,PHI,WR,,,,,,,,,,,,,,,,,,,,,,,,,,,,,,,,,,,,,,,,,,18,0,6,0,0,0,59,,,,,,,
12,Z.Ertz,00-0030061,yes,PHI,TE,,,,,,,,,,,,,,,,,,,,0,0,0,1,0,,,,,,,,,,,,,,,,,,10,0,4,0,0,0,30,,,,,,,
12,R.Cooper,00-0027758,yes,PHI,WR,,,,,,,,,,,,,,,,,,,,,,,,,,,,,,,,,,,,,,,,,,21,0,3,0,0,0,49,,,,,,,
12,J.Casey,00-0027109,yes,PHI,TE,,,,,,,,,,,,,,,,,,,,,,,,,,,,,,,,,,,,,,,,,,14,14,1,1,0,0,14,,,,,,,
12,N.Allen,00-0027652,yes,PHI,SS,0,0,0,0,4,0,0,0,1,3,,,,,,,,,,,,,,,,,,,,,,,,,,,,,,,,,,,,,,,,,,,,,
12,B.Fletcher,00-0027041,yes,PHI,DB,0,0,0,0,2,0,0,0,1,0,,,,,,,,,,,,,,,,,,,,,,,,,,,,,,,,,,,,,,,,,,,,,
12,C.Parkey,00-0030850,yes,PHI,K,,,,,,,,,,,6,5,50,15,4,0,4,0,4,,,,,,,,,,,,,,,,,,,,,,,,,,,,,,,,,,,,
12,D.Jones,00-0022684,yes,PHI,P,,,,,,,,,,,,,,,,,,,,,,,,,,,,,,,,41,1,49,3,135,,,,,,,,,,,,,,,,,,,
12,J.Huff,00-0030990,yes,PHI,WR,,,,,,,,,,,,,,,,,,,,107,107,0,1,1,,,,,,,,,,,,,,,,,,,,,,,,,,,,,,,
12,N.Carroll,00-0027744,yes,PHI,CB,0,0,0,0,1,,,,,,,,,,,,,,,,,,,,,,,,,,,,,,,,,,,,,,,,,,,,,,,,,,
12,C.Thornton,00-0028424,yes,PHI,DE,0,0,0,0,4,,,,,,,,,,,,,,,,,,,,,,,,,,,,,,,,,,,,,,,,,,,,,,,,,,
12,C.Matthews,00-0028054,yes,PHI,LB,0,0,0,0,1,,,,,,,,,,,,,,,,,,,,,,,,,,,,,,,,,,,,,,,,,,,,,,,,,,
12,V.Curry,00-0029412,yes,PHI,DE,0,0,0,0,1,,,,,,,,,,,,,,,,,,,,,,,,,,,,,,,,,,,,,,,,,,,,,,,,,,
12,F.Cox,00-0029653,yes,PHI,DE,0,0,0,1,1,,,,,,,,,,,,,,,,,,,,,,,,,,,,,,,,,,,,,,,,,,,,,,,,,,
12,C.Barwin,00-0027022,yes,PHI,OLB,0,1,0,2,2,,,,,,,,,,,,,,,,,,,,,,,,,,,,,,,,,,,,,,,,,,,,,,,,,,
12,M.Jenkins,00-0026990,yes,PHI,FS,0,0,0,0,5,,,,,,,,,,,,,,,,,,,,,,,,,,,,,,,,,,,,,,,,,,,,,,,,,,
12,C.Williams,00-0026369,yes,PHI,CB,0,0,0,0,2,,,,,,,,,,,,,,,,,,,,,,,,,,,,,,,,,,,,,,,,,,,,,,,,,,
12,B.Boykin,00-0029416,yes,PHI,DB,0,0,1,0,2,,,,,,,,,,,,,,,,,,,,,,,,,,,,,,,,,,,,,,,,,,,,,,,,,,
12,T.Cole,00-0023579,yes,PHI,OLB,0,0,0,2,4,,,,,,,,,,,,,,,,,,,,,,,,,,,,,,,,,,,,,,,,,,,,,,,,,,
12,B.Logan,00-0030507,yes,PHI,NT,0,1,0,0,1,,,,,,,,,,,,,,,,,,,,,,,,,,,,,,,,,,,,,,,,,,,,,,,,,,
12,M.Kendricks,00-0029409,yes,PHI,ILB,0,1,0,0,7,,,,,,,,,,,,,,,,,,,,,,,,,,,,,,,,,,,,,,,,,,,,,,,,,,
12,B.Graham,00-0027865,yes,PHI,OLB,0,0,0,0,1,,,,,,,,,,,,,,,,,,,,,,,,,,,,,,,,,,,,,,,,,,,,,,,,,,
12,Z.Mettenberger,00-0031266,no,TEN,QB,,,,,,0,0,1,0,0,,,,,,,,,,,,,,,39,20,1,2,0,0,345,,,,,,,,,,,,,,,,,,2,-1,0,0,0,0,-2
12,B.Sankey,00-0031413,no,TEN,RB,,,,,,1,0,1,0,0,,,,,,,,,,22,26,0,2,0,,,,,,,,,,,,,,,,,,9,0,2,0,0,0,14,10,13,0,0,0,0,37
12,S.Greene,00-0026899,no,TEN,,,,,,,,,,,,,,,,,,,,,,,,,,,,,,,,,,,,,,0,0,0,1,0,,,,,,,,6,4,2,1,0,0,15
12,D.McCluster,00-0027651,no,TEN,RB,,,,,,,,,,,,,,,,,,,,,,,,,,,,,,,,,,,,,8,8,0,1,0,6,6,3,1,0,0,15,1,2,0,0,0,0,2
12,J.Hunter,00-0030521,no,TEN,WR,,,,,,,,,,,,,,,,,,,,,,,,,,,,,,,,,,,,,,,,,,40,40,4,1,0,0,64,,,,,,,
12,D.Walker,00-0024389,no,TEN,TE,,,,,,,,,,,,,,,,,,,,,,,,,,,,,,,,,,,,,,,,,,68,0,5,0,0,0,155,,,,,,,
12,N.Washington,00-0023367,no,TEN,WR,,,,,,,,,,,,,,,,,,,,,,,,,,,,,,,,,,,,,,,,,,22,0,4,0,0,0,63,,,,,,,
12,K.Wright,00-0029708,no,TEN,WR,,,,,,,,,,,,,,,,,,,,,,,,,,,,,,,,,,,,,,,,,,28,0,1,0,0,0,28,,,,,,,
12,B.Schwenke,00-0030486,no,TEN,C,,,,,,1,0,1,0,0,,,,,,,,,,,,,,,,,,,,,,,,,,,,,,,,6,0,1,0,0,0,6,,,,,,,
12,A.Levitre,00-0027027,no,TEN,G,,,,,,0,1,0,1,0,,,,,,,,,,,,,,,,,,,,,,,,,,,,,,,,,,,,,,,,,,,,,
12,R.Succop,00-0026968,no,TEN,K,,,,,,,,,,,1,1,20,3,3,0,3,0,3,,,,,,,,,,,,,,,,,,,,,,,,,,,,,,,,,,,,
12,B.Kern,00-0025825,no,TEN,P,,,,,,,,,,,,,,,,,,,,,,,,,,,,,,,,41,2,57,6,294,,,,,,,,,,,,,,,,,,,
12,A.Andrews,00-0030789,no,TEN,RB,,,,,,,,,,,,,,,,,,,,23,27,0,2,0,,,,,,,,,,,,,,,,,,,,,,,,,,,,,,,
12,L.Washington,00-0024332,no,TEN,,,,,,,,,,,,,,,,,,,,,31,44,0,3,0,,,,,,,,,,,,,,,,,,,,,,,,,,,,,,,
12,M.Griffin,00-0025406,no,TEN,FS,1,0,0,0,11,,,,,,,,,,,,,,,,,,,,,,,,,,,,,,,,5,5,0,1,0,,,,,,,,,,,,,,
12,D.Jones,00-0031054,no,TEN,DE,0,0,0,0,1,,,,,,,,,,,,,,,,,,,,,,,,,,,,,,,,,,,,,,,,,,,,,,,,,,
12,Q.Groves,00-0026192,no,TEN,,0,0,0,0,1,,,,,,,,,,,,,,,,,,,,,,,,,,,,,,,,,,,,,,,,,,,,,,,,,,
12,K.Klug,00-0028080,no,TEN,DE,1,0,0,0,1,,,,,,,,,,,,,,,,,,,,,,,,,,,,,,,,,,,,,,,,,,,,,,,,,,
12,A.Woods,00-0027723,no,TEN,NT,1,0,0,0,2,,,,,,,,,,,,,,,,,,,,,,,,,,,,,,,,,,,,,,,,,,,,,,,,,,
12,A.Williamson,00-0031263,no,TEN,ILB,1,0,0,0,4,,,,,,,,,,,,,,,,,,,,,,,,,,,,,,,,,,,,,,,,,,,,,,,,,,
12,G.Wilson,00-0022341,no,TEN,,0,0,0,0,3,,,,,,,,,,,,,,,,,,,,,,,,,,,,,,,,,,,,,,,,,,,,,,,,,,
12,J.McCourty,00-0027136,no,TEN,CB,0,0,0,0,4,,,,,,,,,,,,,,,,,,,,,,,,,,,,,,,,,,,,,,,,,,,,,,,,,,
12,C.Sensabaugh,00-0029529,no,TEN,CB,0,0,0,0,5,,,,,,,,,,,,,,,,,,,,,,,,,,,,,,,,,,,,,,,,,,,,,,,,,,
12,D.Stafford,00-0030491,no,TEN,SS,0,0,1,0,2,,,,,,,,,,,,,,,,,,,,,,,,,,,,,,,,,,,,,,,,,,,,,,,,,,
12,S.Phillips,00-0022723,no,TEN,,0,0,0,0,1,,,,,,,,,,,,,,,,,,,,,,,,,,,,,,,,,,,,,,,,,,,,,,,,,,
12,M.Martin,00-0029544,no,TEN,DE,0,0,0,0,1,,,,,,,,,,,,,,,,,,,,,,,,,,,,,,,,,,,,,,,,,,,,,,,,,,
12,S.Hill,00-0027084,no,TEN,NT,0,0,0,0,2,,,,,,,,,,,,,,,,,,,,,,,,,,,,,,,,,,,,,,,,,,,,,,,,,,
12,D.Morgan,00-0027868,no,TEN,OLB,4,0,0,1,6,,,,,,,,,,,,,,,,,,,,,,,,,,,,,,,,,,,,,,,,,,,,,,,,,,
12,Z.Gooden,00-0030502,no,TEN,,0,0,0,0,1,,,,,,,,,,,,,,,,,,,,,,,,,,,,,,,,,,,,,,,,,,,,,,,,,,
12,W.Woodyard,00-0025828,no,TEN,ILB,3,0,0,0,5,,,,,,,,,,,,,,,,,,,,,,,,,,,,,,,,,,,,,,,,,,,,,,,,,,
12,B.Ghee,00-0027697,no,TEN,,0,0,1,0,2,,,,,,,,,,,,,,,,,,,,,,,,,,,,,,,,,,,,,,,,,,,,,,,,,,
12,J.Casey,00-0028015,no,TEN,DE,1,0,0,1,3,,,,,,,,,,,,,,,,,,,,,,,,,,,,,,,,,,,,,,,,,,,,,,,,,,
12,P.Rivers,00-0022942,yes,SD,QB,,,,,,,,,,,,,,,,,,,,,,,,,35,29,1,1,0,0,291,,,,,,,,,,,,,,,,,,3,0,0,0,0,0,-1
12,D.Brown,00-0027003,yes,SD,RB,,,,,,,,,,,,,,,,,,,,,,,,,,,,,,,,,,,,,,,,,,12,0,2,0,0,0,20,1,7,0,0,0,0,7
12,Ry.Mathews,00-0027864,yes,SD,RB,,,,,,,,,,,,,,,,,,,,,,,,,,,,,,,,,,,,,,,,,,10,0,2,0,0,0,8,12,32,32,1,0,0,105
12,B.Oliver,00-0031277,yes,SD,RB,,,,,,,,,,,,,,,,,,,,,,,,,,,,,,,,,,,,,,,,,,13,0,4,0,0,0,23,6,7,0,0,0,0,17
12,E.Royal,00-0026182,yes,SD,WR,,,,,,,,,,,,,,,,,,,,,,,,,,,,,,,,,,,,,,,,,,12,0,6,0,0,0,50,,,,,,,
12,K.Allen,00-0030279,yes,SD,WR,,,,,,2,0,2,0,0,,,,,,,,,,,,,,,,,,,,,,,,,,,0,0,0,1,0,35,29,6,1,0,0,104,,,,,,,
12,M.Floyd,00-0022414,yes,SD,WR,,,,,,,,,,,,,,,,,,,,,,,,,,,,,,,,,,,,,,,,,,14,0,4,0,0,0,30,,,,,,,
12,L.Green,00-0029275,yes,SD,TE,,,,,,,,,,,,,,,,,,,,,,,,,,,,,,,,,,,,,,,,,,28,0,2,0,0,0,34,,,,,,,
12,A.Gates,00-0021547,yes,SD,TE,,,,,,,,,,,,,,,,,,,,,,,,,,,,,,,,,,,,,,,,,,10,0,2,0,0,0,14,,,,,,,
12,S.Ajirotutu,00-0027581,yes,SD,WR,,,,,,,,,,,,,,,,,,,,,,,,,,,,,,,,,,,,,,,,,,8,0,1,0,0,0,8,,,,,,,
12,A.Gachkar,00-0028172,yes,SD,LB,0,0,0,0,3,0,0,0,1,13,,,,,,,,,,,,,,,,,,,,,,,,,,,,,,,,,,,,,,,,,,,,,
12,B.Flowers,00-0026175,yes,SD,CB,0,0,1,0,1,0,0,1,0,0,,,,,,,,,,,,,,,,,,,,,,,,,,,,,,,,,,,,,,,,,,,,,
12,M.Ingram,00-0029249,yes,SD,OLB,0,0,0,0,2,0,1,0,1,0,,,,,,,,,,,,,,,,,,,,,,,,,,,,,,,,,,,,,,,,,,,,,
12,N.Novak,00-0023096,yes,SD,K,,,,,,,,,,,2,2,48,6,3,0,3,0,3,,,,,,,,,,,,,,,,,,,,,,,,,,,,,,,,,,,,
12,M.Scifres,00-0022017,yes,SD,P,,,,,,,,,,,,,,,,,,,,,,,,,,,,,,,,38,0,55,4,197,,,,,,,,,,,,,,,,,,,
12,C.Davis,00-0030917,yes,SD,CB,0,0,0,0,1,,,,,,,,,,,,,,,21,22,0,2,0,,,,,,,,,,,,,,,,,,,,,,,,,,,,,,,
12,E.Weddle,00-0025424,yes,SD,FS,3,0,0,0,6,,,,,,,,,,,,,,,,,,,,,,,,,,,,,,,,,,,,,,,,,,,,,,,,,,
12,K.Reyes,00-0029256,yes,SD,DE,2,0,0,0,0,,,,,,,,,,,,,,,,,,,,,,,,,,,,,,,,,,,,,,,,,,,,,,,,,,
12,M.Te'o,00-0030278,yes,SD,ILB,1,0,0,0,2,,,,,,,,,,,,,,,,,,,,,,,,,,,,,,,,,,,,,,,,,,,,,,,,,,
12,D.Butler,00-0027682,yes,SD,ILB,3,0,0,0,2,,,,,,,,,,,,,,,,,,,,,,,,,,,,,,,,,,,,,,,,,,,,,,,,,,
12,T.Williams,00-0030286,yes,SD,OLB,0,0,0,0,1,,,,,,,,,,,,,,,,,,,,,,,,,,,,,,,,,,,,,,,,,,,,,,,,,,
12,T.Palepoi,00-0030921,yes,SD,DE,2,0,0,0,1,,,,,,,,,,,,,,,,,,,,,,,,,,,,,,,,,,,,,,,,,,,,,,,,,,
12,S.Wright,00-0028027,yes,SD,DB,0,0,0,0,3,,,,,,,,,,,,,,,,,,,,,,,,,,,,,,,,,,,,,,,,,,,,,,,,,,
12,Ric. Mathews,00-0027829,yes,SD,DE,0,0,0,0,2,,,,,,,,,,,,,,,,,,,,,,,,,,,,,,,,,,,,,,,,,,,,,,,,,,
12,C.Liuget,00-0027956,yes,SD,DE,0,1,0,1,2,,,,,,,,,,,,,,,,,,,,,,,,,,,,,,,,,,,,,,,,,,,,,,,,,,
12,D.Stuckey,00-0027710,yes,SD,DB,1,0,0,0,2,,,,,,,,,,,,,,,,,,,,,,,,,,,,,,,,,,,,,,,,,,,,,,,,,,
12,J.Johnson,00-0022139,yes,SD,,0,0,0,0,3,,,,,,,,,,,,,,,,,,,,,,,,,,,,,,,,,,,,,,,,,,,,,,,,,,
12,K.Conner,00-0027831,yes,SD,ILB,0,0,0,0,3,,,,,,,,,,,,,,,,,,,,,,,,,,,,,,,,,,,,,,,,,,,,,,,,,,
12,M.Gilchrist,00-0027988,yes,SD,FS,2,0,1,0,5,,,,,,,,,,,,,,,,,,,,,,,,,,,,,,,,,,,,,,,,,,,,,,,,,,
12,S.Lissemore,00-0027826,yes,SD,NT,1,0,0,0,2,,,,,,,,,,,,,,,,,,,,,,,,,,,,,,,,,,,,,,,,,,,,,,,,,,
12,J.Hekker,00-0028872,no,STL,P,,,,,,,,,,,,,,,,,,,,,,,,,1,1,0,0,0,0,19,45,2,57,4,178,,,,,,,,,,,,,,,,,,,
12,S.Hill,00-0020679,no,STL,QB,,,,,,1,0,1,0,0,,,,,,,,,,,,,,,35,18,2,1,0,0,198,,,,,,,,,,,,,,,,,,,,,,,,
12,T.Austin,00-0030525,no,STL,WR,,,,,,,,,,,,,,,,,,,,,,,,,,,,,,,,,,,,,22,38,0,2,0,6,0,3,0,0,0,11,3,15,6,1,0,0,27
12,T.Mason,00-0031391,no,STL,RB,,,,,,,,,,,,,,,,,,,,,,,,,,,,,,,,,,,,,,,,,,26,0,1,0,0,0,26,16,21,0,0,0,0,62
12,B.Cunningham,00-0029795,no,STL,RB,,,,,,0,1,1,1,0,,,,,,,,,,26,33,0,5,0,,,,,,,,,,,,,,,,,,7,0,2,0,0,0,11,5,8,0,0,0,0,14
12,S.Bailey,00-0030532,no,STL,WR,,,,,,,,,,,,,,,,,,,,9,9,0,1,0,,,,,,,,,,,,,,,,,,22,7,7,1,0,0,89,,,,,,,
12,K.Britt,00-0027006,no,STL,WR,,,,,,,,,,,,,,,,,,,,,,,,,,,,,,,,,,,,,,,,,,27,0,2,0,0,0,37,,,,,,,
12,L.Kendricks,00-0027985,no,STL,TE,,,,,,,,,,,,,,,,,,,,,,,,,,,,,,,,,,,,,,,,,,16,0,1,0,0,0,16,,,,,,,
12,J.Cook,00-0027061,no,STL,TE,,,,,,,,,,,,,,,,,,,,,,,,,,,,,,,,,,,,,,,,,,10,0,3,0,0,0,27,,,,,,,
12,R.McLeod,00-0028899,no,STL,FS,0,0,0,0,4,0,0,0,1,0,,,,,,,,,,,,,,,,,,,,,,,,,,,,,,,,,,,,,,,,,,,,,
12,A.Bayer,00-0030975,no,STL,,,,,,,0,0,0,1,0,,,,,,,,,,,,,,,,,,,,,,,,,,,,,,,,,,,,,,,,,,,,,
12,G.Zuerlein,00-0029621,no,STL,K,,,,,,,,,,,1,1,22,3,3,0,3,0,3,,,,,,,,,,,,,,,,,,,,,,,,,,,,,,,,,,,,
12,K.Langford,00-0026206,no,STL,DE,1,0,0,1,1,,,,,,,,,,,,,,,,,,,,,,,,,,,,,,,,,,,,,,,,,,,,,,,,,,
12,T.McDonald,00-0030530,no,STL,SS,1,0,0,0,6,,,,,,,,,,,,,,,,,,,,,,,,,,,,,,,,,,,,,,,,,,,,,,,,,,
12,M.Barron,00-0029670,no,STL,SS,0,0,0,0,1,,,,,,,,,,,,,,,,,,,,,,,,,,,,,,,,,,,,,,,,,,,,,,,,,,
12,A.Ogletree,00-0030527,no,STL,OLB,1,0,0,0,8,,,,,,,,,,,,,,,,,,,,,,,,,,,,,,,,,,,,,,,,,,,,,,,,,,
12,A.Donald,00-0031388,no,STL,DT,0,0,0,1,4,,,,,,,,,,,,,,,,,,,,,,,,,,,,,,,,,,,,,,,,,,,,,,,,,,
12,J.Laurinaitis,00-0027011,no,STL,MLB,2,0,0,0,6,,,,,,,,,,,,,,,,,,,,,,,,,,,,,,,,,,,,,,,,,,,,,,,,,,
12,E.Gaines,00-0031394,no,STL,CB,0,0,0,0,5,,,,,,,,,,,,,,,,,,,,,,,,,,,,,,,,,,,,,,,,,,,,,,,,,,
12,T.Johnson,00-0029690,no,STL,CB,1,0,0,0,5,,,,,,,,,,,,,,,,,,,,,,,,,,,,,,,,,,,,,,,,,,,,,,,,,,
12,J.Jenkins,00-0029681,no,STL,CB,1,1,1,0,3,,,,,,,,,,,,,,,,,,,,,,,,,,,,,,,,,,,,,,,,,,,,,,,,,,
12,E.Sims,00-0027787,no,STL,DE,1,0,0,0,2,,,,,,,,,,,,,,,,,,,,,,,,,,,,,,,,,,,,,,,,,,,,,,,,,,
12,W.Hayes,00-0026243,no,STL,DE,0,0,0,0,1,,,,,,,,,,,,,,,,,,,,,,,,,,,,,,,,,,,,,,,,,,,,,,,,,,
12,M.Brockers,00-0029630,no,STL,DT,0,0,0,1,2,,,,,,,,,,,,,,,,,,,,,,,,,,,,,,,,,,,,,,,,,,,,,,,,,,
12,R.Wilson,00-0029263,yes,SEA,QB,,,,,,,,,,,,,,,,,,,,,,,,,22,17,0,1,0,0,211,,,,,,,,,,,,,,,,,,10,40,0,0,0,0,73
12,M.Lynch,00-0025399,yes,SEA,RB,,,,,,,,,,,,,,,,,,,,,,,,,,,,,,,,,,,,,,,,,,23,0,3,0,0,0,43,15,13,0,0,0,0,39
12,R.Turbin,00-0029273,yes,SEA,RB,,,,,,,,,,,,,,,,,,,,,,,,,,,,,,,,,,,,,,,,,,9,0,2,0,0,0,3,4,6,0,0,0,0,12
12,C.Helfet,00-0029534,yes,SEA,TE,,,,,,,,,,,,,,,,,,,,,,,,,,,,,,,,,,,,,,,,,,20,20,2,1,0,0,27,,,,,,,
12,D.Baldwin,00-0028434,yes,SEA,WR,,,,,,,,,,,,,,,,,,,,,,,,,,,,,,,,,,,,,,,,,,3,0,2,0,0,0,6,,,,,,,
12,L.Willson,00-0030089,yes,SEA,TE,,,,,,,,,,,,,,,,,,,,,,,,,,,,,,,,,,,,,,,,,,21,0,1,0,0,0,21,,,,,,,
12,J.Kearse,00-0029159,yes,SEA,WR,,,,,,,,,,,,,,,,,,,,,,,,,,,,,,,,,,,,,,,,,,19,0,1,0,0,0,19,,,,,,,
12,R.Lockette,00-0028442,yes,SEA,WR,,,,,,,,,,,,,,,,,,,,,,,,,,,,,,,,,,,,,,,,,,48,0,1,0,0,0,48,,,,,,,
12,T.Moeaki,00-0027695,yes,SEA,,,,,,,,,,,,,,,,,,,,,,,,,,,,,,,,,,,,,,,,,,,17,0,4,0,0,0,34,,,,,,,
12,K.Norwood,00-0031327,yes,SEA,WR,,,,,,,,,,,,,,,,,,,,,,,,,,,,,,,,,,,,,,,,,,10,0,1,0,0,0,10,,,,,,,
12,S.Hauschka,00-0025944,yes,SEA,K,,,,,,,,,,,4,4,52,12,1,0,1,0,1,,,,,,,,,,,,,,,,,,,,,,,,,,,,,,,,,,,,
12,J.Ryan,00-0023742,yes,SEA,P,,,,,,,,,,,,,,,,,,,,,,,,,,,,,,,,50,2,58,3,150,,,,,,,,,,,,,,,,,,,
12,P.Richardson,00-0031257,yes,SEA,WR,,,,,,,,,,,,,,,,,,,,20,20,0,1,0,,,,,,,,,,,,,,,,,,,,,,,,,,,,,,,
12,B.Walters,00-0027595,yes,SEA,WR,,,,,,,,,,,,,,,,,,,,,,,,,,,,,,,,,,,,,16,21,0,2,0,,,,,,,,,,,,,,
12,K.Wright,00-0028037,yes,SEA,OLB,4,0,0,0,2,,,,,,,,,,,,,,,,,,,,,,,,,,,,,,,,,,,,,,,,,,,,,,,,,,
12,R.Sherman,00-0028092,yes,SEA,CB,3,0,0,0,1,,,,,,,,,,,,,,,,,,,,,,,,,,,,,,,,,,,,,,,,,,,,,,,,,,
12,B.Maxwell,00-0028111,yes,SEA,CB,0,0,1,0,1,,,,,,,,,,,,,,,,,,,,,,,,,,,,,,,,,,,,,,,,,,,,,,,,,,
12,J.Hill,00-0030072,yes,SEA,DT,0,0,0,1,2,,,,,,,,,,,,,,,,,,,,,,,,,,,,,,,,,,,,,,,,,,,,,,,,,,
12,C.Avril,00-0026232,yes,SEA,DE,0,0,0,2,2,,,,,,,,,,,,,,,,,,,,,,,,,,,,,,,,,,,,,,,,,,,,,,,,,,
12,T.Robertson,00-0029430,yes,SEA,,1,0,0,0,0,,,,,,,,,,,,,,,,,,,,,,,,,,,,,,,,,,,,,,,,,,,,,,,,,,
12,K.Chancellor,00-0027733,yes,SEA,SS,1,0,0,0,7,,,,,,,,,,,,,,,,,,,,,,,,,,,,,,,,,,,,,,,,,,,,,,,,,,
12,B.Irvin,00-0029193,yes,SEA,OLB,0,0,0,0,2,,,,,,,,,,,,,,,,,,,,,,,,,,,,,,,,,,,,,,,,,,,,,,,,,,
12,E.Thomas,00-0027866,yes,SEA,FS,0,0,0,0,2,,,,,,,,,,,,,,,,,,,,,,,,,,,,,,,,,,,,,,,,,,,,,,,,,,
12,K.Williams,00-0022073,yes,SEA,DT,1,0,0,0,1,,,,,,,,,,,,,,,,,,,,,,,,,,,,,,,,,,,,,,,,,,,,,,,,,,
12,B.Wagner,00-0029255,yes,SEA,MLB,6,0,0,0,2,,,,,,,,,,,,,,,,,,,,,,,,,,,,,,,,,,,,,,,,,,,,,,,,,,
12,M.Bennett,00-0026618,yes,SEA,DE,0,0,0,0,1,,,,,,,,,,,,,,,,,,,,,,,,,,,,,,,,,,,,,,,,,,,,,,,,,,
12,J.Lane,00-0029295,yes,SEA,CB,0,1,0,0,2,,,,,,,,,,,,,,,,,,,,,,,,,,,,,,,,,,,,,,,,,,,,,,,,,,
12,D.Stanton,00-0025430,no,ARI,QB,,,,,,,,,,,,,,,,,,,,,,,,,26,14,1,0,0,0,149,,,,,,,,,,,,,,,,,,4,13,0,0,0,0,23
12,A.Ellington,00-0030287,no,ARI,RB,,,,,,,,,,,,,,,,,,,,,,,,,,,,,,,,,,,,,,,,,,15,0,5,0,0,0,39,10,7,0,0,0,0,24
12,S.Taylor,00-0030282,no,ARI,RB,,,,,,,,,,,,,,,,,,,,,,,,,,,,,,,,,,,,,,,,,,,,,,,,,5,5,0,0,0,0,14
12,R.Hughes,00-0028345,no,ARI,,,,,,,,,,,,,,,,,,,,,,,,,,,,,,,,,,,,,,,,,,,,,,,,,,1,3,0,0,0,0,3
12,J.Carlson,00-0026178,no,ARI,,,,,,,,,,,,,,,,,,,,,,,,,,,,,,,,,,,,,,,,,,,19,0,3,0,0,0,25,,,,,,,
12,Ja. Brown,00-0030300,no,ARI,WR,,,,,,0,0,1,0,0,,,,,,,,,,,,,,,,,,,,,,,,,,,,,,,,22,0,3,0,0,0,24,,,,,,,
12,Jo. Brown,00-0031051,no,ARI,WR,,,,,,,,,,,,,,,,,,,,,,,,,,,,,,,,,,,,,,,,,,33,0,3,0,0,0,61,,,,,,,
12,R.Housler,00-0028007,no,ARI,TE,,,,,,0,0,1,0,0,,,,,,,,,,,,,,,,,,,,,,,,,,,,,,,,,,,,,,,,,,,,,
12,C.Catanzaro,00-0030896,no,ARI,K,,,,,,,,,,,2,1,23,3,0,0,0,0,0,,,,,,,,,,,,,,,,,,,,,,,,,,,,,,,,,,,,
12,D.Butler,00-0028952,no,ARI,P,,,,,,,,,,,,,,,,,,,,,,,,,,,,,,,,27,1,46,6,223,,,,,,,,,,,,,,,,,,,
12,T.Ginn,00-0025396,no,ARI,WR,,,,,,,,,,,,,,,,,,,,22,27,0,2,0,,,,,,,,,,,,,,,,,,,,,,,,,,,,,,,
12,M.Benard,00-0026742,no,ARI,,0,0,0,0,1,,,,,,,,,,,,,,,,,,,,,,,,,,,,,,,,,,,,,,,,,,,,,,,,,,
12,S.Acho,00-0028041,no,ARI,DE,2,0,0,0,2,,,,,,,,,,,,,,,,,,,,,,,,,,,,,,,,,,,,,,,,,,,,,,,,,,
12,T.Kelly,00-0022539,no,ARI,,1,0,0,1,1,,,,,,,,,,,,,,,,,,,,,,,,,,,,,,,,,,,,,,,,,,,,,,,,,,
12,T.Jefferson,00-0030294,no,ARI,SS,0,0,0,0,2,,,,,,,,,,,,,,,,,,,,,,,,,,,,,,,,,,,,,,,,,,,,,,,,,,
12,C.Campbell,00-0026190,no,ARI,DE,2,0,0,3,4,,,,,,,,,,,,,,,,,,,,,,,,,,,,,,,,,,,,,,,,,,,,,,,,,,
12,A.Cromartie,00-0024234,no,ARI,CB,0,0,0,0,1,,,,,,,,,,,,,,,,,,,,,,,,,,,,,,,,,,,,,,,,,,,,,,,,,,
12,D.Bucannon,00-0031366,no,ARI,SS,3,0,0,1,3,,,,,,,,,,,,,,,,,,,,,,,,,,,,,,,,,,,,,,,,,,,,,,,,,,
12,K.Minter,00-0030382,no,ARI,ILB,1,0,0,1,4,,,,,,,,,,,,,,,,,,,,,,,,,,,,,,,,,,,,,,,,,,,,,,,,,,
12,L.Alexander,00-0023259,no,ARI,LB,1,0,0,0,0,,,,,,,,,,,,,,,,,,,,,,,,,,,,,,,,,,,,,,,,,,,,,,,,,,
12,L.Foote,00-0021246,no,ARI,,6,0,0,0,0,,,,,,,,,,,,,,,,,,,,,,,,,,,,,,,,,,,,,,,,,,,,,,,,,,
12,P.Peterson,00-0027943,no,ARI,CB,1,0,0,0,2,,,,,,,,,,,,,,,,,,,,,,,,,,,,,,,,,,,,,,,,,,,,,,,,,,
12,F.Rucker,00-0024306,no,ARI,DE,2,0,0,0,2,,,,,,,,,,,,,,,,,,,,,,,,,,,,,,,,,,,,,,,,,,,,,,,,,,
12,A.Okafor,00-0030503,no,ARI,OLB,0,0,0,1,3,,,,,,,,,,,,,,,,,,,,,,,,,,,,,,,,,,,,,,,,,,,,,,,,,,
12,T.Mathieu,00-0030459,no,ARI,FS,0,0,0,0,2,,,,,,,,,,,,,,,,,,,,,,,,,,,,,,,,,,,,,,,,,,,,,,,,,,
12,D.Williams,00-0027877,no,ARI,DT,1,0,0,0,0,,,,,,,,,,,,,,,,,,,,,,,,,,,,,,,,,,,,,,,,,,,,,,,,,,
12,J.Mauro,00-0030883,no,ARI,NT,1,0,0,0,1,,,,,,,,,,,,,,,,,,,,,,,,,,,,,,,,,,,,,,,,,,,,,,,,,,
12,J.Powers,00-0027064,no,ARI,CB,0,0,0,0,2,,,,,,,,,,,,,,,,,,,,,,,,,,,,,,,,,,,,,,,,,,,,,,,,,,
12,R.Johnson,00-0027067,no,ARI,FS,3,0,0,0,6,,,,,,,,,,,,,,,,,,,,,,,,,,,,,,,,,,,,,,,,,,,,,,,,,,
12,P.Manning,00-0010346,yes,DEN,QB,,,,,,,,,,,,,,,,,,,,,,,,,35,28,0,4,1,1,257,,,,,,,,,,,,,,,,,,2,-1,0,0,0,0,-2
12,E.Sanders,00-0027685,yes,DEN,WR,,,,,,,,,,,,,,,,,,,,,,,,,,,,,,,,,,,,,,,,,,35,0,9,0,1,1,125,1,3,0,0,0,0,3
12,J.Thompson,00-0030705,yes,DEN,RB,,,,,,,,,,,,,,,,,,,,,,,,,,,,,,,,,,,,,,,,,,,,,,,,,5,21,0,0,0,0,33
12,C.Anderson,00-0029854,yes,DEN,RB,,,,,,,,,,,,,,,,,,,,,,,,,,,,,,,,,,,,,,,,,,9,0,4,0,0,0,28,27,26,10,1,0,0,167
12,J.Tamme,00-0026267,yes,DEN,TE,,,,,,,,,,,,,,,,,,,,,,,,,,,,,,,,,,,,,,,,,,-1,0,1,0,0,0,-1,,,,,,,
12,D.Thomas,00-0027874,yes,DEN,WR,,,,,,,,,,,,,,,,,,,,,,,,,,,,,,,,,,,,,,,,,,21,14,10,3,0,0,87,,,,,,,
12,W.Welker,00-0022427,yes,DEN,,,,,,,,,,,,,,,,,,,,,,,,,,,,,,,,,,,,,,,,,,,6,2,4,1,0,0,18,,,,,,,
12,I.Burse,00-0030671,yes,DEN,,,,,,,1,0,1,0,0,,,,,,,,,,,,,,,,,,,,,,,,,,,4,12,0,3,0,,,,,,,,,,,,,,
12,B.McManus,00-0029822,yes,DEN,K,,,,,,,,,,,2,1,38,3,4,0,4,0,4,,,,,,,,,,,,,,,,,,,,,,,,,,,,,,,,,,,,
12,B.Colquitt,00-0026516,yes,DEN,P,,,,,,,,,,,,,,,,,,,,,,,,,,,,,,,,28,0,45,1,45,,,,,,,,,,,,,,,,,,,
12,O.Bolden,00-0029563,yes,DEN,SS,0,0,0,0,2,,,,,,,,,,,,,,,33,40,0,3,0,,,,,,,,,,,,,,,,,,,,,,,,,,,,,,,
12,T.Knighton,00-0027046,yes,DEN,DT,0,0,0,1,3,,,,,,,,,,,,,,,,,,,,,,,,,,,,,,,,,,,,,,,,,,,,,,,,,,
12,B.Roby,00-0031372,yes,DEN,CB,0,0,0,0,4,,,,,,,,,,,,,,,,,,,,,,,,,,,,,,,,,,,,,,,,,,,,,,,,,,
12,K.Webster,00-0030523,yes,DEN,CB,0,0,0,0,4,,,,,,,,,,,,,,,,,,,,,,,,,,,,,,,,,,,,,,,,,,,,,,,,,,
12,C.Harris,00-0028224,yes,DEN,CB,0,1,0,0,5,,,,,,,,,,,,,,,,,,,,,,,,,,,,,,,,,,,,,,,,,,,,,,,,,,
12,A.Talib,00-0026160,yes,DEN,CB,0,1,0,0,2,,,,,,,,,,,,,,,,,,,,,,,,,,,,,,,,,,,,,,,,,,,,,,,,,,
12,T.Ward,00-0027653,yes,DEN,SS,1,0,1,0,2,,,,,,,,,,,,,,,,,,,,,,,,,,,,,,,,,,,,,,,,,,,,,,,,,,
12,R.Moore,00-0027983,yes,DEN,FS,1,0,0,0,5,,,,,,,,,,,,,,,,,,,,,,,,,,,,,,,,,,,,,,,,,,,,,,,,,,
12,Q.Smith,00-0030086,yes,DEN,,0,0,0,0,1,,,,,,,,,,,,,,,,,,,,,,,,,,,,,,,,,,,,,,,,,,,,,,,,,,
12,M.Jackson,00-0029568,yes,DEN,DE,0,0,0,0,3,,,,,,,,,,,,,,,,,,,,,,,,,,,,,,,,,,,,,,,,,,,,,,,,,,
12,V.Miller,00-0027940,yes,DEN,OLB,0,0,0,0,1,,,,,,,,,,,,,,,,,,,,,,,,,,,,,,,,,,,,,,,,,,,,,,,,,,
12,B.Marshall,00-0029620,yes,DEN,ILB,1,1,0,0,3,,,,,,,,,,,,,,,,,,,,,,,,,,,,,,,,,,,,,,,,,,,,,,,,,,
12,S.Williams,00-0030577,yes,DEN,NT,0,0,0,0,1,,,,,,,,,,,,,,,,,,,,,,,,,,,,,,,,,,,,,,,,,,,,,,,,,,
12,D.Wolfe,00-0029586,yes,DEN,DE,1,0,0,0,1,,,,,,,,,,,,,,,,,,,,,,,,,,,,,,,,,,,,,,,,,,,,,,,,,,
12,D.Ware,00-0023445,yes,DEN,OLB,0,0,0,0,2,,,,,,,,,,,,,,,,,,,,,,,,,,,,,,,,,,,,,,,,,,,,,,,,,,
12,R.Tannehill,00-0029701,no,MIA,QB,,,,,,,,,,,,,,,,,,,,,,,,,36,26,1,3,0,0,228,,,,,,,,,,,,,,,,,,4,8,1,1,0,0,15
12,L.Miller,00-0029615,no,MIA,RB,,,,,,0,1,0,1,0,,,,,,,,,,,,,,,,,,,,,,,,,,,,,,,,8,0,1,0,0,0,8,12,22,0,0,1,1,59
12,L.James,00-0029260,no,MIA,,,,,,,,,,,,,,,,,,,,,,,,,,,,,,,,,,,,,,,,,,,,,,,,,,2,3,0,0,0,0,4
12,Da.Thomas,00-0028000,no,MIA,,,,,,,,,,,,,,,,,,,,,,,,,,,,,,,,,,,,,,,,,,,,,,,,,,3,10,3,1,0,0,19
12,R.Matthews,00-0029580,no,MIA,WR,,,,,,0,0,1,0,0,,,,,,,,,,,,,,,,,,,,,,,,,,,,,,,,18,0,2,0,0,0,24,,,,,,,
12,D.Sims,00-0030422,no,MIA,TE,,,,,,,,,,,,,,,,,,,,,,,,,,,,,,,,,,,,,,,,,,16,0,4,0,0,0,31,,,,,,,
12,J.Landry,00-0031382,no,MIA,WR,,,,,,,,,,,,,,,,,,,,20,20,0,1,0,,,,,,,,,,,,,17,17,0,1,0,20,5,7,2,0,0,50,,,,,,,
12,D.Williams,00-0030874,no,MIA,RB,,,,,,,,,,,,,,,,,,,,20,20,0,1,0,,,,,,,,,,,,,,,,,,-1,0,1,0,0,0,-1,,,,,,,
12,M.Wallace,00-0026901,no,MIA,WR,,,,,,,,,,,,,,,,,,,,,,,,,,,,,,,,,,,,,,,,,,11,10,4,1,0,0,35,,,,,,,
12,B.Hartline,00-0027077,no,MIA,WR,,,,,,,,,,,,,,,,,,,,,,,,,,,,,,,,,,,,,,,,,,21,0,2,0,0,0,39,,,,,,,
12,B.Gibson,00-0026937,no,MIA,WR,,,,,,0,0,2,0,0,,,,,,,,,,,,,,,,,,,,,,,,,,,,,,,,13,0,5,0,0,0,42,,,,,,,
12,J.Denney,00-0023173,no,MIA,LS,,,,,,0,0,0,1,0,,,,,,,,,,,,,,,,,,,,,,,,,,,,,,,,,,,,,,,,,,,,,
12,C.Sturgis,00-0030390,no,MIA,K,,,,,,,,,,,0,0,0,0,4,0,4,0,4,,,,,,,,,,,,,,,,,,,,,,,,,,,,,,,,,,,,
12,B.Fields,00-0025612,no,MIA,,,,,,,,,,,,,,,,,,,,,,,,,,,,,,,,,49,1,55,3,160,,,,,,,,,,,,,,,,,,,
12,J.Wilson,00-0028173,no,MIA,SS,0,0,0,0,4,,,,,,,,,,,,,,,,,,,,,,,,,,,,,,,,,,,,,,,,,,,,,,,,,,
12,J.Jenkins,00-0030384,no,MIA,OLB,2,0,0,1,9,,,,,,,,,,,,,,,,,,,,,,,,,,,,,,,,,,,,,,,,,,,,,,,,,,
12,L.Delmas,00-0027009,no,MIA,FS,1,0,0,0,8,,,,,,,,,,,,,,,,,,,,,,,,,,,,,,,,,,,,,,,,,,,,,,,,,,
12,L.Rose,00-0029891,no,MIA,,0,0,0,0,1,,,,,,,,,,,,,,,,,,,,,,,,,,,,,,,,,,,,,,,,,,,,,,,,,,
12,W.Aikens,00-0031307,no,MIA,FS,0,0,0,0,2,,,,,,,,,,,,,,,,,,,,,,,,,,,,,,,,,,,,,,,,,,,,,,,,,,
12,P.Wheeler,00-0026233,no,MIA,,0,0,0,0,1,,,,,,,,,,,,,,,,,,,,,,,,,,,,,,,,,,,,,,,,,,,,,,,,,,
12,D.Shelby,00-0029111,no,MIA,DE,0,0,0,0,2,,,,,,,,,,,,,,,,,,,,,,,,,,,,,,,,,,,,,,,,,,,,,,,,,,
12,O.Vernon,00-0029693,no,MIA,DE,0,0,0,0,5,,,,,,,,,,,,,,,,,,,,,,,,,,,,,,,,,,,,,,,,,,,,,,,,,,
12,R.Starks,00-0022805,no,MIA,DE,2,0,0,0,0,,,,,,,,,,,,,,,,,,,,,,,,,,,,,,,,,,,,,,,,,,,,,,,,,,
12,R.Jones,00-0027762,no,MIA,SS,2,0,0,0,2,,,,,,,,,,,,,,,,,,,,,,,,,,,,,,,,,,,,,,,,,,,,,,,,,,
12,C.Wake,00-0023368,no,MIA,DE,0,0,0,0,3,,,,,,,,,,,,,,,,,,,,,,,,,,,,,,,,,,,,,,,,,,,,,,,,,,
12,D.Jordan,00-0030555,no,MIA,DE,0,0,0,0,1,,,,,,,,,,,,,,,,,,,,,,,,,,,,,,,,,,,,,,,,,,,,,,,,,,
12,B.Grimes,00-0024183,no,MIA,CB,0,0,0,0,2,,,,,,,,,,,,,,,,,,,,,,,,,,,,,,,,,,,,,,,,,,,,,,,,,,
12,K.Misi,00-0027883,no,MIA,OLB,1,0,0,0,6,,,,,,,,,,,,,,,,,,,,,,,,,,,,,,,,,,,,,,,,,,,,,,,,,,
12,J.Taylor,00-0030484,no,MIA,CB,0,0,0,0,6,,,,,,,,,,,,,,,,,,,,,,,,,,,,,,,,,,,,,,,,,,,,,,,,,,
12,J.Odrick,00-0027878,no,MIA,DE,0,0,0,0,1,,,,,,,,,,,,,,,,,,,,,,,,,,,,,,,,,,,,,,,,,,,,,,,,,,
12,C.Kaepernick,00-0027974,yes,SF,QB,,,,,,0,1,1,1,-2,,,,,,,,,,,,,,,29,20,1,1,0,0,256,,,,,,,,,,,,,,,,,,9,7,0,0,0,0,14
12,F.Gore,00-0023500,yes,SF,RB,,,,,,1,0,1,0,0,,,,,,,,,,,,,,,,,,,,,,,,,,,,,,,,,,,,,,,13,8,0,0,0,0,36
12,C.Hyde,00-0031045,yes,SF,RB,,,,,,1,0,1,0,0,,,,,,,,,,24,29,0,4,0,,,,,,,,,,,,,,,,,,,,,,,,,7,7,4,1,0,0,16
12,A.Boldin,00-0022084,yes,SF,WR,,,,,,,,,,,,,,,,,,,,,,,,,,,,,,,,,,,,,,,,,,30,30,9,1,0,0,137,,,,,,,
12,V.Davis,00-0024221,yes,SF,TE,,,,,,,,,,,,,,,,,,,,,,,,,,,,,,,,,,,,,,,,,,12,0,3,0,0,0,21,,,,,,,
12,B.Miller,00-0028149,yes,SF,FB,,,,,,,,,,,,,,,,,,,,,,,,,,,,,,,,,,,,,,,,,,20,0,3,0,0,0,40,,,,,,,
12,M.Crabtree,00-0026986,yes,SF,WR,,,,,,,,,,,,,,,,,,,,,,,,,,,,,,,,,,,,,,,,,,25,0,5,0,0,0,58,,,,,,,
12,A.Brooks,00-0024495,yes,SF,OLB,0,0,0,0,3,0,0,0,1,0,,,,,,,,,,,,,,,,,,,,,,,,,,,,,,,,,,,,,,,,,,,,,
12,P.Dawson,00-0004091,yes,SF,K,,,,,,,,,,,1,1,41,3,2,0,2,0,2,,,,,,,,,,,,,,,,,,,,,,,,,,,,,,,,,,,,
12,A.Lee,00-0022824,yes,SF,P,,,,,,,,,,,,,,,,,,,,,,,,,,,,,,,,48,2,57,6,302,,,,,,,,,,,,,,,,,,,
12,P.Cox,00-0027737,yes,SF,CB,0,0,0,0,4,,,,,,,,,,,,,,,,,,,,,,,,,,,,,,,,2,4,0,4,0,,,,,,,,,,,,,,
12,A.Bethea,00-0024421,yes,SF,SS,1,0,0,0,4,,,,,,,,,,,,,,,,,,,,,,,,,,,,,,,,,,,,,,,,,,,,,,,,,,
12,C.Borland,00-0031303,yes,SF,,2,0,0,0,6,,,,,,,,,,,,,,,,,,,,,,,,,,,,,,,,,,,,,,,,,,,,,,,,,,
12,M.Wilhoite,00-0028836,yes,SF,ILB,0,0,0,0,4,,,,,,,,,,,,,,,,,,,,,,,,,,,,,,,,,,,,,,,,,,,,,,,,,,
12,D.Johnson,00-0031061,yes,SF,CB,0,0,0,0,1,,,,,,,,,,,,,,,,,,,,,,,,,,,,,,,,,,,,,,,,,,,,,,,,,,
12,C.Culliver,00-0028018,yes,SF,CB,0,0,0,0,2,,,,,,,,,,,,,,,,,,,,,,,,,,,,,,,,,,,,,,,,,,,,,,,,,,
12,Ald.Smith,00-0027945,yes,SF,OLB,0,0,0,2,3,,,,,,,,,,,,,,,,,,,,,,,,,,,,,,,,,,,,,,,,,,,,,,,,,,
12,J.Smith,00-0020535,yes,SF,,0,1,0,1,3,,,,,,,,,,,,,,,,,,,,,,,,,,,,,,,,,,,,,,,,,,,,,,,,,,
12,R.McDonald,00-0025484,yes,SF,,0,0,0,1,2,,,,,,,,,,,,,,,,,,,,,,,,,,,,,,,,,,,,,,,,,,,,,,,,,,
12,C.Carradine,00-0030457,yes,SF,DT,0,0,0,0,2,,,,,,,,,,,,,,,,,,,,,,,,,,,,,,,,,,,,,,,,,,,,,,,,,,
12,A.Lynch,00-0030993,yes,SF,OLB,0,0,0,1,2,,,,,,,,,,,,,,,,,,,,,,,,,,,,,,,,,,,,,,,,,,,,,,,,,,
12,T.Jerod-Eddie,00-0029165,yes,SF,DE,1,0,0,0,1,,,,,,,,,,,,,,,,,,,,,,,,,,,,,,,,,,,,,,,,,,,,,,,,,,
12,E.Reid,00-0030548,yes,SF,FS,0,0,0,0,4,,,,,,,,,,,,,,,,,,,,,,,,,,,,,,,,,,,,,,,,,,,,,,,,,,
12,R.Griffin,00-0029665,no,WAS,QB,,,,,,1,0,1,0,0,,,,,,,,,,,,,,,19,11,0,0,0,0,106,,,,,,,,,,,,,,,,,,4,8,0,0,0,0,11
12,P.Garcon,00-0026345,no,WAS,WR,,,,,,,,,,,,,,,,,,,,,,,,,1,0,0,0,0,0,0,,,,,,,,,,,24,0,3,0,0,0,34,,,,,,,
12,D.Young,00-0026852,no,WAS,FB,,,,,,,,,,,,,,,,,,,,,,,,,,,,,,,,,,,,,,,,,,,,,,,,,2,0,0,0,0,0,0
12,A.Morris,00-0029141,no,WAS,RB,,,,,,,,,,,,,,,,,,,,,,,,,,,,,,,,,,,,,,,,,,5,0,1,0,0,0,5,21,30,1,1,0,0,125
12,R.Helu,00-0028043,no,WAS,RB,,,,,,,,,,,,,,,,,,,,,,,,,,,,,,,,,,,,,,,,,,7,0,2,0,0,0,9,,,,,,,
12,D.Jackson,00-0026189,no,WAS,WR,,,,,,,,,,,,,,,,,,,,,,,,,,,,,,,,,,,,,1,1,0,1,0,32,0,2,0,0,0,39,,,,,,,
12,N.Paul,00-0028093,no,WAS,TE,,,,,,,,,,,,,,,,,,,,,,,,,,,,,,,,,,,,,,,,,,11,0,1,0,0,0,11,,,,,,,
12,A.Roberts,00-0027691,no,WAS,WR,,,,,,,,,,,,,,,,,,,,18,19,0,2,0,,,,,,,,,,,,,5,7,0,2,0,7,0,1,0,0,0,7,,,,,,,
12,L.Paulsen,00-0027215,no,WAS,TE,,,,,,,,,,,,,,,,,,,,,,,,,,,,,,,,,,,,,,,,,,1,0,1,0,0,0,1,,,,,,,
12,R.Clark,00-0020840,no,WAS,,1,0,0,0,3,0,0,0,1,0,,,,,,,,,,,,,,,,,,,,,,,,,,,,,,,,,,,,,,,,,,,,,
12,P.Thomas,00-0030423,no,WAS,,0,0,0,0,1,0,0,0,1,2,,,,,,,,,,,,,,,,,,,,,,,,,,,,,,,,,,,,,,,,,,,,,
12,K.Forbath,00-0028787,no,WAS,,,,,,,,,,,,2,2,46,6,1,0,1,0,1,,,,,,,,,,,,,,,,,,,,,,,,,,,,,,,,,,,,
12,T.Way,00-0030140,no,WAS,P,,,,,,,,,,,,,,,,,,,,,,,,,,,,,,,,46,3,55,8,373,,,,,,,,,,,,,,,,,,,
12,B.Cofield,00-0024339,no,WAS,,0,0,0,0,2,,,,,,,,,,,,,,,,,,,,,,,,,,,,,,,,,,,,,,,,,,,,,,,,,,
12,E.Biggers,00-0026945,no,WAS,DB,0,0,0,0,1,,,,,,,,,,,,,,,,,,,,,,,,,,,,,,,,,,,,,,,,,,,,,,,,,,
12,T.Murphy,00-0031300,no,WAS,OLB,1,1,0,0,4,,,,,,,,,,,,,,,,,,,,,,,,,,,,,,,,,,,,,,,,,,,,,,,,,,
12,T.Porter,00-0026180,no,WAS,DB,0,0,0,0,1,,,,,,,,,,,,,,,,,,,,,,,,,,,,,,,,,,,,,,,,,,,,,,,,,,
12,J.Jenkins,00-0027979,no,WAS,DE,0,0,0,0,1,,,,,,,,,,,,,,,,,,,,,,,,,,,,,,,,,,,,,,,,,,,,,,,,,,
12,G.Ducre,00-0031116,no,WAS,,0,0,1,0,2,,,,,,,,,,,,,,,,,,,,,,,,,,,,,,,,,,,,,,,,,,,,,,,,,,
12,E.Brown,00-0027019,no,WAS,,1,0,0,0,0,,,,,,,,,,,,,,,,,,,,,,,,,,,,,,,,,,,,,,,,,,,,,,,,,,
12,B.Breeland,00-0031052,no,WAS,CB,1,0,0,0,4,,,,,,,,,,,,,,,,,,,,,,,,,,,,,,,,,,,,,,,,,,,,,,,,,,
12,P.Riley,00-0027704,no,WAS,ILB,2,0,0,0,4,,,,,,,,,,,,,,,,,,,,,,,,,,,,,,,,,,,,,,,,,,,,,,,,,,
12,K.Robinson,00-0029545,no,WAS,ILB,1,0,0,0,7,,,,,,,,,,,,,,,,,,,,,,,,,,,,,,,,,,,,,,,,,,,,,,,,,,
12,T.Robinson,00-0029297,no,WAS,SS,0,0,0,0,3,,,,,,,,,,,,,,,,,,,,,,,,,,,,,,,,,,,,,,,,,,,,,,,,,,
12,J.Hatcher,00-0024307,no,WAS,DE,0,0,0,1,3,,,,,,,,,,,,,,,,,,,,,,,,,,,,,,,,,,,,,,,,,,,,,,,,,,
12,S.Bowen,00-0023954,no,WAS,DE,0,0,0,0,1,,,,,,,,,,,,,,,,,,,,,,,,,,,,,,,,,,,,,,,,,,,,,,,,,,
12,R.Kerrigan,00-0027954,no,WAS,OLB,1,0,0,1,2,,,,,,,,,,,,,,,,,,,,,,,,,,,,,,,,,,,,,,,,,,,,,,,,,,
12,B.Meriweather,00-0025411,no,WAS,SS,2,1,0,0,3,,,,,,,,,,,,,,,,,,,,,,,,,,,,,,,,,,,,,,,,,,,,,,,,,,
12,E.Manning,00-0022803,yes,NYG,QB,,,,,,,,,,,,,,,,,,,,,,,,,40,29,1,3,0,0,338,,,,,,,,,,,,,,,,,,,,,,,,
12,O.Beckham,00-0031235,yes,NYG,WR,,,,,,,,,,,,,,,,,,,,,,,,,,,,,,,,,,,,,-1,-1,0,1,0,43,43,10,2,0,0,146,1,-2,0,0,0,0,-2
12,R.Jennings,00-0027155,yes,NYG,RB,,,,,,,,,,,,,,,,,,,,,,,,,,,,,,,,,,,,,,,,,,27,0,8,0,0,0,68,19,12,0,0,0,0,52
12,H.Hynoski,00-0028492,yes,NYG,,,,,,,,,,,,,,,,,,,,,,,,,,,,,,,,,,,,,,,,,,,,,,,,,,2,4,0,0,0,0,4
12,A.Williams,00-0031055,yes,NYG,RB,,,,,,,,,,,,,,,,,,,,,,,,,,,,,,,,,,,,,,,,,,12,0,1,0,0,0,12,10,18,3,1,0,0,35
12,D.Fells,00-0023752,yes,NYG,TE,,,,,,,,,,,,,,,,,,,,,,,,,,,,,,,,,,,,,,,,,,13,0,3,0,0,0,35,,,,,,,
12,L.Donnell,00-0028838,yes,NYG,TE,,,,,,,,,,,,,,,,,,,,,,,,,,,,,,,,,,,,,,,,,,16,0,2,0,0,0,24,,,,,,,
12,P.Parker,00-0027450,yes,NYG,,,,,,,,,,,,,,,,,,,,,24,37,0,4,0,,,,,,,,,,,,,,,,,,16,0,1,0,0,0,16,,,,,,,
12,R.Randle,00-0029262,yes,NYG,WR,,,,,,,,,,,,,,,,,,,,,,,,,,,,,,,,,,,,,,,,,,21,0,3,0,0,0,36,,,,,,,
12,A.Robinson,00-0029281,yes,NYG,,,,,,,,,,,,,,,,,,,,,,,,,,,,,,,,,,,,,,,,,,,1,1,1,1,0,0,1,,,,,,,
12,J.Pierre-Paul,00-0027867,yes,NYG,,0,0,0,0,2,0,0,0,1,0,,,,,,,,,,,,,,,,,,,,,,,,,,,,,,,,,,,,,,,,,,,,,
12,J.Brown,00-0021940,yes,NYG,K,,,,,,,,,,,0,0,0,0,4,0,4,0,4,,,,,,,,,,,,,,,,,,,,,,,,,,,,,,,,,,,,
12,S.Weatherford,00-0024110,yes,NYG,,,,,,,,,,,,,,,,,,,,,,,,,,,,,,,,,38,0,63,4,220,,,,,,,,,,,,,,,,,,,
12,D.Kennard,00-0031241,yes,NYG,OLB,3,0,0,0,2,,,,,,,,,,,,,,,,,,,,,,,,,,,,,,,,,,,,,,,,,,,,,,,,,,
12,M.Herzlich,00-0028620,yes,NYG,OLB,3,0,0,0,3,,,,,,,,,,,,,,,,,,,,,,,,,,,,,,,,,,,,,,,,,,,,,,,,,,
12,Chy.Brown,00-0028102,yes,NYG,,0,0,0,0,1,,,,,,,,,,,,,,,,,,,,,,,,,,,,,,,,,,,,,,,,,,,,,,,,,,
12,D.Rodgers-Cromarti,00-0026156,yes,NYG,CB,0,0,0,0,5,,,,,,,,,,,,,,,,,,,,,,,,,,,,,,,,,,,,,,,,,,,,,,,,,,
12,S.Paysinger,00-0028368,yes,NYG,LB,0,0,0,0,2,,,,,,,,,,,,,,,,,,,,,,,,,,,,,,,,,,,,,,,,,,,,,,,,,,
12,Z.Bowman,00-0026282,yes,NYG,DB,0,0,0,0,2,,,,,,,,,,,,,,,,,,,,,,,,,,,,,,,,,,,,,,,,,,,,,,,,,,
12,J.Hosley,00-0029267,yes,NYG,CB,0,0,0,0,2,,,,,,,,,,,,,,,,,,,,,,,,,,,,,,,,,,,,,,,,,,,,,,,,,,
12,M.Kiwanuka,00-0024247,yes,NYG,,0,1,0,1,1,,,,,,,,,,,,,,,,,,,,,,,,,,,,,,,,,,,,,,,,,,,,,,,,,,
12,J.Hankins,00-0030063,yes,NYG,DT,2,0,0,0,3,,,,,,,,,,,,,,,,,,,,,,,,,,,,,,,,,,,,,,,,,,,,,,,,,,
12,D.Moore,00-0030069,yes,NYG,DE,0,0,0,1,1,,,,,,,,,,,,,,,,,,,,,,,,,,,,,,,,,,,,,,,,,,,,,,,,,,
12,J.McClain,00-0026407,yes,NYG,,1,0,0,0,4,,,,,,,,,,,,,,,,,,,,,,,,,,,,,,,,,,,,,,,,,,,,,,,,,,
12,R.Ayers,00-0026994,yes,NYG,DE,0,0,0,0,1,,,,,,,,,,,,,,,,,,,,,,,,,,,,,,,,,,,,,,,,,,,,,,,,,,
12,M.Patterson,00-0023466,yes,NYG,,1,0,0,0,2,,,,,,,,,,,,,,,,,,,,,,,,,,,,,,,,,,,,,,,,,,,,,,,,,,
12,S.Brown,00-0027842,yes,NYG,,0,0,0,0,3,,,,,,,,,,,,,,,,,,,,,,,,,,,,,,,,,,,,,,,,,,,,,,,,,,
12,A.Rolle,00-0023443,yes,NYG,SS,1,0,0,0,6,,,,,,,,,,,,,,,,,,,,,,,,,,,,,,,,,,,,,,,,,,,,,,,,,,
12,Q.Demps,00-0026257,yes,NYG,SS,3,0,0,0,0,,,,,,,,,,,,,,,,,,,,,,,,,,,,,,,,,,,,,,,,,,,,,,,,,,
12,T.Romo,00-0021678,no,DAL,QB,,,,,,1,0,1,0,0,,,,,,,,,,,,,,,26,18,0,4,0,0,275,,,,,,,,,,,,,,,,,,1,-2,0,0,0,0,-2
12,D.Murray,00-0028009,no,DAL,RB,,,,,,,,,,,,,,,,,,,,,,,,,,,,,,,,,,,,,,,,,,15,0,2,0,0,0,22,24,18,0,0,0,0,121
12,C.Beasley,00-0029000,no,DAL,WR,,,,,,,,,,,,,,,,,,,,,,,,,,,,,,,,,,,,,,,,,,45,45,2,1,0,0,66,,,,,,,
12,L.Dunbar,00-0029004,no,DAL,RB,,,,,,,,,,,,,,,,,,,,,,,,,,,,,,,,,,,,,,,,,,26,0,1,0,0,0,26,,,,,,,
12,J.Witten,00-0022127,no,DAL,TE,,,,,,,,,,,,,,,,,,,,,,,,,,,,,,,,,,,,,,,,,,15,4,4,1,0,0,30,,,,,,,
12,D.Bryant,00-0027902,no,DAL,WR,,,,,,,,,,,,,,,,,,,,,,,,,,,,,,,,,,,,,,,,,,31,31,7,2,0,0,86,,,,,,,
12,J.Hanna,00-0029634,no,DAL,TE,,,,,,,,,,,,,,,,,,,,,,,,,,,,,,,,,,,,,,,,,,27,0,1,0,0,0,27,,,,,,,
12,T.Williams,00-0030542,no,DAL,WR,,,,,,,,,,,,,,,,,,,,,,,,,,,,,,,,,,,,,,,,,,18,0,1,0,0,0,18,,,,,,,
12,D.Bailey,00-0028660,no,DAL,K,,,,,,,,,,,1,1,38,3,4,0,4,0,4,,,,,,,,,,,,,,,,,,,,,,,,,,,,,,,,,,,,
12,C.Jones,00-0028664,no,DAL,P,,,,,,,,,,,,,,,,,,,,,,,,,,,,,,,,49,2,57,4,195,,,,,,,,,,,,,,,,,,,
12,D.Harris,00-0028114,no,DAL,WR,,,,,,,,,,,,,,,,,,,,22,22,0,1,0,,,,,,,,,,,,,17,20,0,4,0,,,,,,,,,,,,,,
12,A.Hitchens,00-0031348,no,DAL,MLB,3,0,0,0,4,,,,,,,,,,,,,,,,,,,,,,,,,,,,,,,,,,,,,,,,,,,,,,,,,,
12,B.Carr,00-0026280,no,DAL,CB,1,0,0,0,3,,,,,,,,,,,,,,,,,,,,,,,,,,,,,,,,,,,,,,,,,,,,,,,,,,
12,T.Crawford,00-0029641,no,DAL,DT,1,0,0,0,2,,,,,,,,,,,,,,,,,,,,,,,,,,,,,,,,,,,,,,,,,,,,,,,,,,
12,S.Moore,00-0028767,no,DAL,DB,0,0,0,0,3,,,,,,,,,,,,,,,,,,,,,,,,,,,,,,,,,,,,,,,,,,,,,,,,,,
12,J.Heath,00-0030196,no,DAL,SS,0,0,0,0,3,,,,,,,,,,,,,,,,,,,,,,,,,,,,,,,,,,,,,,,,,,,,,,,,,,
12,D.Lawrence,00-0031411,no,DAL,DE,0,0,0,0,2,,,,,,,,,,,,,,,,,,,,,,,,,,,,,,,,,,,,,,,,,,,,,,,,,,
12,O.Scandrick,00-0026283,no,DAL,CB,1,0,0,0,5,,,,,,,,,,,,,,,,,,,,,,,,,,,,,,,,,,,,,,,,,,,,,,,,,,
12,G.Selvie,00-0027818,no,DAL,DE,2,0,0,1,2,,,,,,,,,,,,,,,,,,,,,,,,,,,,,,,,,,,,,,,,,,,,,,,,,,
12,B.Church,00-0027416,no,DAL,SS,0,0,1,0,7,,,,,,,,,,,,,,,,,,,,,,,,,,,,,,,,,,,,,,,,,,,,,,,,,,
12,N.Hayden,00-0026321,no,DAL,DT,3,0,0,0,3,,,,,,,,,,,,,,,,,,,,,,,,,,,,,,,,,,,,,,,,,,,,,,,,,,
12,K.Wilber,00-0029647,no,DAL,OLB,1,0,0,0,1,,,,,,,,,,,,,,,,,,,,,,,,,,,,,,,,,,,,,,,,,,,,,,,,,,
12,J.Wilcox,00-0030543,no,DAL,FS,4,0,0,0,4,,,,,,,,,,,,,,,,,,,,,,,,,,,,,,,,,,,,,,,,,,,,,,,,,,
12,B.Carter,00-0027978,no,DAL,LB,3,0,0,0,4,,,,,,,,,,,,,,,,,,,,,,,,,,,,,,,,,,,,,,,,,,,,,,,,,,
12,C.Spillman,00-0026758,no,DAL,,0,0,0,0,1,,,,,,,,,,,,,,,,,,,,,,,,,,,,,,,,,,,,,,,,,,,,,,,,,,
12,J.Mincey,00-0024405,no,DAL,DE,2,0,0,1,2,,,,,,,,,,,,,,,,,,,,,,,,,,,,,,,,,,,,,,,,,,,,,,,,,,
12,J.Crawford,00-0029627,no,DAL,DE,0,0,0,0,2,,,,,,,,,,,,,,,,,,,,,,,,,,,,,,,,,,,,,,,,,,,,,,,,,,
12,A.Spencer,00-0025413,no,DAL,LB,1,0,0,0,1,,,,,,,,,,,,,,,,,,,,,,,,,,,,,,,,,,,,,,,,,,,,,,,,,,
12,R.McClain,00-0027904,no,DAL,,1,0,0,0,10,,,,,,,,,,,,,,,,,,,,,,,,,,,,,,,,,,,,,,,,,,,,,,,,,,
12,D.Brees,00-0020531,yes,NO,QB,,,,,,,,,,,,,,,,,,,,,,,,,45,35,1,3,0,0,420,,,,,,,,,,,,,,,,,,3,9,0,0,0,0,15
12,J.Morgan,00-0028532,yes,NO,WR,,,,,,,,,,,,,,,,,,,,,,,,,,,,,,,,,,,,,,,,,,62,0,1,0,0,0,62,1,67,0,0,0,0,67
12,M.Ingram,00-0027966,yes,NO,RB,,,,,,0,0,1,0,0,,,,,,,,,,,,,,,,,,,,,,,,,,,,,,,,13,0,2,0,0,0,15,11,9,0,0,0,0,27
12,K.Stills,00-0030085,yes,NO,WR,,,,,,,,,,,,,,,,,,,,,,,,,,,,,,,,,,,,,,,,,,33,0,8,0,0,0,98,1,-2,0,0,0,0,-2
12,P.Thomas,00-0024813,yes,NO,,,,,,,,,,,,,,,,,,,,,,,,,,,,,,,,,,,,,,,,,,,16,0,6,0,0,0,37,5,5,0,0,0,0,19
12,B.Watson,00-0022943,yes,NO,TE,,,,,,,,,,,,,,,,,,,,,,,,,,,,,,,,,,,,,,,,,,4,0,1,0,0,0,4,,,,,,,
12,N.Toon,00-0029667,yes,NO,,,,,,,,,,,,,,,,,,,,,,,,,,,,,,,,,,,,,,,,,,,21,0,3,0,0,0,42,,,,,,,
12,T.Cadet,00-0029205,yes,NO,,,,,,,,,,,,,,,,,,,,,20,20,0,1,0,,,,,,,,,,,,,,,,,,6,0,2,0,0,0,11,,,,,,,
12,J.Hill,00-0030216,yes,NO,TE,,,,,,,,,,,,,,,,,,,,,,,,,,,,,,,,,,,,,,,,,,17,0,2,0,0,0,22,,,,,,,
12,M.Colston,00-0024466,yes,NO,WR,,,,,,,,,,,,,,,,,,,,,,,,,,,,,,,,,,,,,,,,,,28,26,4,1,0,0,82,,,,,,,
12,J.Graham,00-0027696,yes,NO,TE,,,,,,,,,,,,,,,,,,,,,,,,,,,,,,,,,,,,,,,,,,11,10,6,2,0,0,47,,,,,,,
12,P.Warren,00-0030814,yes,NO,,2,1,0,0,5,0,0,0,1,0,,,,,,,,,,,,,,,,,,,,,,,,,,,,,,,,,,,,,,,,,,,,,
12,J.Evans,00-0024323,yes,NO,G,,,,,,0,1,0,1,0,,,,,,,,,,,,,,,,,,,,,,,,,,,,,,,,,,,,,,,,,,,,,
12,S.Graham,00-0019536,yes,NO,,,,,,,,,,,,2,2,34,6,3,0,3,0,3,,,,,,,,,,,,,,,,,,,,,,,,,,,,,,,,,,,,
12,T.Morstead,00-0027114,yes,NO,P,,,,,,,,,,,,,,,,,,,,,,,,,,,,,,,,49,1,61,3,146,,,,,,,,,,,,,,,,,,,
12,J.Saunders,00-0031053,yes,NO,,,,,,,,,,,,,,,,,,,,,,,,,,,,,,,,,,,,,,7,7,0,1,0,,,,,,,,,,,,,,
12,C.White,00-0029658,yes,NO,DB,0,0,0,0,1,,,,,,,,,,,,,,,,,,,,,,,,,,,,,,,,,,,,,,,,,,,,,,,,,,
12,J.Jenkins,00-0030070,yes,NO,DT,2,0,0,0,1,,,,,,,,,,,,,,,,,,,,,,,,,,,,,,,,,,,,,,,,,,,,,,,,,,
12,M.Ball,00-0030640,yes,NO,,0,0,0,0,1,,,,,,,,,,,,,,,,,,,,,,,,,,,,,,,,,,,,,,,,,,,,,,,,,,
12,B.Bunkley,00-0024229,yes,NO,,1,0,0,0,0,,,,,,,,,,,,,,,,,,,,,,,,,,,,,,,,,,,,,,,,,,,,,,,,,,
12,K.Vaccaro,00-0030060,yes,NO,SS,1,0,0,0,3,,,,,,,,,,,,,,,,,,,,,,,,,,,,,,,,,,,,,,,,,,,,,,,,,,
12,C.Lofton,00-0026177,yes,NO,MLB,1,0,0,0,6,,,,,,,,,,,,,,,,,,,,,,,,,,,,,,,,,,,,,,,,,,,,,,,,,,
12,D.Hawthorne,00-0025999,yes,NO,OLB,5,0,0,0,1,,,,,,,,,,,,,,,,,,,,,,,,,,,,,,,,,,,,,,,,,,,,,,,,,,
12,A.Hicks,00-0029657,yes,NO,DE,1,0,0,0,2,,,,,,,,,,,,,,,,,,,,,,,,,,,,,,,,,,,,,,,,,,,,,,,,,,
12,K.Lewis,00-0026903,yes,NO,CB,0,0,0,0,3,,,,,,,,,,,,,,,,,,,,,,,,,,,,,,,,,,,,,,,,,,,,,,,,,,
12,J.Galette,00-0027551,yes,NO,DE,0,0,0,1,4,,,,,,,,,,,,,,,,,,,,,,,,,,,,,,,,,,,,,,,,,,,,,,,,,,
12,K.Edebali,00-0031255,yes,NO,OLB,0,0,0,0,2,,,,,,,,,,,,,,,,,,,,,,,,,,,,,,,,,,,,,,,,,,,,,,,,,,
12,P.Robinson,00-0027882,yes,NO,CB,1,0,0,0,4,,,,,,,,,,,,,,,,,,,,,,,,,,,,,,,,,,,,,,,,,,,,,,,,,,
12,P.Haralson,00-0024354,yes,NO,,2,0,0,0,2,,,,,,,,,,,,,,,,,,,,,,,,,,,,,,,,,,,,,,,,,,,,,,,,,,
12,C.Jordan,00-0027962,yes,NO,DE,0,0,0,0,4,,,,,,,,,,,,,,,,,,,,,,,,,,,,,,,,,,,,,,,,,,,,,,,,,,
12,J.Flacco,00-0026158,no,BAL,QB,,,,,,,,,,,,,,,,,,,,,,,,,24,18,0,1,0,0,243,,,,,,,,,,,,,,,,,,2,3,0,0,0,0,2
12,B.Pierce,00-0029264,no,BAL,RB,,,,,,,,,,,,,,,,,,,,,,,,,,,,,,,,,,,,,,,,,,6,0,1,0,0,0,6,7,26,0,0,0,0,28
12,J.Jones,00-0025460,no,BAL,WR,,,,,,,,,,,,,,,,,,,,26,29,0,2,0,,,,,,,,,,,,,0,0,0,2,0,,,,,,,,1,3,0,0,0,0,3
12,J.Forsett,00-0026373,no,BAL,RB,,,,,,,,,,,,,,,,,,,,,,,,,,,,,,,,,,,,,,,,,,8,0,2,0,0,0,8,22,38,20,2,0,0,182
12,M.Brown,00-0030400,no,BAL,WR,,,,,,,,,,,,,,,,,,,,,,,,,,,,,,,,,,,,,,,,,,14,0,1,0,0,0,14,,,,,,,
12,K.Juszczyk,00-0029892,no,BAL,FB,,,,,,1,0,1,0,0,,,,,,,,,,,,,,,,,,,,,,,,,,,,,,,,8,0,3,0,0,0,21,,,,,,,
12,S.Smith,00-0020337,no,BAL,WR,,,,,,,,,,,,,,,,,,,,,,,,,,,,,,,,,,,,,,,,,,40,15,4,1,0,0,89,,,,,,,
12,O.Daniels,00-0024313,no,BAL,TE,,,,,,,,,,,,,,,,,,,,,,,,,,,,,,,,,,,,,,,,,,8,0,2,0,0,0,7,,,,,,,
12,T.Smith,00-0027996,no,BAL,WR,,,,,,,,,,,,,,,,,,,,,,,,,,,,,,,,,,,,,,,,,,40,0,5,0,0,0,98,,,,,,,
12,J.Tucker,00-0029597,no,BAL,K,,,,,,,,,,,2,2,55,6,4,0,4,0,4,,,,,,,,,,,,,,,,,,,,,,,,,,,,,,,,,,,,
12,S.Koch,00-0024417,no,BAL,P,,,,,,,,,,,,,,,,,,,,,,,,,,,,,,,,60,2,73,2,126,,,,,,,,,,,,,,,,,,,
12,D.Smith,00-0022839,no,BAL,ILB,0,0,0,0,5,,,,,,,,,,,,,,,,,,,,,,,,,,,,,,,,,,,,,,,,,,,,,,,,,,
12,C.Canty,00-0023566,no,BAL,DE,0,0,0,0,2,,,,,,,,,,,,,,,,,,,,,,,,,,,,,,,,,,,,,,,,,,,,,,,,,,
12,H.Ngata,00-0024227,no,BAL,DT,1,0,0,0,0,,,,,,,,,,,,,,,,,,,,,,,,,,,,,,,,,,,,,,,,,,,,,,,,,,
12,B.Williams,00-0030511,no,BAL,NT,1,1,0,0,3,,,,,,,,,,,,,,,,,,,,,,,,,,,,,,,,,,,,,,,,,,,,,,,,,,
12,C.Mosley,00-0031296,no,BAL,ILB,0,0,0,1,9,,,,,,,,,,,,,,,,,,,,,,,,,,,,,,,,,,,,,,,,,,,,,,,,,,
12,A.Levine,00-0027539,no,BAL,CB,1,0,0,0,8,,,,,,,,,,,,,,,,,,,,,,,,,,,,,,,,,,,,,,,,,,,,,,,,,,
12,D.Gorrer,00-0026837,no,BAL,,0,0,0,0,8,,,,,,,,,,,,,,,,,,,,,,,,,,,,,,,,,,,,,,,,,,,,,,,,,,
12,T.Suggs,00-0022161,no,BAL,OLB,2,0,0,1,4,,,,,,,,,,,,,,,,,,,,,,,,,,,,,,,,,,,,,,,,,,,,,,,,,,
12,W.Hill,00-0029407,no,BAL,SS,2,0,1,0,2,,,,,,,,,,,,,,,,,,,,,,,,,,,,,,,,,,,,,,,,,,,,,,,,,,
12,D.Stewart,00-0027256,no,BAL,FS,0,0,0,0,1,,,,,,,,,,,,,,,,,,,,,,,,,,,,,,,,,,,,,,,,,,,,,,,,,,
12,T.Brooks,00-0031338,no,BAL,FS,0,0,0,0,1,,,,,,,,,,,,,,,,,,,,,,,,,,,,,,,,,,,,,,,,,,,,,,,,,,
12,L.Webb,00-0027060,no,BAL,CB,1,0,0,0,3,,,,,,,,,,,,,,,,,,,,,,,,,,,,,,,,,,,,,,,,,,,,,,,,,,
12,M.Elam,00-0030559,no,BAL,SS,0,0,0,0,1,,,,,,,,,,,,,,,,,,,,,,,,,,,,,,,,,,,,,,,,,,,,,,,,,,
12,C.Upshaw,00-0029252,no,BAL,OLB,0,0,0,0,2,,,,,,,,,,,,,,,,,,,,,,,,,,,,,,,,,,,,,,,,,,,,,,,,,,
12,E.Dumervil,00-0024341,no,BAL,OLB,0,0,0,2,3,,,,,,,,,,,,,,,,,,,,,,,,,,,,,,,,,,,,,,,,,,,,,,,,,,
