name,id,home,team,pos,defense_ast,defense_ffum,defense_int,defense_sk,defense_tkl,fumbles_lost,fumbles_rcv,fumbles_tot,fumbles_trcv,fumbles_yds,kicking_fga,kicking_fgm,kicking_fgyds,kicking_totpfg,kicking_xpa,kicking_xpb,kicking_xpmade,kicking_xpmissed,kicking_xptot,kickret_avg,kickret_lng,kickret_lngtd,kickret_ret,kickret_tds,passing_att,passing_cmp,passing_ints,passing_tds,passing_twopta,passing_twoptm,passing_yds,punting_avg,punting_i20,punting_lng,punting_pts,punting_yds,puntret_avg,puntret_lng,puntret_lngtd,puntret_ret,puntret_tds,receiving_lng,receiving_lngtd,receiving_rec,receiving_tds,receiving_twopta,receiving_twoptm,receiving_yds,rushing_att,rushing_lng,rushing_lngtd,rushing_tds,rushing_twopta,rushing_twoptm,rushing_yds
C.Shorts,00-0028052,yes,JAC,WR,,,,,,,,,,,,,,,,,,,,,,,,,1,1,0,0,0,0,9,,,,,,,,,,,9,0,2,0,0,0,15,,,,,,,
B.Bortles,00-0031407,yes,JAC,QB,,,,,,0,0,1,0,0,,,,,,,,,,,,,,,26,13,0,1,0,0,115,,,,,,,,,,,,,,,,,,5,19,0,0,0,0,50
S.Johnson,00-0031243,yes,JAC,,,,,,,,,,,,,,,,,,,,,,,,,,,,,,,,,,,,,,,,,,,,,,,,,,3,2,0,0,0,0,3
J.Todman,00-0028121,yes,JAC,RB,,,,,,,,,,,,,,,,,,,,29,29,0,1,0,,,,,,,,,,,,,,,,,,9,0,2,0,0,0,5,5,62,62,1,0,0,71
T.Gerhart,00-0027888,yes,JAC,RB,,,,,,0,1,0,1,0,,,,,,,,,,,,,,,,,,,,,,,,,,,,,,,,7,0,1,0,0,0,7,12,14,1,1,0,0,53
A.Hurns,00-0030821,yes,JAC,WR,,,,,,,,,,,,,,,,,,,,,,,,,,,,,,,,,,,,,,,,,,15,0,3,0,0,0,26,,,,,,,
M.Lewis,00-0024243,yes,JAC,TE,,,,,,,,,,,,,,,,,,,,,,,,,,,,,,,,,,,,,,,,,,4,4,2,1,0,0,6,,,,,,,
M.Lee,00-0031431,yes,JAC,WR,,,,,,,,,,,,,,,,,,,,,,,,,,,,,,,,,,,,,,,,,,34,0,4,0,0,0,65,,,,,,,
J.Scobee,00-0022874,yes,JAC,,,,,,,,,,,,0,0,0,0,3,0,3,0,3,,,,,,,,,,,,,,,,,,,,,,,,,,,,,,,,,,,,
B.Anger,00-0029692,yes,JAC,P,,,,,,,,,,,,,,,,,,,,,,,,,,,,,,,,39,1,61,7,321,,,,,,,,,,,,,,,,,,,
A.Sanders,00-0030550,yes,JAC,,,,,,,,,,,,,,,,,,,,,,,,,,,,,,,,,,,,,,5,7,0,2,0,,,,,,,,,,,,,,
E.Hood,00-0027008,yes,JAC,DE,1,0,0,0,1,,,,,,,,,,,,,,,,,,,,,,,,,,,,,,,,,,,,,,,,,,,,,,,,,,
A.Jones,00-0029946,yes,JAC,DT,2,0,0,1,3,,,,,,,,,,,,,,,,,,,,,,,,,,,,,,,,,,,,,,,,,,,,,,,,,,
A.Colvin,00-0031259,yes,JAC,CB,0,0,0,0,7,,,,,,,,,,,,,,,,,,,,,,,,,,,,,,,,,,,,,,,,,,,,,,,,,,
J.Thomas,00-0028133,yes,JAC,OLB,5,0,0,0,5,,,,,,,,,,,,,,,,,,,,,,,,,,,,,,,,,,,,,,,,,,,,,,,,,,
J.Cyprien,00-0030538,yes,JAC,SS,1,0,0,0,3,,,,,,,,,,,,,,,,,,,,,,,,,,,,,,,,,,,,,,,,,,,,,,,,,,
D.Gratz,00-0030539,yes,JAC,CB,2,0,0,0,3,,,,,,,,,,,,,,,,,,,,,,,,,,,,,,,,,,,,,,,,,,,,,,,,,,
C.Smith,00-0031264,yes,JAC,DE,0,0,0,1,2,,,,,,,,,,,,,,,,,,,,,,,,,,,,,,,,,,,,,,,,,,,,,,,,,,
T.Smith,00-0031309,yes,JAC,OLB,5,0,0,0,10,,,,,,,,,,,,,,,,,,,,,,,,,,,,,,,,,,,,,,,,,,,,,,,,,,
T.Alualu,00-0027862,yes,JAC,DT,1,0,0,0,0,,,,,,,,,,,,,,,,,,,,,,,,,,,,,,,,,,,,,,,,,,,,,,,,,,
S.Marks,00-0027038,yes,JAC,DT,0,0,0,1,3,,,,,,,,,,,,,,,,,,,,,,,,,,,,,,,,,,,,,,,,,,,,,,,,,,
J.Evans,00-0030557,yes,JAC,SS,2,0,0,0,2,,,,,,,,,,,,,,,,,,,,,,,,,,,,,,,,,,,,,,,,,,,,,,,,,,
R.Davis,00-0029053,yes,JAC,DE,1,0,0,1,1,,,,,,,,,,,,,,,,,,,,,,,,,,,,,,,,,,,,,,,,,,,,,,,,,,
D.McCray,00-0030451,yes,JAC,CB,0,0,0,0,4,,,,,,,,,,,,,,,,,,,,,,,,,,,,,,,,,,,,,,,,,,,,,,,,,,
C.Whitehurst,00-0024296,no,TEN,QB,,,,,,,,,,,,,,,,,,,,,,,,,35,24,0,1,0,0,287,,,,,,,,,,,,,,,,,,3,10,0,0,0,0,12
B.Sankey,00-0031413,no,TEN,RB,,,,,,,,,,,,,,,,,,,,,,,,,,,,,,,,,,,,,,,,,,9,0,1,0,0,0,9,14,8,0,0,0,0,44
S.Greene,00-0026899,no,TEN,,,,,,,,,,,,,,,,,,,,,,,,,,,,,,,,,,,,,,,,,,,,,,,,,,7,11,0,0,0,0,28
L.Washington,00-0024332,no,TEN,,,,,,,,,,,,,,,,,,,,,12,12,0,1,0,,,,,,,,,,,,,6,10,0,4,0,25,8,7,1,0,0,62,4,11,0,0,0,0,11
D.Walker,00-0024389,no,TEN,TE,,,,,,,,,,,,,,,,,,,,,,,,,,,,,,,,,,,,,,,,,,21,0,4,0,0,0,54,,,,,,,
K.Durham,00-0028045,no,TEN,,,,,,,,,,,,,,,,,,,,,,,,,,,,,,,,,,,,,,,,,,,9,0,2,0,0,0,10,,,,,,,
N.Washington,00-0023367,no,TEN,WR,,,,,,,,,,,,,,,,,,,,,,,,,,,,,,,,,,,,,,,,,,9,0,2,0,0,0,18,,,,,,,
C.Coffman,00-0027069,no,TEN,TE,,,,,,,,,,,,,,,,,,,,,,,,,,,,,,,,,,,,,,,,,,14,0,1,0,0,0,14,,,,,,,
D.Hagan,00-0024297,no,TEN,,,,,,,,,,,,,,,,,,,,,,,,,,,,,,,,,,,,,,,,,,,20,0,3,0,0,0,47,,,,,,,
K.Wright,00-0029708,no,TEN,WR,,,,,,,,,,,,,,,,,,,,,,,,,,,,,,,,,,,,,,,,,,39,0,4,0,0,0,73,,,,,,,
R.Succop,00-0026968,no,TEN,K,,,,,,,,,,,2,2,50,6,1,0,1,0,1,,,,,,,,,,,,,,,,,,,,,,,,,,,,,,,,,,,,
B.Kern,00-0025825,no,TEN,P,,,,,,,,,,,,,,,,,,,,,,,,,,,,,,,,34,1,51,5,203,,,,,,,,,,,,,,,,,,,
K.Wimbley,00-0024228,no,TEN,,0,0,0,0,1,,,,,,,,,,,,,,,,,,,,,,,,,,,,,,,,,,,,,,,,,,,,,,,,,,
D.Jones,00-0031054,no,TEN,DE,2,0,0,0,0,,,,,,,,,,,,,,,,,,,,,,,,,,,,,,,,,,,,,,,,,,,,,,,,,,
K.Klug,00-0028080,no,TEN,DE,0,0,0,0,1,,,,,,,,,,,,,,,,,,,,,,,,,,,,,,,,,,,,,,,,,,,,,,,,,,
A.Williamson,00-0031263,no,TEN,ILB,3,0,0,0,1,,,,,,,,,,,,,,,,,,,,,,,,,,,,,,,,,,,,,,,,,,,,,,,,,,
G.Wilson,00-0022341,no,TEN,,0,0,0,0,6,,,,,,,,,,,,,,,,,,,,,,,,,,,,,,,,,,,,,,,,,,,,,,,,,,
J.McCourty,00-0027136,no,TEN,CB,1,0,0,0,2,,,,,,,,,,,,,,,,,,,,,,,,,,,,,,,,,,,,,,,,,,,,,,,,,,
C.Sensabaugh,00-0029529,no,TEN,CB,1,0,0,0,4,,,,,,,,,,,,,,,,,,,,,,,,,,,,,,,,,,,,,,,,,,,,,,,,,,
D.Stafford,00-0030491,no,TEN,SS,1,0,0,0,0,,,,,,,,,,,,,,,,,,,,,,,,,,,,,,,,,,,,,,,,,,,,,,,,,,
R.Pitoitua,00-0026016,no,TEN,DE,1,0,0,0,0,,,,,,,,,,,,,,,,,,,,,,,,,,,,,,,,,,,,,,,,,,,,,,,,,,
S.Hill,00-0027084,no,TEN,NT,0,0,0,1,2,,,,,,,,,,,,,,,,,,,,,,,,,,,,,,,,,,,,,,,,,,,,,,,,,,
D.Morgan,00-0027868,no,TEN,OLB,1,1,0,2,5,,,,,,,,,,,,,,,,,,,,,,,,,,,,,,,,,,,,,,,,,,,,,,,,,,
W.Woodyard,00-0025828,no,TEN,ILB,3,0,0,1,2,,,,,,,,,,,,,,,,,,,,,,,,,,,,,,,,,,,,,,,,,,,,,,,,,,
M.Huff,00-0031059,no,TEN,SS,0,0,0,0,1,,,,,,,,,,,,,,,,,,,,,,,,,,,,,,,,,,,,,,,,,,,,,,,,,,
J.Casey,00-0028015,no,TEN,DE,1,0,0,0,2,,,,,,,,,,,,,,,,,,,,,,,,,,,,,,,,,,,,,,,,,,,,,,,,,,
M.Griffin,00-0025406,no,TEN,FS,2,0,0,0,2,,,,,,,,,,,,,,,,,,,,,,,,,,,,,,,,,,,,,,,,,,,,,,,,,,
Q.Groves,00-0026192,no,TEN,,0,0,0,0,1,,,,,,,,,,,,,,,,,,,,,,,,,,,,,,,,,,,,,,,,,,,,,,,,,,
R.Griffin,00-0029665,yes,WAS,QB,,,,,,0,1,1,1,-4,,,,,,,,,,,,,,,23,16,1,0,0,0,220,,,,,,,,,,,,,,,,,,5,7,0,0,0,0,11
D.Young,00-0026852,yes,WAS,FB,,,,,,,,,,,,,,,,,,,,,,,,,,,,,,,,,,,,,,,,,,3,0,1,0,0,0,3,2,1,1,2,0,0,2
A.Morris,00-0029141,yes,WAS,RB,,,,,,,,,,,,,,,,,,,,,,,,,,,,,,,,,,,,,,,,,,,,,,,,,21,28,28,1,0,0,83
S.Redd,00-0031008,yes,WAS,RB,,,,,,,,,,,,,,,,,,,,,,,,,,,,,,,,,,,,,,,,,,,,,,,,,1,4,0,0,0,0,4
P.Garcon,00-0026345,yes,WAS,WR,,,,,,,,,,,,,,,,,,,,,,,,,,,,,,,,,,,,,,,,,,23,0,4,0,0,0,61,,,,,,,
C.Thompson,00-0030404,yes,WAS,RB,,,,,,,,,,,,,,,,,,,,,,,,,,,,,,,,,,,,,,,,,,5,0,3,0,0,0,5,,,,,,,
D.Jackson,00-0026189,yes,WAS,WR,,,,,,,,,,,,,,,,,,,,,,,,,,,,,,,,,,,,,,,,,,55,0,4,0,0,0,126,,,,,,,
J.Reed,00-0030472,yes,WAS,TE,,,,,,,,,,,,,,,,,,,,,,,,,,,,,,,,,,,,,,,,,,4,0,2,0,0,0,5,,,,,,,
L.Paulsen,00-0027215,yes,WAS,TE,,,,,,,,,,,,,,,,,,,,,,,,,,,,,,,,,,,,,,,,,,6,0,1,0,0,0,6,,,,,,,
A.Roberts,00-0027691,yes,WAS,WR,,,,,,1,0,1,0,0,,,,,,,,,,23,42,0,4,0,,,,,,,,,,,,,,,,,,14,0,1,0,0,0,14,,,,,,,
R.Kerrigan,00-0027954,yes,WAS,OLB,0,1,0,1,6,0,0,0,1,0,,,,,,,,,,,,,,,,,,,,,,,,,,,,,,,,,,,,,,,,,,,,,
K.Forbath,00-0028787,yes,WAS,,,,,,,,,,,,2,2,26,6,3,0,3,0,3,,,,,,,,,,,,,,,,,,,,,,,,,,,,,,,,,,,,
T.Way,00-0030140,yes,WAS,P,,,,,,,,,,,,,,,,,,,,,,,,,,,,,,,,41,3,55,3,133,,,,,,,,,,,,,,,,,,,
B.Cofield,00-0024339,yes,WAS,,0,0,0,0,1,,,,,,,,,,,,,,,,,,,,,,,,,,,,,,,,,,,,,,,,,,,,,,,,,,
E.Biggers,00-0026945,yes,WAS,DB,1,0,0,0,2,,,,,,,,,,,,,,,,,,,,,,,,,,,,,,,,,,,,,,,,,,,,,,,,,,
Trev.Williams,00-0030413,yes,WAS,,0,0,0,1,3,,,,,,,,,,,,,,,,,,,,,,,,,,,,,,,,,,,,,,,,,,,,,,,,,,
W.Compton,00-0029869,yes,WAS,ILB,4,0,0,0,11,,,,,,,,,,,,,,,,,,,,,,,,,,,,,,,,,,,,,,,,,,,,,,,,,,
D.Amerson,00-0030420,yes,WAS,CB,1,0,0,0,4,,,,,,,,,,,,,,,,,,,,,,,,,,,,,,,,,,,,,,,,,,,,,,,,,,
P.Thomas,00-0030423,yes,WAS,,2,0,0,0,5,,,,,,,,,,,,,,,,,,,,,,,,,,,,,,,,,,,,,,,,,,,,,,,,,,
S.Bowen,00-0023954,yes,WAS,DE,0,0,0,0,2,,,,,,,,,,,,,,,,,,,,,,,,,,,,,,,,,,,,,,,,,,,,,,,,,,
J.Jenkins,00-0027979,yes,WAS,DE,0,0,0,0,1,,,,,,,,,,,,,,,,,,,,,,,,,,,,,,,,,,,,,,,,,,,,,,,,,,
B.Breeland,00-0031052,yes,WAS,CB,2,0,1,0,2,,,,,,,,,,,,,,,,,,,,,,,,,,,,,,,,,,,,,,,,,,,,,,,,,,
P.Riley,00-0027704,yes,WAS,ILB,4,0,0,0,8,,,,,,,,,,,,,,,,,,,,,,,,,,,,,,,,,,,,,,,,,,,,,,,,,,
R.Clark,00-0020840,yes,WAS,,2,0,0,0,13,,,,,,,,,,,,,,,,,,,,,,,,,,,,,,,,,,,,,,,,,,,,,,,,,,
C.Baker,00-0026512,yes,WAS,NT,1,0,0,0,1,,,,,,,,,,,,,,,,,,,,,,,,,,,,,,,,,,,,,,,,,,,,,,,,,,
K.Golston,00-0024410,yes,WAS,DE,0,0,0,0,1,,,,,,,,,,,,,,,,,,,,,,,,,,,,,,,,,,,,,,,,,,,,,,,,,,
J.Jeffcoat,00-0030771,yes,WAS,OLB,1,0,0,1,1,,,,,,,,,,,,,,,,,,,,,,,,,,,,,,,,,,,,,,,,,,,,,,,,,,
T.Robinson,00-0029297,yes,WAS,SS,0,0,0,0,1,,,,,,,,,,,,,,,,,,,,,,,,,,,,,,,,,,,,,,,,,,,,,,,,,,
M.Sanchez,00-0026898,no,PHI,QB,,,,,,1,0,1,0,0,,,,,,,,,,,,,,,50,37,1,2,0,0,374,,,,,,,,,,,,,,,,,,5,6,0,0,0,0,22
D.Sproles,00-0023564,no,PHI,RB,,,,,,,,,,,,,,,,,,,,,,,,,,,,,,,,,,,,,5,6,0,2,0,18,0,6,0,0,0,43,4,12,0,0,0,0,24
L.McCoy,00-0027029,no,PHI,RB,,,,,,,,,,,,,,,,,,,,,,,,,,,,,,,,,,,,,,,,,,18,0,3,0,0,0,28,22,22,11,1,0,0,88
B.Celek,00-0025549,no,PHI,TE,,,,,,,,,,,,,,,,,,,,,,,,,,,,,,,,,,,,,,,,,,15,0,1,0,0,0,15,,,,,,,
J.Matthews,00-0031299,no,PHI,WR,,,,,,,,,,,,,,,,,,,,,,,,,,,,,,,,,,,,,,,,,,26,0,3,0,0,0,58,,,,,,,
J.Maclin,00-0026995,no,PHI,WR,,,,,,,,,,,,,,,,,,,,,,,,,,,,,,,,,,,,,,,,,,22,0,4,0,0,0,62,,,,,,,
Z.Ertz,00-0030061,no,PHI,TE,,,,,,,,,,,,,,,,,,,,,,,,,,,,,,,,,,,,,,,,,,16,0,15,0,0,0,115,,,,,,,
R.Cooper,00-0027758,no,PHI,WR,,,,,,,,,,,,,,,,,,,,,,,,,,,,,,,,,,,,,,,,,,16,16,5,2,0,0,53,,,,,,,
N.Carroll,00-0027744,no,PHI,CB,,,,,,0,0,0,1,0,,,,,,,,,,,,,,,,,,,,,,,,,,,,,,,,,,,,,,,,,,,,,
C.Parkey,00-0030850,no,PHI,K,,,,,,,,,,,3,1,22,3,3,0,3,0,3,,,,,,,,,,,,,,,,,,,,,,,,,,,,,,,,,,,,
D.Jones,00-0022684,no,PHI,P,,,,,,,,,,,,,,,,,,,,,,,,,,,,,,,,36,1,38,2,72,,,,,,,,,,,,,,,,,,,
J.Huff,00-0030990,no,PHI,WR,,,,,,,,,,,,,,,,,,,,21,23,0,3,0,,,,,,,,,,,,,,,,,,,,,,,,,,,,,,,
T.Burton,00-0030710,no,PHI,TE,,,,,,,,,,,,,,,,,,,,0,0,0,1,0,,,,,,,,,,,,,,,,,,,,,,,,,,,,,,,
C.Thornton,00-0028424,no,PHI,DE,2,0,0,0,2,,,,,,,,,,,,,,,,,,,,,,,,,,,,,,,,,,,,,,,,,,,,,,,,,,
B.Fletcher,00-0027041,no,PHI,DB,1,0,0,0,3,,,,,,,,,,,,,,,,,,,,,,,,,,,,,,,,,,,,,,,,,,,,,,,,,,
C.Matthews,00-0028054,no,PHI,LB,2,0,0,0,1,,,,,,,,,,,,,,,,,,,,,,,,,,,,,,,,,,,,,,,,,,,,,,,,,,
F.Cox,00-0029653,no,PHI,DE,0,0,0,1,3,,,,,,,,,,,,,,,,,,,,,,,,,,,,,,,,,,,,,,,,,,,,,,,,,,
B.Allen,00-0031089,no,PHI,DT,1,0,0,0,0,,,,,,,,,,,,,,,,,,,,,,,,,,,,,,,,,,,,,,,,,,,,,,,,,,
B.Boykin,00-0029416,no,PHI,DB,1,0,0,0,3,,,,,,,,,,,,,,,,,,,,,,,,,,,,,,,,,,,,,,,,,,,,,,,,,,
C.Barwin,00-0027022,no,PHI,OLB,2,0,0,0,2,,,,,,,,,,,,,,,,,,,,,,,,,,,,,,,,,,,,,,,,,,,,,,,,,,
M.Jenkins,00-0026990,no,PHI,FS,2,0,0,0,2,,,,,,,,,,,,,,,,,,,,,,,,,,,,,,,,,,,,,,,,,,,,,,,,,,
C.Williams,00-0026369,no,PHI,CB,0,0,0,0,2,,,,,,,,,,,,,,,,,,,,,,,,,,,,,,,,,,,,,,,,,,,,,,,,,,
B.Graham,00-0027865,no,PHI,OLB,4,0,0,0,2,,,,,,,,,,,,,,,,,,,,,,,,,,,,,,,,,,,,,,,,,,,,,,,,,,
E.Acho,00-0029428,no,PHI,,5,0,0,0,1,,,,,,,,,,,,,,,,,,,,,,,,,,,,,,,,,,,,,,,,,,,,,,,,,,
N.Allen,00-0027652,no,PHI,SS,1,0,1,0,1,,,,,,,,,,,,,,,,,,,,,,,,,,,,,,,,,,,,,,,,,,,,,,,,,,
B.Logan,00-0030507,no,PHI,NT,0,0,0,0,3,,,,,,,,,,,,,,,,,,,,,,,,,,,,,,,,,,,,,,,,,,,,,,,,,,
M.Kendricks,00-0029409,no,PHI,ILB,3,0,0,1,7,,,,,,,,,,,,,,,,,,,,,,,,,,,,,,,,,,,,,,,,,,,,,,,,,,
C.Kaepernick,00-0027974,yes,SF,QB,,,,,,1,0,1,0,0,,,,,,,,,,,,,,,24,15,0,1,0,0,114,,,,,,,,,,,,,,,,,,7,90,90,1,0,0,151
B.Miller,00-0028149,yes,SF,FB,,,,,,1,0,1,0,0,,,,,,,,,,,,,,,,,,,,,,,,,,,,,,,,12,0,2,0,0,0,22,1,0,0,0,0,0,0
Alf.Smith,00-0027346,yes,SF,,,,,,,,,,,,,,,,,,,,,,,,,,,,,,,,,,,,,,,,,,,5,0,2,0,0,0,9,2,12,0,0,0,0,14
F.Gore,00-0023500,yes,SF,RB,,,,,,,,,,,,,,,,,,,,,,,,,,,,,,,,,,,,,,,,,,,,,,,,,26,52,52,1,0,0,158
Q.Patton,00-0030450,yes,SF,WR,,,,,,1,0,1,0,0,,,,,,,,,,24,24,0,1,0,,,,,,,,,,,,,,,,,,5,0,2,0,0,0,9,1,20,0,0,0,0,20
B.Ellington,00-0031326,yes,SF,WR,,,,,,,,,,,,,,,,,,,,23,31,0,3,0,,,,,,,,,,,,,11,23,0,3,0,8,8,1,1,0,0,8,3,7,1,1,0,0,12
A.Boldin,00-0022084,yes,SF,WR,,,,,,,,,,,,,,,,,,,,,,,,,,,,,,,,,,,,,,,,,,20,0,7,0,0,0,61,,,,,,,
M.Crabtree,00-0026986,yes,SF,WR,,,,,,,,,,,,,,,,,,,,,,,,,,,,,,,,,,,,,,,,,,5,0,1,0,0,0,5,,,,,,,
P.Dawson,00-0004091,yes,SF,K,,,,,,,,,,,1,0,0,0,5,0,5,0,5,,,,,,,,,,,,,,,,,,,,,,,,,,,,,,,,,,,,
A.Lee,00-0022824,yes,SF,P,,,,,,,,,,,,,,,,,,,,,,,,,,,,,,,,33,2,46,4,152,,,,,,,,,,,,,,,,,,,
C.Thomas,00-0030225,yes,SF,,,,,,,,,,,,,,,,,,,,,8,8,0,1,0,,,,,,,,,,,,,,,,,,,,,,,,,,,,,,,
P.Cox,00-0027737,yes,SF,CB,0,0,1,0,5,,,,,,,,,,,,,,,30,57,0,2,0,,,,,,,,,,,,,,,,,,,,,,,,,,,,,,,
A.Bethea,00-0024421,yes,SF,SS,1,0,1,0,7,,,,,,,,,,,,,,,,,,,,,,,,,,,,,,,,,,,,,,,,,,,,,,,,,,
C.Dahl,00-0024796,yes,SF,DB,0,0,0,0,3,,,,,,,,,,,,,,,,,,,,,,,,,,,,,,,,,,,,,,,,,,,,,,,,,,
Q.Dial,00-0030088,yes,SF,DE,2,0,0,1,5,,,,,,,,,,,,,,,,,,,,,,,,,,,,,,,,,,,,,,,,,,,,,,,,,,
M.Wilhoite,00-0028836,yes,SF,ILB,1,0,0,0,8,,,,,,,,,,,,,,,,,,,,,,,,,,,,,,,,,,,,,,,,,,,,,,,,,,
M.Cromartie,00-0030317,yes,SF,,0,0,0,0,3,,,,,,,,,,,,,,,,,,,,,,,,,,,,,,,,,,,,,,,,,,,,,,,,,,
D.Johnson,00-0031061,yes,SF,CB,1,0,0,0,3,,,,,,,,,,,,,,,,,,,,,,,,,,,,,,,,,,,,,,,,,,,,,,,,,,
D.Skuta,00-0026725,yes,SF,OLB,0,1,0,1,1,,,,,,,,,,,,,,,,,,,,,,,,,,,,,,,,,,,,,,,,,,,,,,,,,,
C.Culliver,00-0028018,yes,SF,CB,0,0,1,0,3,,,,,,,,,,,,,,,,,,,,,,,,,,,,,,,,,,,,,,,,,,,,,,,,,,
A.Smith,00-0027945,yes,SF,OLB,0,0,0,0,1,,,,,,,,,,,,,,,,,,,,,,,,,,,,,,,,,,,,,,,,,,,,,,,,,,
J.Smith,00-0020535,yes,SF,,0,0,0,0,3,,,,,,,,,,,,,,,,,,,,,,,,,,,,,,,,,,,,,,,,,,,,,,,,,,
T.Jerod-Eddie,00-0029165,yes,SF,DE,1,0,0,0,2,,,,,,,,,,,,,,,,,,,,,,,,,,,,,,,,,,,,,,,,,,,,,,,,,,
C.Carradine,00-0030457,yes,SF,DT,0,0,0,0,2,,,,,,,,,,,,,,,,,,,,,,,,,,,,,,,,,,,,,,,,,,,,,,,,,,
N.Moody,00-0030100,yes,SF,,0,0,0,0,7,,,,,,,,,,,,,,,,,,,,,,,,,,,,,,,,,,,,,,,,,,,,,,,,,,
P.Rivers,00-0022942,no,SD,QB,,,,,,0,0,1,0,0,,,,,,,,,,,,,,,54,33,3,4,0,0,356,,,,,,,,,,,,,,,,,,,,,,,,
D.Brown,00-0027003,no,SD,RB,,,,,,,,,,,,,,,,,,,,,,,,,,,,,,,,,,,,,,,,,,4,0,1,0,0,0,4,4,4,0,0,0,0,12
R.Brown,00-0023437,no,SD,,,,,,,,,,,,,,,,,,,,,,,,,,,,,,,,,,,,,,,,,,,9,0,1,0,0,0,9,7,11,0,0,0,0,33
B.Oliver,00-0031277,no,SD,RB,,,,,,,,,,,,,,,,,,,,,,,,,,,,,,,,,,,,,,,,,,12,0,3,0,0,0,28,13,22,0,0,0,0,53
E.Royal,00-0026182,no,SD,WR,,,,,,,,,,,,,,,,,,,,,,,,,,,,,,,,,,,,,,,,,,20,15,10,1,0,0,94,,,,,,,
D.Inman,00-0028411,no,SD,WR,,,,,,,,,,,,,,,,,,,,,,,,,,,,,,,,,,,,,,,,,,19,0,7,0,0,0,79,,,,,,,
A.Gates,00-0021547,no,SD,TE,,,,,,,,,,,,,,,,,,,,,,,,,,,,,,,,,,,,,,,,,,28,21,7,2,0,0,92,,,,,,,
M.Floyd,00-0022414,no,SD,WR,,,,,,,,,,,,,,,,,,,,,,,,,,,,,,,,,,,,,,,,,,25,11,4,1,0,0,50,,,,,,,
C.Rinehart,00-0026236,no,SD,,,,,,,0,1,0,1,0,,,,,,,,,,,,,,,,,,,,,,,,,,,,,,,,,,,,,,,,,,,,,
S.Lissemore,00-0027826,no,SD,NT,1,0,0,0,2,0,0,0,1,0,,,,,,,,,,,,,,,,,,,,,,,,,,,,,,,,,,,,,,,,,,,,,
C.Liuget,00-0027956,no,SD,DE,0,0,0,0,2,0,0,0,2,0,,,,,,,,,,,,,,,,,,,,,,,,,,,,,,,,,,,,,,,,,,,,,
N.Novak,00-0023096,no,SD,K,,,,,,,,,,,1,1,40,3,5,0,5,0,5,,,,,,,,,,,,,,,,,,,,,,,,,,,,,,,,,,,,
M.McBriar,00-0021488,no,SD,,,,,,,,,,,,,,,,,,,,,,,,,,,,,,,,,37,0,58,4,201,,,,,,,,,,,,,,,,,,,
C.Davis,00-0030917,no,SD,CB,,,,,,,,,,,,,,,,,,,,26,35,0,4,0,,,,,,,,,,,,,,,,,,,,,,,,,,,,,,,
E.Weddle,00-0025424,no,SD,FS,2,1,0,0,7,,,,,,,,,,,,,,,,,,,,,,,,,,,,,,,,,,,,,,,,,,,,,,,,,,
K.Reyes,00-0029256,no,SD,DE,1,0,0,0,1,,,,,,,,,,,,,,,,,,,,,,,,,,,,,,,,,,,,,,,,,,,,,,,,,,
J.Attaochu,00-0031258,no,SD,OLB,0,0,0,0,1,,,,,,,,,,,,,,,,,,,,,,,,,,,,,,,,,,,,,,,,,,,,,,,,,,
M.Te'o,00-0030278,no,SD,ILB,3,0,0,1,8,,,,,,,,,,,,,,,,,,,,,,,,,,,,,,,,,,,,,,,,,,,,,,,,,,
Ric. Mathews,00-0027829,no,SD,DE,2,1,0,0.5,0,,,,,,,,,,,,,,,,,,,,,,,,,,,,,,,,,,,,,,,,,,,,,,,,,,
T.Palepoi,00-0030921,no,SD,DE,1,0,0,0,0,,,,,,,,,,,,,,,,,,,,,,,,,,,,,,,,,,,,,,,,,,,,,,,,,,
D.Freeney,00-0021146,no,SD,,1,0,0,0.5,0,,,,,,,,,,,,,,,,,,,,,,,,,,,,,,,,,,,,,,,,,,,,,,,,,,
B.Flowers,00-0026175,no,SD,CB,0,0,0,0,4,,,,,,,,,,,,,,,,,,,,,,,,,,,,,,,,,,,,,,,,,,,,,,,,,,
S.Wright,00-0028027,no,SD,DB,0,0,0,0,3,,,,,,,,,,,,,,,,,,,,,,,,,,,,,,,,,,,,,,,,,,,,,,,,,,
S.Williams,00-0030283,no,SD,CB,0,0,0,0,3,,,,,,,,,,,,,,,,,,,,,,,,,,,,,,,,,,,,,,,,,,,,,,,,,,
M.Ingram,00-0029249,no,SD,OLB,0,0,0,0,3,,,,,,,,,,,,,,,,,,,,,,,,,,,,,,,,,,,,,,,,,,,,,,,,,,
J.Johnson,00-0022139,no,SD,,1,0,0,0,2,,,,,,,,,,,,,,,,,,,,,,,,,,,,,,,,,,,,,,,,,,,,,,,,,,
K.Conner,00-0027831,no,SD,ILB,1,0,0,0,3,,,,,,,,,,,,,,,,,,,,,,,,,,,,,,,,,,,,,,,,,,,,,,,,,,
M.Gilchrist,00-0027988,no,SD,FS,1,1,0,0,5,,,,,,,,,,,,,,,,,,,,,,,,,,,,,,,,,,,,,,,,,,,,,,,,,,
C.Newton,00-0027939,yes,CAR,QB,,,,,,0,0,1,0,0,,,,,,,,,,,,,,,31,18,1,1,0,0,201,,,,,,,,,,,,,,,,,,12,15,2,1,0,0,63
J.Stewart,00-0026153,yes,CAR,RB,,,,,,,,,,,,,,,,,,,,,,,,,,,,,,,,,,,,,,,,,,9,9,2,1,0,0,7,24,30,0,0,0,0,122
C.Brown,00-0031118,yes,CAR,WR,,,,,,,,,,,,,,,,,,,,,,,,,,,,,,,,,,,,,,,,,,12,0,2,0,0,0,22,1,0,0,0,0,0,0
M.Tolbert,00-0026069,yes,CAR,FB,,,,,,,,,,,,,,,,,,,,,,,,,,,,,,,,,,,,,,,,,,,,,,,,,7,8,0,0,0,0,19
F.Whittaker,00-0029731,yes,CAR,RB,,,,,,,,,,,,,,,,,,,,21,31,0,3,0,,,,,,,,,,,,,,,,,,,,,,,,,1,5,0,0,0,0,5
K.Benjamin,00-0031359,yes,CAR,WR,,,,,,,,,,,,,,,,,,,,,,,,,,,,,,,,,,,,,,,,,,18,0,5,0,0,0,47,,,,,,,
J.Cotchery,00-0022811,yes,CAR,WR,,,,,,,,,,,,,,,,,,,,,,,,,,,,,,,,,,,,,,,,,,18,0,5,0,0,0,46,,,,,,,
E.Dickson,00-0027675,yes,CAR,TE,,,,,,,,,,,,,,,,,,,,,,,,,,,,,,,,,,,,,,,,,,34,0,2,0,0,0,44,,,,,,,
G.Olsen,00-0025418,yes,CAR,TE,,,,,,,,,,,,,,,,,,,,,,,,,,,,,,,,,,,,,,,,,,21,0,1,0,0,0,21,,,,,,,
B.Bersin,00-0029394,yes,CAR,WR,,,,,,,,,,,,,,,,,,,,,,,,,,,,,,,,,,,,,8,11,0,2,0,14,0,1,0,0,0,14,,,,,,,
B.Bell,00-0028738,yes,CAR,OG,,,,,,0,1,0,1,0,,,,,,,,,,,,,,,,,,,,,,,,,,,,,,,,,,,,,,,,,,,,,
J.Norman,00-0029285,yes,CAR,CB,1,0,1,0,4,1,0,1,0,0,,,,,,,,,,,,,,,,,,,,,,,,,,,,,,,,,,,,,,,,,,,,,
G.Gano,00-0026858,yes,CAR,K,,,,,,,,,,,2,1,23,3,2,0,2,0,2,,,,,,,,,,,,,,,,,,,,,,,,,,,,,,,,,,,,
B.Nortman,00-0029304,yes,CAR,P,,,,,,,,,,,,,,,,,,,,,,,,,,,,,,,,44,1,60,4,199,,,,,,,,,,,,,,,,,,,
T.Davis,00-0023448,yes,CAR,OLB,0,0,0,0,2,,,,,,,,,,,,,,,,,,,,,,,,,,,,,,,,,,,,,,,,,,,,,,,,,,
L.Kuechly,00-0029248,yes,CAR,MLB,2,0,0,0,5,,,,,,,,,,,,,,,,,,,,,,,,,,,,,,,,,,,,,,,,,,,,,,,,,,
T.Boston,00-0031261,yes,CAR,FS,1,0,0,0,0,,,,,,,,,,,,,,,,,,,,,,,,,,,,,,,,,,,,,,,,,,,,,,,,,,
C.Johnson,00-0025470,yes,CAR,DE,0,0,0,1,2,,,,,,,,,,,,,,,,,,,,,,,,,,,,,,,,,,,,,,,,,,,,,,,,,,
B.Benwikere,00-0031262,yes,CAR,CB,1,0,0,0,2,,,,,,,,,,,,,,,,,,,,,,,,,,,,,,,,,,,,,,,,,,,,,,,,,,
C.Cole,00-0021684,yes,CAR,,0,0,0,0,2,,,,,,,,,,,,,,,,,,,,,,,,,,,,,,,,,,,,,,,,,,,,,,,,,,
R.Harper,00-0024258,yes,CAR,SS,3,0,0,0,1,,,,,,,,,,,,,,,,,,,,,,,,,,,,,,,,,,,,,,,,,,,,,,,,,,
C.Jones,00-0028128,yes,CAR,DB,1,0,0,0,2,,,,,,,,,,,,,,,,,,,,,,,,,,,,,,,,,,,,,,,,,,,,,,,,,,
A.Glanton,00-0031120,yes,CAR,,3,0,0,0,2,,,,,,,,,,,,,,,,,,,,,,,,,,,,,,,,,,,,,,,,,,,,,,,,,,
K.Short,00-0030448,yes,CAR,DT,0,0,0,1,3,,,,,,,,,,,,,,,,,,,,,,,,,,,,,,,,,,,,,,,,,,,,,,,,,,
S.Lotulelei,00-0030455,yes,CAR,DT,0,0,0,0,1,,,,,,,,,,,,,,,,,,,,,,,,,,,,,,,,,,,,,,,,,,,,,,,,,,
K.Ealy,00-0031336,yes,CAR,DE,0,0,0,1,1,,,,,,,,,,,,,,,,,,,,,,,,,,,,,,,,,,,,,,,,,,,,,,,,,,
D.Edwards,00-0022750,yes,CAR,DT,0,0,0,0,2,,,,,,,,,,,,,,,,,,,,,,,,,,,,,,,,,,,,,,,,,,,,,,,,,,
B.Hoyer,00-0026625,no,CLE,QB,,,,,,,,,,,,,,,,,,,,,,,,,13,7,1,1,0,0,134,,,,,,,,,,,,,,,,,,2,11,0,0,0,0,19
J.Manziel,00-0031409,no,CLE,QB,,,,,,,,,,,,,,,,,,,,,,,,,8,3,0,0,0,0,32,,,,,,,,,,,,,,,,,,2,4,0,0,0,0,3
A.Hawkins,00-0027918,no,CLE,WR,,,,,,,,,,,,,,,,,,,,,,,,,,,,,,,,,,,,,,,,,,28,0,1,0,0,0,28,2,5,0,0,0,0,7
I.Crowell,00-0030656,no,CLE,RB,,,,,,,,,,,,,,,,,,,,,,,,,,,,,,,,,,,,,,,,,,,,,,,,,16,26,0,0,0,0,55
J.Gordon,00-0029664,no,CLE,WR,,,,,,,,,,,,,,,,,,,,,,,,,,,,,,,,,,,,,,,,,,18,0,4,0,0,0,45,,,,,,,
J.Dray,00-0027825,no,CLE,TE,,,,,,,,,,,,,,,,,,,,,,,,,,,,,,,,,,,,,,,,,,4,0,1,0,0,0,4,,,,,,,
J.Cameron,00-0028040,no,CLE,TE,,,,,,,,,,,,,,,,,,,,,,,,,,,,,,,,,,,,,,,,,,81,81,3,1,0,0,88,,,,,,,
T.Gabriel,00-0031228,no,CLE,WR,,,,,,,,,,,,,,,,,,,,,,,,,,,,,,,,,,,,,,,,,,1,0,1,0,0,0,1,,,,,,,
T.Benjamin,00-0029269,no,CLE,WR,,,,,,0,0,0,1,0,,,,,,,,,,,,,,,,,,,,,,,,,,,12,24,0,2,0,,,,,,,,,,,,,,
G.Hartley,00-0025824,no,CLE,K,,,,,,,,,,,2,2,43,6,1,0,1,0,1,,,,,,,,,,,,,,,,,,,,,,,,,,,,,,,,,,,,
S.Lanning,00-0028347,no,CLE,P,,,,,,,,,,,,,,,,,,,,,,,,,,,,,,,,37,1,52,6,279,,,,,,,,,,,,,,,,,,,
S.Draughn,00-0028202,no,CLE,RB,,,,,,,,,,,,,,,,,,,,39,39,0,1,0,,,,,,,,,,,,,,,,,,,,,,,,,,,,,,,
D.Whitner,00-0024223,no,CLE,SS,3,0,0,0,5,,,,,,,,,,,,,,,,,,,,,,,,,,,,,,,,,,,,,,,,,,,,,,,,,,
P.Kruger,00-0027033,no,CLE,OLB,4,0,0,0,3,,,,,,,,,,,,,,,,,,,,,,,,,,,,,,,,,,,,,,,,,,,,,,,,,,
S.Fua,00-0028035,no,CLE,,1,0,0,0,3,,,,,,,,,,,,,,,,,,,,,,,,,,,,,,,,,,,,,,,,,,,,,,,,,,
C.Robertson,00-0028834,no,CLE,ILB,5,0,0,0,2,,,,,,,,,,,,,,,,,,,,,,,,,,,,,,,,,,,,,,,,,,,,,,,,,,
J.Leonhard,00-0023287,no,CLE,,1,0,0,0,4,,,,,,,,,,,,,,,,,,,,,,,,,,,,,,,,,,,,,,,,,,,,,,,,,,
S.Solomon,00-0029589,no,CLE,LB,2,1,0,1,2,,,,,,,,,,,,,,,,,,,,,,,,,,,,,,,,,,,,,,,,,,,,,,,,,,
C.Kirksey,00-0031361,no,CLE,ILB,2,0,0,0,3,,,,,,,,,,,,,,,,,,,,,,,,,,,,,,,,,,,,,,,,,,,,,,,,,,
B.Skrine,00-0028075,no,CLE,DB,0,0,0,0,2,,,,,,,,,,,,,,,,,,,,,,,,,,,,,,,,,,,,,,,,,,,,,,,,,,
B.Winn,00-0029303,no,CLE,DT,2,0,1,0,0,,,,,,,,,,,,,,,,,,,,,,,,,,,,,,,,,,,,,,,,,,,,,,,,,,
A.Rubin,00-0026330,no,CLE,DT,0,0,0,0,1,,,,,,,,,,,,,,,,,,,,,,,,,,,,,,,,,,,,,,,,,,,,,,,,,,
I.Kitchen,00-0029378,no,CLE,,5,0,0,0,0,,,,,,,,,,,,,,,,,,,,,,,,,,,,,,,,,,,,,,,,,,,,,,,,,,
B.Mingo,00-0030558,no,CLE,OLB,1,0,0,0,1,,,,,,,,,,,,,,,,,,,,,,,,,,,,,,,,,,,,,,,,,,,,,,,,,,
D.Bryant,00-0026533,no,CLE,DE,0,0,0,0,1,,,,,,,,,,,,,,,,,,,,,,,,,,,,,,,,,,,,,,,,,,,,,,,,,,
J.Sheard,00-0027975,no,CLE,DE,0,0,0,0,2,,,,,,,,,,,,,,,,,,,,,,,,,,,,,,,,,,,,,,,,,,,,,,,,,,
J.Poyer,00-0030114,no,CLE,CB,1,0,0,0,0,,,,,,,,,,,,,,,,,,,,,,,,,,,,,,,,,,,,,,,,,,,,,,,,,,
K.Dansby,00-0022927,no,CLE,MLB,7,0,0,0,5,,,,,,,,,,,,,,,,,,,,,,,,,,,,,,,,,,,,,,,,,,,,,,,,,,
P.Desir,00-0031331,no,CLE,CB,0,0,0,0,7,,,,,,,,,,,,,,,,,,,,,,,,,,,,,,,,,,,,,,,,,,,,,,,,,,
J.Clausen,00-0027659,yes,CHI,QB,,,,,,,,,,,,,,,,,,,,,,,,,39,23,1,2,0,0,181,,,,,,,,,,,,,,,,,,3,4,0,0,0,0,9
M.Forte,00-0026184,yes,CHI,RB,,,,,,,,,,,,,,,,,,,,,,,,,,,,,,,,,,,,,,,,,,11,11,6,1,0,0,40,19,10,0,0,0,0,55
M.Bennett,00-0026201,yes,CHI,TE,,,,,,,,,,,,,,,,,,,,,,,,,,,,,,,,,,,,,,,,,,0,0,1,0,0,0,0,,,,,,,
A.Jeffery,00-0029137,yes,CHI,WR,,,,,,,,,,,,,,,,,,,,,,,,,,,,,,,,,,,,,,,,,,20,20,6,1,0,0,72,,,,,,,
M.Wilson,00-0030047,yes,CHI,WR,,,,,,,,,,,,,,,,,,,,,,,,,,,,,,,,,,,,,,,,,,17,0,7,0,0,0,66,,,,,,,
D.Rosario,00-0025542,yes,CHI,,,,,,,,,,,,,,,,,,,,,,,,,,,,,,,,,,,,,,,,,,,1,0,1,0,0,0,1,,,,,,,
J.Morgan,00-0026314,yes,CHI,,,,,,,,,,,,,,,,,,,,,,,,,,,,,,,,,,,,,,,,,,,4,0,2,0,0,0,2,,,,,,,
S.McManis,00-0027743,yes,CHI,CB,,,,,,0,0,0,1,0,,,,,,,,,,,,,,,,,,,,,,,,,,,,,,,,,,,,,,,,,,,,,
J.Feely,00-0019770,yes,CHI,,,,,,,,,,,,0,0,0,0,2,0,2,0,2,,,,,,,,,,,,,,,,,,,,,,,,,,,,,,,,,,,,
P.O'Donnell,00-0031079,yes,CHI,P,,,,,,,,,,,,,,,,,,,,,,,,,,,,,,,,37,1,51,6,242,,,,,,,,,,,,,,,,,,,
M.Mariani,00-0027816,yes,CHI,WR,,,,,,,,,,,,,,,,,,,,24,30,0,3,0,,,,,,,,,,,,,,,,,,,,,,,,,,,,,,,
D.Bass,00-0030517,yes,CHI,LB,0,0,0,1,3,,,,,,,,,,,,,,,,,,,,,,,,,,,,,,,,,,,,,,,,,,,,,,,,,,
R.Mundy,00-0026334,yes,CHI,SS,0,0,1,0,3,,,,,,,,,,,,,,,,,,,,,,,,,,,,,,,,,,,,,,,,,,,,,,,,,,
J.Bostic,00-0030064,yes,CHI,OLB,0,0,0,0,6,,,,,,,,,,,,,,,,,,,,,,,,,,,,,,,,,,,,,,,,,,,,,,,,,,
B.Vereen,00-0031063,yes,CHI,,1,0,1,0,4,,,,,,,,,,,,,,,,,,,,,,,,,,,,,,,,,,,,,,,,,,,,,,,,,,
J.Ratliff,00-0023656,yes,CHI,DT,0,0,0,1,2,,,,,,,,,,,,,,,,,,,,,,,,,,,,,,,,,,,,,,,,,,,,,,,,,,
K.Fuller,00-0031041,yes,CHI,CB,0,0,0,0,3,,,,,,,,,,,,,,,,,,,,,,,,,,,,,,,,,,,,,,,,,,,,,,,,,,
C.Jones,00-0031130,yes,CHI,ILB,0,0,0,1,11,,,,,,,,,,,,,,,,,,,,,,,,,,,,,,,,,,,,,,,,,,,,,,,,,,
B.Dunn,00-0031127,yes,CHI,,0,0,0,0,1,,,,,,,,,,,,,,,,,,,,,,,,,,,,,,,,,,,,,,,,,,,,,,,,,,
D.Hurst,00-0030275,yes,CHI,,0,0,0,0,3,,,,,,,,,,,,,,,,,,,,,,,,,,,,,,,,,,,,,,,,,,,,,,,,,,
S.McClellin,00-0029250,yes,CHI,ILB,0,0,0,0,1,,,,,,,,,,,,,,,,,,,,,,,,,,,,,,,,,,,,,,,,,,,,,,,,,,
S.Paea,00-0027991,yes,CHI,DE,0,1,0,0,3,,,,,,,,,,,,,,,,,,,,,,,,,,,,,,,,,,,,,,,,,,,,,,,,,,
J.Allen,00-0022740,yes,CHI,OLB,0,0,0,1,2,,,,,,,,,,,,,,,,,,,,,,,,,,,,,,,,,,,,,,,,,,,,,,,,,,
T.Jennings,00-0024277,yes,CHI,CB,1,0,0,0,2,,,,,,,,,,,,,,,,,,,,,,,,,,,,,,,,,,,,,,,,,,,,,,,,,,
M.Stafford,00-0026498,no,DET,QB,,,,,,,,,,,,,,,,,,,,,,,,,39,22,2,0,0,0,243,,,,,,,,,,,,,,,,,,4,5,0,0,0,0,2
J.Collins,00-0026072,no,DET,,,,,,,,,,,,,,,,,,,,,,,,,,,,,,,,,,,,,,,,,,,,,,,,,,1,3,0,0,0,0,3
G.Winn,00-0030247,no,DET,,,,,,,,,,,,,,,,,,,,,14,16,0,2,0,,,,,,,,,,,,,,,,,,,,,,,,,1,5,0,0,0,0,5
R.Bush,00-0024217,no,DET,RB,,,,,,,,,,,,,,,,,,,,,,,,,,,,,,,,,,,,,,,,,,21,0,6,0,0,0,44,7,16,13,1,0,0,54
J.Bell,00-0027218,no,DET,RB,,,,,,0,1,1,1,0,,,,,,,,,,,,,,,,,,,,,,,,,,,,,,,,8,0,2,0,0,0,13,13,20,17,1,0,0,74
T.Riddick,00-0030107,no,DET,RB,,,,,,,,,,,,,,,,,,,,,,,,,,,,,,,,,,,,,,,,,,10,0,2,0,0,0,10,,,,,,,
J.Ross,00-0028249,no,DET,,,,,,,1,0,1,0,0,,,,,,,,,,,,,,,,,,,,,,,,,,,7,14,0,3,0,11,0,1,0,0,0,11,,,,,,,
C.Johnson,00-0025389,no,DET,WR,,,,,,,,,,,,,,,,,,,,,,,,,,,,,,,,,,,,,,,,,,26,0,6,0,0,0,103,,,,,,,
G.Tate,00-0027891,no,DET,WR,,,,,,,,,,,,,,,,,,,,,,,,,,,,,,,,,,,,,,,,,,34,0,5,0,0,0,62,,,,,,,
M.Prater,00-0023853,no,DET,K,,,,,,,,,,,2,2,39,6,2,0,2,0,2,,,,,,,,,,,,,,,,,,,,,,,,,,,,,,,,,,,,
S.Martin,00-0030092,no,DET,P,,,,,,,,,,,,,,,,,,,,,,,,,,,,,,,,35,1,35,1,35,,,,,,,,,,,,,,,,,,,
E.Ansah,00-0030059,no,DET,DE,0,0,0,0,2,,,,,,,,,,,,,,,,,,,,,,,,,,,,,,,,,,,,,,,,,,,,,,,,,,
T.Whitehead,00-0029212,no,DET,MLB,0,0,0,0,3,,,,,,,,,,,,,,,,,,,,,,,,,,,,,,,,,,,,,,,,,,,,,,,,,,
D.Levy,00-0027050,no,DET,OLB,2,0,0,0,6,,,,,,,,,,,,,,,,,,,,,,,,,,,,,,,,,,,,,,,,,,,,,,,,,,
C.Vaughn,00-0027290,no,DET,,0,0,0,0,1,,,,,,,,,,,,,,,,,,,,,,,,,,,,,,,,,,,,,,,,,,,,,,,,,,
G.Quin,00-0027081,no,DET,FS,1,0,1,0,1,,,,,,,,,,,,,,,,,,,,,,,,,,,,,,,,,,,,,,,,,,,,,,,,,,
K.Van Noy,00-0031360,no,DET,OLB,0,0,0,0,1,,,,,,,,,,,,,,,,,,,,,,,,,,,,,,,,,,,,,,,,,,,,,,,,,,
D.Carey,00-0027124,no,DET,SS,0,0,0,0,2,,,,,,,,,,,,,,,,,,,,,,,,,,,,,,,,,,,,,,,,,,,,,,,,,,
D.Slay,00-0030062,no,DET,CB,1,0,0,0,3,,,,,,,,,,,,,,,,,,,,,,,,,,,,,,,,,,,,,,,,,,,,,,,,,,
D.Tapp,00-0024278,no,DET,DE,1,0,0,0,1,,,,,,,,,,,,,,,,,,,,,,,,,,,,,,,,,,,,,,,,,,,,,,,,,,
J.Jones,00-0026194,no,DET,DE,0,0,0,0,2,,,,,,,,,,,,,,,,,,,,,,,,,,,,,,,,,,,,,,,,,,,,,,,,,,
N.Suh,00-0027855,no,DET,DT,0,0,0,2,4,,,,,,,,,,,,,,,,,,,,,,,,,,,,,,,,,,,,,,,,,,,,,,,,,,
J.Ihedigbo,00-0025753,no,DET,SS,0,0,0,0,7,,,,,,,,,,,,,,,,,,,,,,,,,,,,,,,,,,,,,,,,,,,,,,,,,,
J.Bynes,00-0028278,no,DET,OLB,0,0,0,0,3,,,,,,,,,,,,,,,,,,,,,,,,,,,,,,,,,,,,,,,,,,,,,,,,,,
R.Mathis,00-0022080,no,DET,CB,0,0,0,0,6,,,,,,,,,,,,,,,,,,,,,,,,,,,,,,,,,,,,,,,,,,,,,,,,,,
C.Keenum,00-0028986,yes,HOU,QB,,,,,,,,,,,,,,,,,,,,,,,,,42,20,1,0,0,0,185,,,,,,,,,,,,,,,,,,4,13,0,0,0,0,19
A.Foster,00-0026796,yes,HOU,RB,,,,,,,,,,,,,,,,,,,,,,,,,1,1,0,1,0,0,5,,,,,,,,,,,23,0,1,0,0,0,23,25,34,0,0,0,0,96
A.Blue,00-0031075,yes,HOU,RB,,,,,,,,,,,,,,,,,,,,,,,,,,,,,,,,,,,,,,,,,,,,,,,,,8,5,0,0,0,0,6
J.Grimes,00-0029510,yes,HOU,RB,,,,,,,,,,,,,,,,,,,,,,,,,,,,,,,,,,,,,,,,,,,,,,,,,1,2,0,0,0,0,2
C.Fiedorowicz,00-0031302,yes,HOU,TE,,,,,,,,,,,,,,,,,,,,,,,,,,,,,,,,,,,,,,,,,,7,5,2,1,0,0,12,,,,,,,
D.Johnson,00-0029435,yes,HOU,,,,,,,,,,,,,,,,,,,,,,,,,,,,,,,,,,,,,,,,,,,22,0,4,0,0,0,27,,,,,,,
A.Johnson,00-0022044,yes,HOU,WR,,,,,,,,,,,,,,,,,,,,,,,,,,,,,,,,,,,,,,,,,,35,0,6,0,0,0,65,,,,,,,
R.Griffin,00-0030108,yes,HOU,TE,,,,,,,,,,,,,,,,,,,,,,,,,,,,,,,,,,,,,,,,,,11,0,3,0,0,0,25,,,,,,,
D.Hopkins,00-0030564,yes,HOU,WR,,,,,,0,0,1,0,0,,,,,,,,,,,,,,,,,,,,,,,,,,,,,,,,9,0,5,0,0,0,38,,,,,,,
R.Bullock,00-0029421,yes,HOU,,,,,,,,,,,,6,6,39,18,1,0,1,0,1,,,,,,,,,,,,,,,,,,,,,,,,,,,,,,,,,,,,
S.Lechler,00-0019714,yes,HOU,P,,,,,,,,,,,,,,,,,,,,,,,,,,,,,,,,35,3,54,8,361,,,,,,,,,,,,,,,,,,,
K.Martin,00-0029415,yes,HOU,WR,,,,,,,,,,,,,,,,,,,,,,,,,,,,,,,,,,,,,6,11,0,4,0,,,,,,,,,,,,,,
D.Manning,00-0024257,yes,HOU,,1,0,0,0,2,,,,,,,,,,,,,,,,,,,,,,,,,,,,,,,,,,,,,,,,,,,,,,,,,,
J.Joseph,00-0024239,yes,HOU,CB,0,0,0,0,4,,,,,,,,,,,,,,,,,,,,,,,,,,,,,,,,,,,,,,,,,,,,,,,,,,
D.Morris,00-0029888,yes,HOU,DB,0,0,0,0,3,,,,,,,,,,,,,,,,,,,,,,,,,,,,,,,,,,,,,,,,,,,,,,,,,,
W.Mercilus,00-0029643,yes,HOU,OLB,2,1,0,0,1,,,,,,,,,,,,,,,,,,,,,,,,,,,,,,,,,,,,,,,,,,,,,,,,,,
J.Crick,00-0029417,yes,HOU,DE,2,0,0,1,3,,,,,,,,,,,,,,,,,,,,,,,,,,,,,,,,,,,,,,,,,,,,,,,,,,
K.Lewis,00-0027736,yes,HOU,FS,2,0,0,0,2,,,,,,,,,,,,,,,,,,,,,,,,,,,,,,,,,,,,,,,,,,,,,,,,,,
J.Rolle,00-0029876,yes,HOU,DB,0,0,0,0,1,,,,,,,,,,,,,,,,,,,,,,,,,,,,,,,,,,,,,,,,,,,,,,,,,,
B.Reed,00-0027980,yes,HOU,LB,1,0,0,0,3,,,,,,,,,,,,,,,,,,,,,,,,,,,,,,,,,,,,,,,,,,,,,,,,,,
A.Dent,00-0028029,yes,HOU,ILB,0,0,0,0,1,,,,,,,,,,,,,,,,,,,,,,,,,,,,,,,,,,,,,,,,,,,,,,,,,,
B.Cushing,00-0026991,yes,HOU,ILB,2,0,0,0,0,,,,,,,,,,,,,,,,,,,,,,,,,,,,,,,,,,,,,,,,,,,,,,,,,,
A.Bouye,00-0030228,yes,HOU,CB,0,0,1,0,3,,,,,,,,,,,,,,,,,,,,,,,,,,,,,,,,,,,,,,,,,,,,,,,,,,
D.Swearinger,00-0030566,yes,HOU,DB,2,0,0,0,1,,,,,,,,,,,,,,,,,,,,,,,,,,,,,,,,,,,,,,,,,,,,,,,,,,
J.Simon,00-0030442,yes,HOU,OLB,1,0,0,0,0,,,,,,,,,,,,,,,,,,,,,,,,,,,,,,,,,,,,,,,,,,,,,,,,,,
J.Watt,00-0027949,yes,HOU,DE,1,0,0,1,7,,,,,,,,,,,,,,,,,,,,,,,,,,,,,,,,,,,,,,,,,,,,,,,,,,
K.Jackson,00-0027872,yes,HOU,CB,0,0,2,0,1,,,,,,,,,,,,,,,,,,,,,,,,,,,,,,,,,,,,,,,,,,,,,,,,,,
J.Flacco,00-0026158,no,BAL,QB,,,,,,0,0,1,0,0,,,,,,,,,,,,,,,50,21,3,2,1,0,195,,,,,,,,,,,,,,,,,,1,5,0,0,0,0,5
B.Pierce,00-0029264,no,BAL,RB,,,,,,,,,,,,,,,,,,,,,,,,,,,,,,,,,,,,,,,,,,,,,,,,,1,-2,0,0,0,0,-2
J.Forsett,00-0026373,no,BAL,RB,,,,,,,,,,,,,,,,,,,,,,,,,,,,,,,,,,,,,,,,,,10,0,4,0,0,0,13,10,6,0,0,0,0,19
F.Toussaint,00-0031332,no,BAL,,,,,,,,,,,,,,,,,,,,,,,,,,,,,,,,,,,,,,,,,,,15,0,2,0,0,0,20,4,12,0,0,0,0,11
M.Brown,00-0030400,no,BAL,WR,,,,,,,,,,,,,,,,,,,,,,,,,,,,,,,,,,,,,,,,,,10,0,1,0,0,0,10,,,,,,,
C.Gillmore,00-0030992,no,BAL,TE,,,,,,,,,,,,,,,,,,,,,,,,,,,,,,,,,,,,,,,,,,9,0,1,0,0,0,9,,,,,,,
J.Jones,00-0025460,no,BAL,WR,,,,,,,,,,,,,,,,,,,,30,40,0,4,0,,,,,,,,,,,,,45,45,0,1,0,17,0,2,0,0,0,28,,,,,,,
S.Smith,00-0020337,no,BAL,WR,,,,,,,,,,,,,,,,,,,,,,,,,,,,,,,,,,,,,,,,,,16,0,5,0,0,0,49,,,,,,,
O.Daniels,00-0024313,no,BAL,TE,,,,,,,,,,,,,,,,,,,,,,,,,,,,,,,,,,,,,,,,,,7,0,1,0,0,0,7,,,,,,,
T.Smith,00-0027996,no,BAL,WR,,,,,,,,,,,,,,,,,,,,,,,,,,,,,,,,,,,,,,,,,,20,20,5,2,0,0,59,,,,,,,
J.Tucker,00-0029597,no,BAL,K,,,,,,,,,,,0,0,0,0,1,0,1,0,1,,,,,,,,,,,,,,,,,,,,,,,,,,,,,,,,,,,,
S.Koch,00-0024417,no,BAL,P,,,,,,,,,,,,,,,,,,,,,,,,,,,,,,,,45,1,57,8,403,,,,,,,,,,,,,,,,,,,
D.Smith,00-0022839,no,BAL,ILB,6,0,0,0,5,,,,,,,,,,,,,,,,,,,,,,,,,,,,,,,,,,,,,,,,,,,,,,,,,,
L.Guy,00-0028171,no,BAL,DE,2,0,0,0,0,,,,,,,,,,,,,,,,,,,,,,,,,,,,,,,,,,,,,,,,,,,,,,,,,,
P.McPhee,00-0028103,no,BAL,OLB,1,0,0,0,5,,,,,,,,,,,,,,,,,,,,,,,,,,,,,,,,,,,,,,,,,,,,,,,,,,
C.Mosley,00-0031296,no,BAL,ILB,2,0,0,0,3,,,,,,,,,,,,,,,,,,,,,,,,,,,,,,,,,,,,,,,,,,,,,,,,,,
J.Miles,00-0027244,no,BAL,,1,0,0,0,1,,,,,,,,,,,,,,,,,,,,,,,,,,,,,,,,,,,,,,,,,,,,,,,,,,
B.Williams,00-0030511,no,BAL,NT,1,0,0,0,1,,,,,,,,,,,,,,,,,,,,,,,,,,,,,,,,,,,,,,,,,,,,,,,,,,
E.Dumervil,00-0024341,no,BAL,OLB,0,0,0,0,1,,,,,,,,,,,,,,,,,,,,,,,,,,,,,,,,,,,,,,,,,,,,,,,,,,
T.Jernigan,00-0031170,no,BAL,DE,2,0,0,0,2,,,,,,,,,,,,,,,,,,,,,,,,,,,,,,,,,,,,,,,,,,,,,,,,,,
T.Suggs,00-0022161,no,BAL,OLB,1,0,0,0,6,,,,,,,,,,,,,,,,,,,,,,,,,,,,,,,,,,,,,,,,,,,,,,,,,,
R.Melvin,00-0029901,no,BAL,CB,2,1,0,0,6,,,,,,,,,,,,,,,,,,,,,,,,,,,,,,,,,,,,,,,,,,,,,,,,,,
D.Tyson,00-0029309,no,BAL,,1,0,0,0,0,,,,,,,,,,,,,,,,,,,,,,,,,,,,,,,,,,,,,,,,,,,,,,,,,,
W.Hill,00-0029407,no,BAL,SS,2,0,0,0,6,,,,,,,,,,,,,,,,,,,,,,,,,,,,,,,,,,,,,,,,,,,,,,,,,,
D.Stewart,00-0027256,no,BAL,FS,1,0,1,0,3,,,,,,,,,,,,,,,,,,,,,,,,,,,,,,,,,,,,,,,,,,,,,,,,,,
L.Webb,00-0027060,no,BAL,CB,0,0,0,0,4,,,,,,,,,,,,,,,,,,,,,,,,,,,,,,,,,,,,,,,,,,,,,,,,,,
M.Elam,00-0030559,no,BAL,SS,0,0,0,0,1,,,,,,,,,,,,,,,,,,,,,,,,,,,,,,,,,,,,,,,,,,,,,,,,,,
C.Canty,00-0023566,no,BAL,DE,2,0,0,0,1,,,,,,,,,,,,,,,,,,,,,,,,,,,,,,,,,,,,,,,,,,,,,,,,,,
C.Upshaw,00-0029252,no,BAL,OLB,2,0,0,0,4,,,,,,,,,,,,,,,,,,,,,,,,,,,,,,,,,,,,,,,,,,,,,,,,,,
R.Tannehill,00-0029701,yes,MIA,QB,,,,,,,,,,,,,,,,,,,,,,,,,47,35,1,4,0,0,396,,,,,,,,,,,,,,,,,,5,5,0,0,0,0,1
L.Miller,00-0029615,yes,MIA,RB,,,,,,,,,,,,,,,,,,,,,,,,,,,,,,,,,,,,,,,,,,18,0,5,0,0,0,58,19,14,1,1,0,0,92
L.James,00-0029260,yes,MIA,,,,,,,,,,,,,,,,,,,,,,,,,,,,,,,,,,,,,,,,,,,,,,,,,,1,5,0,0,0,0,5
D.Williams,00-0030874,yes,MIA,RB,,,,,,,,,,,,,,,,,,,,,,,,,,,,,,,,,,,,,,,,,,20,3,6,1,0,0,50,3,12,0,0,0,0,18
D.Sims,00-0030422,yes,MIA,TE,,,,,,,,,,,,,,,,,,,,,,,,,,,,,,,,,,,,,,,,,,17,14,3,1,0,0,35,,,,,,,
C.Clay,00-0028112,yes,MIA,TE,,,,,,,,,,,,,,,,,,,,,,,,,,,,,,,,,,,,,,,,,,41,0,6,0,0,0,114,,,,,,,
J.Landry,00-0031382,yes,MIA,WR,,,,,,1,1,2,1,0,,,,,,,,,,15,24,0,3,0,,,,,,,,,,,,,0,0,0,2,0,11,0,8,0,0,0,31,,,,,,,
M.Wallace,00-0026901,yes,MIA,WR,,,,,,,,,,,,,,,,,,,,,,,,,,,,,,,,,,,,,,,,,,16,16,5,2,0,0,58,,,,,,,
B.Gibson,00-0026937,yes,MIA,WR,,,,,,,,,,,,,,,,,,,,,,,,,,,,,,,,,,,,,,,,,,40,0,2,0,0,0,50,,,,,,,
C.Sturgis,00-0030390,yes,MIA,K,,,,,,,,,,,1,0,0,0,5,0,5,0,5,,,,,,,,,,,,,,,,,,,,,,,,,,,,,,,,,,,,
B.Fields,00-0025612,yes,MIA,,,,,,,,,,,,,,,,,,,,,,,,,,,,,,,,,29,1,44,2,77,,,,,,,,,,,,,,,,,,,
J.Wilson,00-0028173,yes,MIA,SS,0,0,0,0,6,,,,,,,,,,,,,,,,,,,,,,,,,,,,,,,,,,,,,,,,,,,,,,,,,,
J.Jenkins,00-0030384,yes,MIA,OLB,1,0,0,0,5,,,,,,,,,,,,,,,,,,,,,,,,,,,,,,,,,,,,,,,,,,,,,,,,,,
C.Wake,00-0023368,yes,MIA,DE,0,0,0,2,4,,,,,,,,,,,,,,,,,,,,,,,,,,,,,,,,,,,,,,,,,,,,,,,,,,
P.Wheeler,00-0026233,yes,MIA,,0,0,0,0,1,,,,,,,,,,,,,,,,,,,,,,,,,,,,,,,,,,,,,,,,,,,,,,,,,,
D.Shelby,00-0029111,yes,MIA,DE,0,0,1,0,2,,,,,,,,,,,,,,,,,,,,,,,,,,,,,,,,,,,,,,,,,,,,,,,,,,
C.Finnegan,00-0024429,yes,MIA,,0,0,0,0,2,,,,,,,,,,,,,,,,,,,,,,,,,,,,,,,,,,,,,,,,,,,,,,,,,,
R.Starks,00-0022805,yes,MIA,DE,0,0,0,1,2,,,,,,,,,,,,,,,,,,,,,,,,,,,,,,,,,,,,,,,,,,,,,,,,,,
R.Jones,00-0027762,yes,MIA,SS,0,0,0,0,5,,,,,,,,,,,,,,,,,,,,,,,,,,,,,,,,,,,,,,,,,,,,,,,,,,
D.Jordan,00-0030555,yes,MIA,DE,0,0,0,1,2,,,,,,,,,,,,,,,,,,,,,,,,,,,,,,,,,,,,,,,,,,,,,,,,,,
J.Trusnik,00-0025697,yes,MIA,,0,0,0,0,1,,,,,,,,,,,,,,,,,,,,,,,,,,,,,,,,,,,,,,,,,,,,,,,,,,
B.Grimes,00-0024183,yes,MIA,CB,0,0,0,0,3,,,,,,,,,,,,,,,,,,,,,,,,,,,,,,,,,,,,,,,,,,,,,,,,,,
K.Misi,00-0027883,yes,MIA,OLB,1,0,0,0,6,,,,,,,,,,,,,,,,,,,,,,,,,,,,,,,,,,,,,,,,,,,,,,,,,,
E.Mitchell,00-0027684,yes,MIA,DT,0,0,0,0,1,,,,,,,,,,,,,,,,,,,,,,,,,,,,,,,,,,,,,,,,,,,,,,,,,,
J.Taylor,00-0030484,yes,MIA,CB,0,0,0,0,3,,,,,,,,,,,,,,,,,,,,,,,,,,,,,,,,,,,,,,,,,,,,,,,,,,
J.Odrick,00-0027878,yes,MIA,DE,0,0,0,0,3,,,,,,,,,,,,,,,,,,,,,,,,,,,,,,,,,,,,,,,,,,,,,,,,,,
T.Bridgewater,00-0031237,no,MIN,QB,,,,,,,,,,,,,,,,,,,,,,,,,26,19,1,2,0,0,259,,,,,,,,,,,,,,,,,,5,6,0,0,0,0,13
C.Patterson,00-0030578,no,MIN,WR,,,,,,,,,,,,,,,,,,,,23,29,0,2,0,,,,,,,,,,,,,,,,,,18,0,1,0,0,0,18,1,-2,0,0,0,0,-2
J.Banyard,00-0029048,no,MIN,,,,,,,,,,,,,,,,,,,,,,,,,,,,,,,,,,,,,,,,,,,10,0,2,0,0,0,9,5,16,0,0,0,0,23
M.Asiata,00-0028198,no,MIN,RB,,,,,,,,,,,,,,,,,,,,,,,,,,,,,,,,,,,,,,,,,,9,0,3,0,0,0,19,16,10,5,2,1,1,58
J.Wright,00-0029572,no,MIN,WR,,,,,,,,,,,,,,,,,,,,,,,,,,,,,,,,,,,,,,,,,,20,8,3,1,0,0,38,1,27,0,0,0,0,27
R.Ellison,00-0029587,no,MIN,TE,,,,,,,,,,,,,,,,,,,,,,,,,,,,,,,,,,,,,,,,,,40,0,2,0,0,0,47,,,,,,,
C.Ford,00-0029432,no,MIN,TE,,,,,,,,,,,,,,,,,,,,,,,,,,,,,,,,,,,,,,,,,,22,0,1,0,0,0,22,,,,,,,
G.Jennings,00-0024267,no,MIN,WR,,,,,,,,,,,,,,,,,,,,,,,,,,,,,,,,,,,,,,,,,,24,21,3,1,0,0,56,,,,,,,
A.Thielen,00-0030035,no,MIN,WR,,,,,,,,,,,,,,,,,,,,,,,,,,,,,,,,,,,,,,,,,,12,0,1,0,0,0,12,,,,,,,
Ch.Johnson,00-0030113,no,MIN,WR,,,,,,,,,,,,,,,,,,,,,,,,,,,,,,,,,,,,,,,,,,25,0,3,0,0,0,38,,,,,,,
A.Exum,00-0031267,no,MIN,CB,,,,,,0,0,0,1,0,,,,,,,,,,,,,,,,,,,,,,,,,,,,,,,,,,,,,,,,,,,,,
B.Walsh,00-0029576,no,MIN,K,,,,,,,,,,,2,2,33,6,3,0,3,0,3,,,,,,,,,,,,,,,,,,,,,,,,,,,,,,,,,,,,
J.Locke,00-0030405,no,MIN,P,,,,,,,,,,,,,,,,,,,,,,,,,,,,,,,,38,2,60,3,151,,,,,,,,,,,,,,,,,,,
J.Trattou,00-0028495,no,MIN,DE,,,,,,,,,,,,,,,,,,,,13,13,0,1,0,,,,,,,,,,,,,,,,,,,,,,,,,,,,,,,
J.Felton,00-0026286,no,MIN,RB,,,,,,,,,,,,,,,,,,,,13,13,0,1,0,,,,,,,,,,,,,,,,,,,,,,,,,,,,,,,
G.Hodges,00-0030385,no,MIN,MLB,0,0,0,0,6,,,,,,,,,,,,,,,,,,,,,,,,,,,,,,,,,,,,,,,,,,,,,,,,,,
H.Smith,00-0029606,no,MIN,FS,0,0,1,0,5,,,,,,,,,,,,,,,,,,,,,,,,,,,,,,,,,,,,,,,,,,,,,,,,,,
T.Johnson,00-0024030,no,MIN,DT,0,0,0,1,1,,,,,,,,,,,,,,,,,,,,,,,,,,,,,,,,,,,,,,,,,,,,,,,,,,
C.Wootton,00-0027603,no,MIN,DE,0,0,0,0,1,,,,,,,,,,,,,,,,,,,,,,,,,,,,,,,,,,,,,,,,,,,,,,,,,,
B.Robison,00-0025489,no,MIN,DE,0,0,0,0,2,,,,,,,,,,,,,,,,,,,,,,,,,,,,,,,,,,,,,,,,,,,,,,,,,,
J.Brinkley,00-0027108,no,MIN,LB,0,0,0,0,5,,,,,,,,,,,,,,,,,,,,,,,,,,,,,,,,,,,,,,,,,,,,,,,,,,
J.Robinson,00-0029691,no,MIN,CB,0,0,0,0,2,,,,,,,,,,,,,,,,,,,,,,,,,,,,,,,,,,,,,,,,,,,,,,,,,,
C.Greenway,00-0024232,no,MIN,OLB,1,0,0,0.5,2,,,,,,,,,,,,,,,,,,,,,,,,,,,,,,,,,,,,,,,,,,,,,,,,,,
C.Munnerlyn,00-0026944,no,MIN,CB,1,0,0,0,2,,,,,,,,,,,,,,,,,,,,,,,,,,,,,,,,,,,,,,,,,,,,,,,,,,
R.Blanton,00-0029575,no,MIN,SS,2,0,0,0,9,,,,,,,,,,,,,,,,,,,,,,,,,,,,,,,,,,,,,,,,,,,,,,,,,,
B.Watts,00-0031244,no,MIN,,0,0,0,0,1,,,,,,,,,,,,,,,,,,,,,,,,,,,,,,,,,,,,,,,,,,,,,,,,,,
E.Griffen,00-0027701,no,MIN,DE,0,0,0,0,1,,,,,,,,,,,,,,,,,,,,,,,,,,,,,,,,,,,,,,,,,,,,,,,,,,
A.Sendejo,00-0027914,no,MIN,SS,0,0,0,0,3,,,,,,,,,,,,,,,,,,,,,,,,,,,,,,,,,,,,,,,,,,,,,,,,,,
S.Floyd,00-0030574,no,MIN,DT,1,0,0,0.5,2,,,,,,,,,,,,,,,,,,,,,,,,,,,,,,,,,,,,,,,,,,,,,,,,,,
X.Rhodes,00-0030575,no,MIN,CB,0,0,0,0,5,,,,,,,,,,,,,,,,,,,,,,,,,,,,,,,,,,,,,,,,,,,,,,,,,,
A.Cole,00-0029578,no,MIN,MLB,0,0,0,0,2,,,,,,,,,,,,,,,,,,,,,,,,,,,,,,,,,,,,,,,,,,,,,,,,,,
L.Joseph,00-0027885,no,MIN,DT,1,0,0,0,3,,,,,,,,,,,,,,,,,,,,,,,,,,,,,,,,,,,,,,,,,,,,,,,,,,
D.Brees,00-0020531,yes,NO,QB,,,,,,1,0,2,0,0,,,,,,,,,,,,,,,47,30,2,1,0,0,313,,,,,,,,,,,,,,,,,,2,9,0,0,0,0,8
N.Toon,00-0029667,yes,NO,,,,,,,,,,,,,,,,,,,,,,,,,,,,,,,,,,,,,,,,,,,21,0,3,0,0,0,44,1,4,0,0,0,0,4
K.Robinson,00-0030348,yes,NO,RB,,,,,,,,,,,,,,,,,,,,,,,,,,,,,,,,,,,,,,,,,,5,0,1,0,0,0,5,2,4,0,0,0,0,7
M.Ingram,00-0027966,yes,NO,RB,,,,,,,,,,,,,,,,,,,,,,,,,,,,,,,,,,,,,,,,,,14,0,3,0,0,0,17,13,8,1,1,0,0,38
B.Watson,00-0022943,yes,NO,TE,,,,,,,,,,,,,,,,,,,,,,,,,,,,,,,,,,,,,,,,,,2,0,1,0,0,0,2,,,,,,,
K.Stills,00-0030085,yes,NO,WR,,,,,,,,,,,,,,,,,,,,,,,,,,,,,,,,,,,,,,,,,,22,0,6,0,0,0,68,,,,,,,
P.Thomas,00-0024813,yes,NO,,,,,,,,,,,,,,,,,,,,,,,,,,,,,,,,,,,,,,,,,,,16,0,2,0,0,0,24,,,,,,,
J.Saunders,00-0031053,yes,NO,,,,,,,,,,,,,,,,,,,,,60,99,0,2,0,,,,,,,,,,,,,0,0,0,1,0,7,0,1,0,0,0,7,,,,,,,
R.Meachem,00-0025414,yes,NO,,,,,,,,,,,,,,,,,,,,,,,,,,,,,,,,,,,,,,,,,,,13,0,1,0,0,0,13,,,,,,,
J.Graham,00-0027696,yes,NO,TE,,,,,,1,0,1,0,0,,,,,,,,,,,,,,,,,,,,,,,,,,,,,,,,15,4,6,1,0,0,53,,,,,,,
M.Colston,00-0024466,yes,NO,WR,,,,,,,,,,,,,,,,,,,,,,,,,,,,,,,,,,,,,,,,,,27,0,6,0,0,0,80,,,,,,,
Z.Strief,00-0024424,yes,NO,T,,,,,,0,1,0,1,0,,,,,,,,,,,,,,,,,,,,,,,,,,,,,,,,,,,,,,,,,,,,,
S.Graham,00-0019536,yes,NO,,,,,,,,,,,,0,0,0,0,2,0,2,0,2,,,,,,,,,,,,,,,,,,,,,,,,,,,,,,,,,,,,
T.Morstead,00-0027114,yes,NO,P,,,,,,,,,,,,,,,,,,,,,,,,,,,,,,,,50,2,63,4,200,,,,,,,,,,,,,,,,,,,
T.Lelito,00-0030217,yes,NO,OG,,,,,,,,,,,,,,,,,,,,0,0,0,1,0,,,,,,,,,,,,,,,,,,,,,,,,,,,,,,,
J.Jenkins,00-0030070,yes,NO,DT,2,0,0,0,4,,,,,,,,,,,,,,,,,,,,,,,,,,,,,,,,,,,,,,,,,,,,,,,,,,
T.Frederick,00-0029220,yes,NO,,2,0,0,0,4,,,,,,,,,,,,,,,,,,,,,,,,,,,,,,,,,,,,,,,,,,,,,,,,,,
B.Dixon,00-0030802,yes,NO,DB,1,0,0,0,2,,,,,,,,,,,,,,,,,,,,,,,,,,,,,,,,,,,,,,,,,,,,,,,,,,
K.Vaccaro,00-0030060,yes,NO,SS,1,0,0,0,3,,,,,,,,,,,,,,,,,,,,,,,,,,,,,,,,,,,,,,,,,,,,,,,,,,
C.Lofton,00-0026177,yes,NO,MLB,1,0,0,0,4,,,,,,,,,,,,,,,,,,,,,,,,,,,,,,,,,,,,,,,,,,,,,,,,,,
D.Hawthorne,00-0025999,yes,NO,OLB,4,0,0,0,4,,,,,,,,,,,,,,,,,,,,,,,,,,,,,,,,,,,,,,,,,,,,,,,,,,
R.Humber,00-0026672,yes,NO,ILB,1,0,0,0,4,,,,,,,,,,,,,,,,,,,,,,,,,,,,,,,,,,,,,,,,,,,,,,,,,,
K.Lewis,00-0026903,yes,NO,CB,1,0,0,0,4,,,,,,,,,,,,,,,,,,,,,,,,,,,,,,,,,,,,,,,,,,,,,,,,,,
J.Galette,00-0027551,yes,NO,DE,1,0,0,0,2,,,,,,,,,,,,,,,,,,,,,,,,,,,,,,,,,,,,,,,,,,,,,,,,,,
P.Warren,00-0030814,yes,NO,,1,0,0,0,2,,,,,,,,,,,,,,,,,,,,,,,,,,,,,,,,,,,,,,,,,,,,,,,,,,
P.Robinson,00-0027882,yes,NO,CB,1,0,0,0,2,,,,,,,,,,,,,,,,,,,,,,,,,,,,,,,,,,,,,,,,,,,,,,,,,,
A.Hicks,00-0029657,yes,NO,DE,2,0,0,0,1,,,,,,,,,,,,,,,,,,,,,,,,,,,,,,,,,,,,,,,,,,,,,,,,,,
B.Deaderick,00-0027838,yes,NO,,1,0,0,0,0,,,,,,,,,,,,,,,,,,,,,,,,,,,,,,,,,,,,,,,,,,,,,,,,,,
C.Jordan,00-0027962,yes,NO,DE,1,0,0,0,0,,,,,,,,,,,,,,,,,,,,,,,,,,,,,,,,,,,,,,,,,,,,,,,,,,
P.Haralson,00-0024354,yes,NO,,2,0,0,0,2,,,,,,,,,,,,,,,,,,,,,,,,,,,,,,,,,,,,,,,,,,,,,,,,,,
M.Ryan,00-0026143,no,ATL,QB,,,,,,0,0,1,0,-3,,,,,,,,,,,,,,,40,30,0,1,0,0,322,,,,,,,,,,,,,,,,,,2,7,0,0,0,0,7
D.Freeman,00-0031285,no,ATL,RB,,,,,,,,,,,,,,,,,,,,,,,,,,,,,,,,,,,,,,,,,,36,0,3,0,0,0,48,5,31,31,1,0,0,36
J.Rodgers,00-0028083,no,ATL,RB,,,,,,0,1,0,1,0,,,,,,,,,,,,,,,,,,,,,,,,,,,,,,,,3,0,1,0,0,0,3,11,8,0,0,0,0,29
S.Jackson,00-0022736,no,ATL,,,,,,,,,,,,,,,,,,,,,,,,,,,,,,,,,,,,,,,,,,,14,0,1,0,0,0,14,4,5,0,0,0,0,9
H.Douglas,00-0026224,no,ATL,WR,,,,,,,,,,,,,,,,,,,,,,,,,,,,,,,,,,,,,,,,,,27,0,4,0,0,0,47,,,,,,,
R.White,00-0023462,no,ATL,WR,,,,,,,,,,,,,,,,,,,,,,,,,,,,,,,,,,,,,,,,,,15,0,6,0,0,0,55,,,,,,,
J.Jones,00-0027944,no,ATL,WR,,,,,,,,,,,,,,,,,,,,,,,,,,,,,,,,,,,,,,,,,,24,0,7,0,0,0,107,,,,,,,
D.Hester,00-0024272,no,ATL,WR,,,,,,,,,,,,,,,,,,,,24,25,0,2,0,,,,,,,,,,,,,1,2,0,2,0,16,0,2,0,0,0,25,,,,,,,
P.DiMarco,00-0028581,no,ATL,FB,,,,,,,,,,,,,,,,,,,,,,,,,,,,,,,,,,,,,,,,,,3,0,1,0,0,0,3,,,,,,,
L.Toilolo,00-0030443,no,ATL,TE,,,,,,,,,,,,,,,,,,,,,,,,,,,,,,,,,,,,,,,,,,8,0,4,0,0,0,17,,,,,,,
E.Weems,00-0024535,no,ATL,WR,,,,,,,,,,,,,,,,,,,,,,,,,,,,,,,,,,,,,,,,,,3,3,1,1,0,0,3,,,,,,,
O.Umenyiora,00-0021977,no,ATL,,,,,,,0,0,0,1,84,,,,,,,,,,,,,,,,,,,,,,,,,,,,,,,,,,,,,,,,,,,,,
K.Ishmael,00-0030427,no,ATL,SS,1,1,0,0,3,0,0,0,1,18,,,,,,,,,,,,,,,,,,,,,,,,,,,,,,,,,,,,,,,,,,,,,
M.Bryant,00-0020578,no,ATL,K,,,,,,,,,,,3,3,50,9,3,0,3,0,3,,,,,,,,,,,,,,,,,,,,,,,,,,,,,,,,,,,,
M.Bosher,00-0028130,no,ATL,P,,,,,,,,,,,,,,,,,,,,,,,,,,,,,,,,44,4,55,5,221,,,,,,,,,,,,,,,,,,,
P.Worrilow,00-0029792,no,ATL,MLB,3,0,0,0,6,,,,,,,,,,,,,,,,,,,,,,,,,,,,,,,,,,,,,,,,,,,,,,,,,,
C.Matthews,00-0028168,no,ATL,,1,0,0,0,1,,,,,,,,,,,,,,,,,,,,,,,,,,,,,,,,,,,,,,,,,,,,,,,,,,
P.Shembo,00-0031178,no,ATL,,0,0,0,0,2,,,,,,,,,,,,,,,,,,,,,,,,,,,,,,,,,,,,,,,,,,,,,,,,,,
R.Hageman,00-0031281,no,ATL,DT,1,0,0,1,2,,,,,,,,,,,,,,,,,,,,,,,,,,,,,,,,,,,,,,,,,,,,,,,,,,
T.Jackson,00-0026980,no,ATL,DE,1,0,0,0,0,,,,,,,,,,,,,,,,,,,,,,,,,,,,,,,,,,,,,,,,,,,,,,,,,,
J.Bartu,00-0029770,no,ATL,ILB,0,0,0,0,3,,,,,,,,,,,,,,,,,,,,,,,,,,,,,,,,,,,,,,,,,,,,,,,,,,
C.Peters,00-0027686,no,ATL,DT,0,0,0,1,2,,,,,,,,,,,,,,,,,,,,,,,,,,,,,,,,,,,,,,,,,,,,,,,,,,
W.Moore,00-0027031,no,ATL,SS,0,0,0,0,2,,,,,,,,,,,,,,,,,,,,,,,,,,,,,,,,,,,,,,,,,,,,,,,,,,
D.Southward,00-0031383,no,ATL,FS,0,0,0,0,2,,,,,,,,,,,,,,,,,,,,,,,,,,,,,,,,,,,,,,,,,,,,,,,,,,
K.Biermann,00-0026294,no,ATL,OLB,2,0,0,0,0,,,,,,,,,,,,,,,,,,,,,,,,,,,,,,,,,,,,,,,,,,,,,,,,,,
J.Wilson,00-0025442,no,ATL,DB,0,0,0,0,1,,,,,,,,,,,,,,,,,,,,,,,,,,,,,,,,,,,,,,,,,,,,,,,,,,
J.Arenas,00-0027660,no,ATL,,0,0,0,0,3,,,,,,,,,,,,,,,,,,,,,,,,,,,,,,,,,,,,,,,,,,,,,,,,,,
D.Lowery,00-0026253,no,ATL,FS,1,1,0,1,4,,,,,,,,,,,,,,,,,,,,,,,,,,,,,,,,,,,,,,,,,,,,,,,,,,
J.Babineaux,00-0023494,no,ATL,DT,0,1,0,2,3,,,,,,,,,,,,,,,,,,,,,,,,,,,,,,,,,,,,,,,,,,,,,,,,,,
R.McClain,00-0027840,no,ATL,,1,0,1,0,4,,,,,,,,,,,,,,,,,,,,,,,,,,,,,,,,,,,,,,,,,,,,,,,,,,
D.Trufant,00-0030562,no,ATL,CB,1,0,1,0,4,,,,,,,,,,,,,,,,,,,,,,,,,,,,,,,,,,,,,,,,,,,,,,,,,,
G.Smith,00-0030565,yes,NYJ,QB,,,,,,,,,,,,,,,,,,,,,,,,,27,17,1,1,0,0,210,,,,,,,,,,,,,,,,,,3,6,0,0,0,0,9
J.Conner,00-0027739,yes,NYJ,,,,,,,,,,,,,,,,,,,,,,,,,,,,,,,,,,,,,,,,,,,26,0,1,0,0,0,26,1,2,0,0,0,0,2
P.Harvin,00-0026998,yes,NYJ,WR,,,,,,,,,,,,,,,,,,,,19,19,0,1,0,,,,,,,,,,,,,,,,,,25,0,4,0,0,0,44,2,1,0,0,0,0,1
B.Powell,00-0028064,yes,NYJ,RB,,,,,,,,,,,,,,,,,,,,,,,,,,,,,,,,,,,,,,,,,,7,0,2,0,0,0,13,5,14,0,0,0,0,21
C.Johnson,00-0026164,yes,NYJ,RB,,,,,,,,,,,,,,,,,,,,,,,,,,,,,,,,,,,,,,,,,,3,0,1,0,0,0,3,10,16,0,0,0,0,30
C.Ivory,00-0027531,yes,NYJ,RB,,,,,,,,,,,,,,,,,,,,,,,,,,,,,,,,,,,,,,,,,,,,,,,,,11,16,0,0,0,0,53
J.Kerley,00-0028091,yes,NYJ,WR,,,,,,,,,,,,,,,,,,,,,,,,,,,,,,,,,,,,,11,14,0,3,0,25,0,3,0,0,0,54,,,,,,,
Z.Sudfeld,00-0029999,yes,NYJ,TE,,,,,,,,,,,,,,,,,,,,,,,,,,,,,,,,,,,,,,,,,,6,0,1,0,0,0,6,,,,,,,
J.Cumberland,00-0027321,yes,NYJ,TE,,,,,,,,,,,,,,,,,,,,,,,,,,,,,,,,,,,,,,,,,,20,20,3,1,0,0,43,,,,,,,
E.Decker,00-0027690,yes,NYJ,WR,,,,,,,,,,,,,,,,,,,,,,,,,,,,,,,,,,,,,,,,,,13,0,2,0,0,0,21,,,,,,,
N.Folk,00-0025565,yes,NYJ,K,,,,,,,,,,,4,3,37,9,1,0,1,0,1,,,,,,,,,,,,,,,,,,,,,,,,,,,,,,,,,,,,
R.Quigley,00-0029493,yes,NYJ,P,,,,,,,,,,,,,,,,,,,,,,,,,,,,,,,,32,1,57,4,189,,,,,,,,,,,,,,,,,,,
T.Graham,00-0029660,yes,NYJ,,,,,,,,,,,,,,,,,,,,,13,18,0,2,0,,,,,,,,,,,,,,,,,,,,,,,,,,,,,,,
D.Harris,00-0025434,yes,NYJ,ILB,4,0,0,0.5,6,,,,,,,,,,,,,,,,,,,,,,,,,,,,,,,,,,,,,,,,,,,,,,,,,,
D.Landry,00-0024360,yes,NYJ,,5,0,0,0,3,,,,,,,,,,,,,,,,,,,,,,,,,,,,,,,,,,,,,,,,,,,,,,,,,,
D.Harrison,00-0029040,yes,NYJ,NT,1,0,0,0,2,,,,,,,,,,,,,,,,,,,,,,,,,,,,,,,,,,,,,,,,,,,,,,,,,,
M.Williams,00-0031151,yes,NYJ,CB,2,0,1,0,5,,,,,,,,,,,,,,,,,,,,,,,,,,,,,,,,,,,,,,,,,,,,,,,,,,
D.Davis,00-0029607,yes,NYJ,ILB,4,0,0,0.5,5,,,,,,,,,,,,,,,,,,,,,,,,,,,,,,,,,,,,,,,,,,,,,,,,,,
C.Pryor,00-0031343,yes,NYJ,SS,6,0,0,0,2,,,,,,,,,,,,,,,,,,,,,,,,,,,,,,,,,,,,,,,,,,,,,,,,,,
A.Allen,00-0029553,yes,NYJ,DB,1,0,0,0.5,1,,,,,,,,,,,,,,,,,,,,,,,,,,,,,,,,,,,,,,,,,,,,,,,,,,
C.Pace,00-0022120,yes,NYJ,OLB,2,0,0,1,1,,,,,,,,,,,,,,,,,,,,,,,,,,,,,,,,,,,,,,,,,,,,,,,,,,
D.Walls,00-0028334,yes,NYJ,CB,0,0,0,0,2,,,,,,,,,,,,,,,,,,,,,,,,,,,,,,,,,,,,,,,,,,,,,,,,,,
J.Babin,00-0022695,yes,NYJ,DE,1,0,0,0,1,,,,,,,,,,,,,,,,,,,,,,,,,,,,,,,,,,,,,,,,,,,,,,,,,,
Q.Coples,00-0029559,yes,NYJ,OLB,1,0,0,0.5,5,,,,,,,,,,,,,,,,,,,,,,,,,,,,,,,,,,,,,,,,,,,,,,,,,,
S.Richardson,00-0030573,yes,NYJ,DE,1,0,0,0.5,2,,,,,,,,,,,,,,,,,,,,,,,,,,,,,,,,,,,,,,,,,,,,,,,,,,
K.Ellis,00-0028032,yes,NYJ,,1,0,0,0,0,,,,,,,,,,,,,,,,,,,,,,,,,,,,,,,,,,,,,,,,,,,,,,,,,,
M.Wilkerson,00-0027968,yes,NYJ,DE,2,0,0,0.5,0,,,,,,,,,,,,,,,,,,,,,,,,,,,,,,,,,,,,,,,,,,,,,,,,,,
T.Brady,00-0019596,no,NE,QB,,,,,,,,,,,,,,,,,,,,,,,,,35,23,1,1,0,0,182,,,,,,,,,,,,,,,,,,7,11,0,0,0,0,10
S.Vereen,00-0027994,no,NE,RB,,,,,,,,,,,,,,,,,,,,,,,,,,,,,,,,,,,,,,,,,,12,0,1,0,0,0,12,6,15,0,0,0,0,38
B.Bolden,00-0029239,no,NE,RB,,,,,,,,,,,,,,,,,,,,,,,,,,,,,,,,,,,,,,,,,,,,,,,,,5,17,0,0,0,0,32
J.Gray,00-0029104,no,NE,RB,,,,,,,,,,,,,,,,,,,,,,,,,,,,,,,,,,,,,,,,,,,,,,,,,6,4,1,1,0,0,5
D.Amendola,00-0026035,no,NE,WR,,,,,,,,,,,,,,,,,,,,18,23,0,5,0,,,,,,,,,,,,,21,39,0,3,0,12,0,8,0,0,0,63,,,,,,,
T.Wright,00-0029910,no,NE,TE,,,,,,,,,,,,,,,,,,,,,,,,,,,,,,,,,,,,,,,,,,12,0,1,0,0,0,12,,,,,,,
B.LaFell,00-0027681,no,NE,WR,,,,,,,,,,,,,,,,,,,,,,,,,,,,,,,,,,,,,,,,,,14,0,7,0,0,0,64,,,,,,,
R.Gronkowski,00-0027656,no,NE,TE,,,,,,,,,,,,,,,,,,,,,,,,,,,,,,,,,,,,,,,,,,10,3,6,1,0,0,31,,,,,,,
S.Gostkowski,00-0024333,no,NE,K,,,,,,,,,,,1,1,24,3,2,0,2,0,2,,,,,,,,,,,,,,,,,,,,,,,,,,,,,,,,,,,,
R.Allen,00-0029984,no,NE,P,,,,,,,,,,,,,,,,,,,,,,,,,,,,,,,,46,2,58,5,263,,,,,,,,,,,,,,,,,,,
Cha.Jones,00-0029585,no,NE,DE,3,0,0,0,2,,,,,,,,,,,,,,,,,,,,,,,,,,,,,,,,,,,,,,,,,,,,,,,,,,
L.Ryan,00-0030411,no,NE,CB,2,0,0,0,2,,,,,,,,,,,,,,,,,,,,,,,,,,,,,,,,,,,,,,,,,,,,,,,,,,
V.Wilfork,00-0022712,no,NE,NT,5,0,0,0,4,,,,,,,,,,,,,,,,,,,,,,,,,,,,,,,,,,,,,,,,,,,,,,,,,,
J.Collins,00-0030421,no,NE,OLB,5,0,1,0,6,,,,,,,,,,,,,,,,,,,,,,,,,,,,,,,,,,,,,,,,,,,,,,,,,,
B.Browner,00-0023013,no,NE,CB,1,0,0,0,3,,,,,,,,,,,,,,,,,,,,,,,,,,,,,,,,,,,,,,,,,,,,,,,,,,
A.Branch,00-0025420,no,NE,DT,0,0,0,0,2,,,,,,,,,,,,,,,,,,,,,,,,,,,,,,,,,,,,,,,,,,,,,,,,,,
P.Chung,00-0027010,no,NE,SS,2,0,0,0,3,,,,,,,,,,,,,,,,,,,,,,,,,,,,,,,,,,,,,,,,,,,,,,,,,,
T.Wilson,00-0029410,no,NE,SS,0,0,0,0,2,,,,,,,,,,,,,,,,,,,,,,,,,,,,,,,,,,,,,,,,,,,,,,,,,,
R.Ninkovich,00-0024349,no,NE,DE,3,0,0,0,2,,,,,,,,,,,,,,,,,,,,,,,,,,,,,,,,,,,,,,,,,,,,,,,,,,
D.McCourty,00-0027647,no,NE,FS,3,0,0,0,5,,,,,,,,,,,,,,,,,,,,,,,,,,,,,,,,,,,,,,,,,,,,,,,,,,
D.Harmon,00-0030383,no,NE,CB,0,0,0,0,1,,,,,,,,,,,,,,,,,,,,,,,,,,,,,,,,,,,,,,,,,,,,,,,,,,
S.Siliga,00-0028256,no,NE,DT,4,0,0,1,4,,,,,,,,,,,,,,,,,,,,,,,,,,,,,,,,,,,,,,,,,,,,,,,,,,
Chr.Jones,00-0030106,no,NE,DT,0,0,0,0,1,,,,,,,,,,,,,,,,,,,,,,,,,,,,,,,,,,,,,,,,,,,,,,,,,,
D.Revis,00-0025401,no,NE,CB,1,0,0,0,3,,,,,,,,,,,,,,,,,,,,,,,,,,,,,,,,,,,,,,,,,,,,,,,,,,
D.Hightower,00-0029669,no,NE,OLB,6,0,0,1,3,,,,,,,,,,,,,,,,,,,,,,,,,,,,,,,,,,,,,,,,,,,,,,,,,,
B.Roethlisberger,00-0022924,yes,PIT,QB,,,,,,,,,,,,,,,,,,,,,,,,,25,18,0,1,0,0,220,,,,,,,,,,,,,,,,,,4,-1,0,0,0,0,-4
M.Bryant,00-0031373,yes,PIT,WR,,,,,,,,,,,,,,,,,,,,,,,,,,,,,,,,,,,,,,,,,,44,0,1,0,0,0,44,2,9,0,0,0,0,9
L.Bell,00-0030496,yes,PIT,RB,,,,,,,,,,,,,,,,,,,,,,,,,,,,,,,,,,,,,,,,,,9,0,1,0,0,0,9,20,7,1,1,0,0,63
M.Wheaton,00-0030460,yes,PIT,WR,,,,,,,,,,,,,,,,,,,,23,29,0,3,0,,,,,,,,,,,,,,,,,,14,0,2,0,0,0,27,,,,,,,
A.Brown,00-0027793,yes,PIT,WR,,,,,,,,,,,,,,,,,,,,,,,,,,,,,,,,,,,,,,,,,,19,3,7,1,0,0,72,,,,,,,
H.Miller,00-0023465,yes,PIT,TE,,,,,,,,,,,,,,,,,,,,,,,,,,,,,,,,,,,,,,,,,,17,0,7,0,0,0,68,,,,,,,
V.Williams,00-0030434,yes,PIT,ILB,3,0,0,0,0,0,0,0,1,0,,,,,,,,,,,,,,,,,,,,,,,,,,,,,,,,,,,,,,,,,,,,,
S.Suisham,00-0023001,yes,PIT,K,,,,,,,,,,,2,2,23,6,2,0,2,0,2,,,,,,,,,,,,,,,,,,,,,,,,,,,,,,,,,,,,
B.Wing,00-0030142,yes,PIT,P,,,,,,,,,,,,,,,,,,,,,,,,,,,,,,,,41,0,56,2,90,,,,,,,,,,,,,,,,,,,
S.Spence,00-0029594,yes,PIT,ILB,0,0,0,0,3,,,,,,,,,,,,,,,,,,,,,,,,,,,,,,,,,,,,,,,,,,,,,,,,,,
S.Tuitt,00-0031412,yes,PIT,DE,0,1,0,1,3,,,,,,,,,,,,,,,,,,,,,,,,,,,,,,,,,,,,,,,,,,,,,,,,,,
W.Gay,00-0025557,yes,PIT,CB,0,0,0,0,6,,,,,,,,,,,,,,,,,,,,,,,,,,,,,,,,,,,,,,,,,,,,,,,,,,
J.Harrison,00-0020712,yes,PIT,OLB,3,0,0,1.5,4,,,,,,,,,,,,,,,,,,,,,,,,,,,,,,,,,,,,,,,,,,,,,,,,,,
M.Mitchell,00-0027023,yes,PIT,FS,0,0,0,0,2,,,,,,,,,,,,,,,,,,,,,,,,,,,,,,,,,,,,,,,,,,,,,,,,,,
J.Worilds,00-0027889,yes,PIT,,0,0,0,2,3,,,,,,,,,,,,,,,,,,,,,,,,,,,,,,,,,,,,,,,,,,,,,,,,,,
C.Heyward,00-0027969,yes,PIT,DE,2,0,0,1.5,2,,,,,,,,,,,,,,,,,,,,,,,,,,,,,,,,,,,,,,,,,,,,,,,,,,
R.Shazier,00-0031365,yes,PIT,ILB,0,0,0,0,2,,,,,,,,,,,,,,,,,,,,,,,,,,,,,,,,,,,,,,,,,,,,,,,,,,
B.McCain,00-0026935,yes,PIT,CB,0,0,0,0,3,,,,,,,,,,,,,,,,,,,,,,,,,,,,,,,,,,,,,,,,,,,,,,,,,,
L.Timmons,00-0025402,yes,PIT,ILB,4,0,0,0,9,,,,,,,,,,,,,,,,,,,,,,,,,,,,,,,,,,,,,,,,,,,,,,,,,,
A.Blake,00-0029050,yes,PIT,CB,1,0,0,0,6,,,,,,,,,,,,,,,,,,,,,,,,,,,,,,,,,,,,,,,,,,,,,,,,,,
W.Allen,00-0022900,yes,PIT,SS,3,0,0,0,3,,,,,,,,,,,,,,,,,,,,,,,,,,,,,,,,,,,,,,,,,,,,,,,,,,
A.Smith,00-0023436,no,KC,QB,,,,,,,,,,,,,,,,,,,,,,,,,45,31,0,0,0,0,311,,,,,,,,,,,,,,,,,,2,11,0,0,0,0,14
D.Colquitt,00-0023534,no,KC,P,,,,,,,,,,,,,,,,,,,,,,,,,1,1,0,0,0,0,6,48,1,48,1,48,,,,,,,,,,,,,,,,,,,
D.Thomas,00-0031060,no,KC,WR,,,,,,,,,,,,,,,,,,,,22,25,0,2,0,,,,,,,,,,,,,4,5,0,2,0,19,0,6,0,0,0,47,1,-6,0,0,0,0,-6
K.Davis,00-0030280,no,KC,RB,,,,,,,,,,,,,,,,,,,,23,29,0,2,0,,,,,,,,,,,,,,,,,,9,0,1,0,0,0,9,2,1,0,0,0,0,2
J.Charles,00-0026213,no,KC,RB,,,,,,1,0,1,0,0,,,,,,,,,,,,,,,,,,,,,,,,,,,,,,,,16,0,5,0,0,0,48,9,10,0,0,0,0,29
A.Wilson,00-0030669,no,KC,WR,,,,,,,,,,,,,,,,,,,,,,,,,,,,,,,,,,,,,,,,,,33,0,5,0,0,0,87,,,,,,,
A.Fasano,00-0024268,no,KC,TE,,,,,,,,,,,,,,,,,,,,,,,,,,,,,,,,,,,,,,,,,,1,0,1,0,0,0,1,,,,,,,
J.Avant,00-0024324,no,KC,WR,,,,,,,,,,,,,,,,,,,,,,,,,,,,,,,,,,,,,,,,,,15,0,4,0,0,0,37,,,,,,,
T.Kelce,00-0030506,no,KC,TE,,,,,,,,,,,,,,,,,,,,,,,,,,,,,,,,,,,,,,,,,,13,0,4,0,0,0,31,,,,,,,
D.Bowe,00-0025410,no,KC,WR,,,,,,,,,,,,,,,,,,,,,,,,,,,,,,,,,,,,,,,,,,13,0,6,0,0,0,57,,,,,,,
C.Santos,00-0031203,no,KC,K,,,,,,,,,,,4,4,43,12,0,0,0,0,0,,,,,,,,,,,,,,,,,,,,,,,,,,,,,,,,,,,,
A.Sherman,00-0028074,no,KC,FB,,,,,,,,,,,,,,,,,,,,13,13,0,1,0,,,,,,,,,,,,,,,,,,,,,,,,,,,,,,,
A.Bailey,00-0028024,no,KC,DE,0,0,0,0,1,,,,,,,,,,,,,,,,,,,,,,,,,,,,,,,,,,,,,,,,,,,,,,,,,,
V.Walker,00-0026942,no,KC,DE,1,0,0,0,1,,,,,,,,,,,,,,,,,,,,,,,,,,,,,,,,,,,,,,,,,,,,,,,,,,
S.Smith,00-0027037,no,KC,CB,0,0,0,0,1,,,,,,,,,,,,,,,,,,,,,,,,,,,,,,,,,,,,,,,,,,,,,,,,,,
J.Mays,00-0026340,no,KC,,1,0,0,0,3,,,,,,,,,,,,,,,,,,,,,,,,,,,,,,,,,,,,,,,,,,,,,,,,,,
J.Mauga,00-0027170,no,KC,ILB,2,0,0,0,4,,,,,,,,,,,,,,,,,,,,,,,,,,,,,,,,,,,,,,,,,,,,,,,,,,
T.Hali,00-0024235,no,KC,OLB,4,0,0,0,2,,,,,,,,,,,,,,,,,,,,,,,,,,,,,,,,,,,,,,,,,,,,,,,,,,
D.Poe,00-0029688,no,KC,NT,2,0,0,0,1,,,,,,,,,,,,,,,,,,,,,,,,,,,,,,,,,,,,,,,,,,,,,,,,,,
K.Vickerson,00-0023648,no,KC,,1,0,0,0,2,,,,,,,,,,,,,,,,,,,,,,,,,,,,,,,,,,,,,,,,,,,,,,,,,,
J.Howard,00-0029277,no,KC,NT,1,0,0,0,1,,,,,,,,,,,,,,,,,,,,,,,,,,,,,,,,,,,,,,,,,,,,,,,,,,
H.Abdullah,00-0025940,no,KC,FS,0,0,0,0,2,,,,,,,,,,,,,,,,,,,,,,,,,,,,,,,,,,,,,,,,,,,,,,,,,,
R.Parker,00-0028445,no,KC,SS,0,0,0,0,4,,,,,,,,,,,,,,,,,,,,,,,,,,,,,,,,,,,,,,,,,,,,,,,,,,
J.Fleming,00-0029639,no,KC,CB,0,0,0,0,5,,,,,,,,,,,,,,,,,,,,,,,,,,,,,,,,,,,,,,,,,,,,,,,,,,
J.Houston,00-0028008,no,KC,OLB,0,0,0,1,4,,,,,,,,,,,,,,,,,,,,,,,,,,,,,,,,,,,,,,,,,,,,,,,,,,
C.Owens,00-0027062,no,KC,DB,1,0,0,0,1,,,,,,,,,,,,,,,,,,,,,,,,,,,,,,,,,,,,,,,,,,,,,,,,,,
K.Coleman,00-0027835,no,KC,FS,0,0,0,0,4,,,,,,,,,,,,,,,,,,,,,,,,,,,,,,,,,,,,,,,,,,,,,,,,,,
J.McCown,00-0021206,yes,TB,QB,,,,,,0,0,1,0,0,,,,,,,,,,,,,,,26,12,1,0,0,0,147,,,,,,,,,,,,,,,,,,,,,,,,
C.Sims,00-0031390,yes,TB,RB,,,,,,,,,,,,,,,,,,,,,,,,,,,,,,,,,,,,,,,,,,18,0,3,0,0,0,30,4,1,0,0,0,0,-1
D.Martin,00-0029613,yes,TB,RB,,,,,,,,,,,,,,,,,,,,,,,,,,,,,,,,,,,,,,,,,,,,,,,,,10,4,0,0,0,0,17
M.Evans,00-0031408,yes,TB,WR,,,,,,,,,,,,,,,,,,,,,,,,,,,,,,,,,,,,,,,,,,22,0,4,0,0,0,49,,,,,,,
L.Stocker,00-0028042,yes,TB,TE,,,,,,,,,,,,,,,,,,,,,,,,,,,,,,,,,,,,,,,,,,4,0,2,0,0,0,8,,,,,,,
V.Jackson,00-0023496,yes,TB,WR,,,,,,,,,,,,,,,,,,,,,,,,,,,,,,,,,,,,,,,,,,40,0,3,0,0,0,60,,,,,,,
J.Allen,00-0030833,yes,TB,,,,,,,0,1,0,1,0,,,,,,,,,,,,,,,,,,,,,,,,,,,,,,,,,,,,,,,,,,,,,
C.McDonald,00-0026964,yes,TB,DT,1,0,0,0,5,0,0,0,1,1,,,,,,,,,,,,,,,,,,,,,,,,,,,,,,,,,,,,,,,,,,,,,
P.Murray,00-0030626,yes,TB,K,,,,,,,,,,,1,1,43,3,0,0,0,0,0,,,,,,,,,,,,,,,,,,,,,,,,,,,,,,,,,,,,
M.Koenen,00-0023234,yes,TB,,,,,,,,,,,,,,,,,,,,,,,,,,,,,,,,,42,1,51,8,336,,,,,,,,,,,,,,,,,,,
B.Rainey,00-0029384,yes,TB,RB,,,,,,,,,,,,,,,,,,,,29,29,0,1,0,,,,,,,,,,,,,0,0,0,1,0,,,,,,,,,,,,,,
A.Spence,00-0030402,yes,TB,DT,0,0,0,0,3,,,,,,,,,,,,,,,,,,,,,,,,,,,,,,,,,,,,,,,,,,,,,,,,,,
K.Tandy,00-0029422,yes,TB,FS,0,0,0,0,1,,,,,,,,,,,,,,,,,,,,,,,,,,,,,,,,,,,,,,,,,,,,,,,,,,
D.Fletcher,00-0027237,yes,TB,LB,1,0,0,0,5,,,,,,,,,,,,,,,,,,,,,,,,,,,,,,,,,,,,,,,,,,,,,,,,,,
D.Lansanah,00-0026028,yes,TB,OLB,0,0,0,0,2,,,,,,,,,,,,,,,,,,,,,,,,,,,,,,,,,,,,,,,,,,,,,,,,,,
M.Foster,00-0028022,yes,TB,LB,1,0,0,0,1,,,,,,,,,,,,,,,,,,,,,,,,,,,,,,,,,,,,,,,,,,,,,,,,,,
B.McDougald,00-0030161,yes,TB,FS,1,0,0,0,8,,,,,,,,,,,,,,,,,,,,,,,,,,,,,,,,,,,,,,,,,,,,,,,,,,
L.David,00-0029562,yes,TB,OLB,1,0,0,0,7,,,,,,,,,,,,,,,,,,,,,,,,,,,,,,,,,,,,,,,,,,,,,,,,,,
M.Johnson,00-0027044,yes,TB,DE,2,1,0,1,1,,,,,,,,,,,,,,,,,,,,,,,,,,,,,,,,,,,,,,,,,,,,,,,,,,
L.Johnson,00-0029087,yes,TB,CB,1,0,0,0,6,,,,,,,,,,,,,,,,,,,,,,,,,,,,,,,,,,,,,,,,,,,,,,,,,,
A.Verner,00-0027705,yes,TB,CB,3,0,0,0,6,,,,,,,,,,,,,,,,,,,,,,,,,,,,,,,,,,,,,,,,,,,,,,,,,,
D.Goldson,00-0025513,yes,TB,FS,0,0,0,0,5,,,,,,,,,,,,,,,,,,,,,,,,,,,,,,,,,,,,,,,,,,,,,,,,,,
T.Fatinikun,00-0031467,yes,TB,DE,1,0,0,0,0,,,,,,,,,,,,,,,,,,,,,,,,,,,,,,,,,,,,,,,,,,,,,,,,,,
J.Banks,00-0030469,yes,TB,CB,0,0,0,0,3,,,,,,,,,,,,,,,,,,,,,,,,,,,,,,,,,,,,,,,,,,,,,,,,,,
D.Bowers,00-0027989,yes,TB,,1,0,0,0,3,,,,,,,,,,,,,,,,,,,,,,,,,,,,,,,,,,,,,,,,,,,,,,,,,,
B.Dixon,00-0031328,yes,TB,,0,0,0,0,1,,,,,,,,,,,,,,,,,,,,,,,,,,,,,,,,,,,,,,,,,,,,,,,,,,
L.English,00-0026992,yes,TB,DE,0,0,0,0,1,,,,,,,,,,,,,,,,,,,,,,,,,,,,,,,,,,,,,,,,,,,,,,,,,,
A.Rodgers,00-0023459,no,GB,QB,,,,,,1,0,1,0,0,,,,,,,,,,,,,,,40,31,0,1,0,0,318,,,,,,,,,,,,,,,,,,,,,,,,
M.Flynn,00-0026349,no,GB,,,,,,,,,,,,,,,,,,,,,,,,,,,,,,,,,,,,,,,,,,,,,,,,,,3,-1,0,0,0,0,-3
J.Kuhn,00-0022999,no,GB,FB,,,,,,,,,,,,,,,,,,,,,,,,,,,,,,,,,,,,,,,,,,,,,,,,,4,11,0,0,0,0,22
J.Starks,00-0027791,no,GB,RB,,,,,,,,,,,,,,,,,,,,,,,,,,,,,,,,,,,,,,,,,,9,0,4,0,0,0,22,7,4,0,0,0,0,3
E.Lacy,00-0030485,no,GB,RB,,,,,,,,,,,,,,,,,,,,,,,,,,,,,,,,,,,,,,,,,,5,0,1,0,0,0,5,17,44,44,1,0,0,99
R.Rodgers,00-0031384,no,GB,TE,,,,,,,,,,,,,,,,,,,,,,,,,,,,,,,,,,,,,,,,,,8,0,2,0,0,0,13,,,,,,,
D.Adams,00-0031381,no,GB,WR,,,,,,,,,,,,,,,,,,,,,,,,,,,,,,,,,,,,,,,,,,9,0,2,0,0,0,17,,,,,,,
A.Quarless,00-0027753,no,GB,TE,,,,,,,,,,,,,,,,,,,,,,,,,,,,,,,,,,,,,,,,,,16,0,2,0,0,0,17,,,,,,,
J.Nelson,00-0026176,no,GB,WR,,,,,,,,,,,,,,,,,,,,,,,,,,,,,,,,,,,,,,,,,,28,1,9,1,0,0,113,,,,,,,
R.Cobb,00-0028002,no,GB,WR,,,,,,0,1,1,1,0,,,,,,,,,,,,,,,,,,,,,,,,,,,1,4,0,2,0,30,0,11,0,0,0,131,,,,,,,
M.Crosby,00-0025580,no,GB,K,,,,,,,,,,,3,2,42,6,2,0,2,0,2,,,,,,,,,,,,,,,,,,,,,,,,,,,,,,,,,,,,
T.Masthay,00-0026664,no,GB,P,,,,,,,,,,,,,,,,,,,,,,,,,,,,,,,,35,0,43,2,69,,,,,,,,,,,,,,,,,,,
M.Hyde,00-0030090,no,GB,SS,,,,,,,,,,,,,,,,,,,,,,,,,,,,,,,,,,,,,1,2,0,2,0,,,,,,,,,,,,,,
B.Jones,00-0026946,no,GB,LB,1,0,0,0,0,,,,,,,,,,,,,,,,,,,,,,,,,,,,,,,,,,,,,,,,,,,,,,,,,,
A.Hawk,00-0024220,no,GB,OLB,0,0,0,0,2,,,,,,,,,,,,,,,,,,,,,,,,,,,,,,,,,,,,,,,,,,,,,,,,,,
N.Perry,00-0029408,no,GB,OLB,0,0,0,0,1,,,,,,,,,,,,,,,,,,,,,,,,,,,,,,,,,,,,,,,,,,,,,,,,,,
C.Hayward,00-0029261,no,GB,CB,0,0,0,0,2,,,,,,,,,,,,,,,,,,,,,,,,,,,,,,,,,,,,,,,,,,,,,,,,,,
C.Matthews,00-0027002,no,GB,ILB,2,0,0,2.5,4,,,,,,,,,,,,,,,,,,,,,,,,,,,,,,,,,,,,,,,,,,,,,,,,,,
H.Clinton-Dix,00-0031333,no,GB,FS,1,0,0,0,3,,,,,,,,,,,,,,,,,,,,,,,,,,,,,,,,,,,,,,,,,,,,,,,,,,
S.Shields,00-0027440,no,GB,CB,0,0,0,0,1,,,,,,,,,,,,,,,,,,,,,,,,,,,,,,,,,,,,,,,,,,,,,,,,,,
J.Boyd,00-0030093,no,GB,DE,2,0,0,0,0,,,,,,,,,,,,,,,,,,,,,,,,,,,,,,,,,,,,,,,,,,,,,,,,,,
S.Barrington,00-0030119,no,GB,ILB,2,0,0,0,2,,,,,,,,,,,,,,,,,,,,,,,,,,,,,,,,,,,,,,,,,,,,,,,,,,
M.Neal,00-0027664,no,GB,OLB,0,0,0,1,1,,,,,,,,,,,,,,,,,,,,,,,,,,,,,,,,,,,,,,,,,,,,,,,,,,
M.Burnett,00-0027676,no,GB,SS,1,0,0,0.5,9,,,,,,,,,,,,,,,,,,,,,,,,,,,,,,,,,,,,,,,,,,,,,,,,,,
D.Jones,00-0030576,no,GB,DE,1,0,1,0.5,0,,,,,,,,,,,,,,,,,,,,,,,,,,,,,,,,,,,,,,,,,,,,,,,,,,
T.Williams,00-0024061,no,GB,CB,0,0,0,0,3,,,,,,,,,,,,,,,,,,,,,,,,,,,,,,,,,,,,,,,,,,,,,,,,,,
J.Peppers,00-0021140,no,GB,OLB,0,1,0,2,2,,,,,,,,,,,,,,,,,,,,,,,,,,,,,,,,,,,,,,,,,,,,,,,,,,
M.Daniels,00-0029284,no,GB,DE,1,0,0,0.5,2,,,,,,,,,,,,,,,,,,,,,,,,,,,,,,,,,,,,,,,,,,,,,,,,,,
S.Hill,00-0020679,yes,STL,QB,,,,,,,,,,,,,,,,,,,,,,,,,32,24,1,2,0,0,290,,,,,,,,,,,,,,,,,,1,0,0,0,0,0,0
B.Cunningham,00-0029795,yes,STL,RB,,,,,,1,0,1,0,0,,,,,,,,,,20,25,0,4,0,,,,,,,,,,,,,,,,,,11,0,2,0,0,0,19,1,-1,0,0,0,0,-1
T.Austin,00-0030525,yes,STL,WR,,,,,,,,,,,,,,,,,,,,,,,,,,,,,,,,,,,,,20,41,0,3,0,15,0,1,0,0,0,15,3,19,0,0,0,0,25
T.Mason,00-0031391,yes,STL,RB,,,,,,,,,,,,,,,,,,,,,,,,,,,,,,,,,,,,,,,,,,7,0,1,0,0,0,7,13,16,10,1,0,0,76
Z.Stacy,00-0030536,yes,STL,RB,,,,,,,,,,,,,,,,,,,,,,,,,,,,,,,,,,,,,,,,,,,,,,,,,2,5,0,0,0,0,6
S.Bailey,00-0030532,yes,STL,WR,,,,,,,,,,,,,,,,,,,,,,,,,,,,,,,,,,,,,,,,,,17,0,2,0,0,0,22,,,,,,,
C.Givens,00-0029614,yes,STL,WR,,,,,,,,,,,,,,,,,,,,,,,,,,,,,,,,,,,,,,,,,,47,47,1,1,0,0,47,,,,,,,
K.Britt,00-0027006,yes,STL,WR,,,,,,,,,,,,,,,,,,,,,,,,,,,,,,,,,,,,,,,,,,27,0,9,0,0,0,103,,,,,,,
L.Kendricks,00-0027985,yes,STL,TE,,,,,,,,,,,,,,,,,,,,,,,,,,,,,,,,,,,,,,,,,,23,23,2,1,0,0,35,,,,,,,
C.Harkey,00-0028958,yes,STL,TE,,,,,,,,,,,,,,,,,,,,,,,,,,,,,,,,,,,,,,,,,,1,0,1,0,0,0,1,,,,,,,
J.Cook,00-0027061,yes,STL,TE,,,,,,,,,,,,,,,,,,,,,,,,,,,,,,,,,,,,,,,,,,12,0,5,0,0,0,41,,,,,,,
S.Wells,00-0022832,yes,STL,,,,,,,1,0,1,0,-14,,,,,,,,,,,,,,,,,,,,,,,,,,,,,,,,,,,,,,,,,,,,,
G.Zuerlein,00-0029621,yes,STL,K,,,,,,,,,,,2,2,51,6,3,0,3,0,3,,,,,,,,,,,,,,,,,,,,,,,,,,,,,,,,,,,,
J.Hekker,00-0028872,yes,STL,P,,,,,,,,,,,,,,,,,,,,,,,,,,,,,,,,46,3,56,4,202,,,,,,,,,,,,,,,,,,,
T.Barnes,00-0028274,yes,STL,C,,,,,,,,,,,,,,,,,,,,7,7,0,1,0,,,,,,,,,,,,,,,,,,,,,,,,,,,,,,,
T.McDonald,00-0030530,yes,STL,SS,2,0,0,1,9,,,,,,,,,,,,,,,,,,,,,,,,,,,,,,,,,,,,,,,,,,,,,,,,,,
M.Barron,00-0029670,yes,STL,SS,1,0,0,0,3,,,,,,,,,,,,,,,,,,,,,,,,,,,,,,,,,,,,,,,,,,,,,,,,,,
K.Langford,00-0026206,yes,STL,DE,0,0,0,0,2,,,,,,,,,,,,,,,,,,,,,,,,,,,,,,,,,,,,,,,,,,,,,,,,,,
A.Ogletree,00-0030527,yes,STL,OLB,2,0,0,0,8,,,,,,,,,,,,,,,,,,,,,,,,,,,,,,,,,,,,,,,,,,,,,,,,,,
L.Joyner,00-0031389,yes,STL,CB,0,0,0,0,1,,,,,,,,,,,,,,,,,,,,,,,,,,,,,,,,,,,,,,,,,,,,,,,,,,
J.Laurinaitis,00-0027011,yes,STL,MLB,4,0,0,0,5,,,,,,,,,,,,,,,,,,,,,,,,,,,,,,,,,,,,,,,,,,,,,,,,,,
E.Gaines,00-0031394,yes,STL,CB,1,0,0,0,2,,,,,,,,,,,,,,,,,,,,,,,,,,,,,,,,,,,,,,,,,,,,,,,,,,
T.Johnson,00-0029690,yes,STL,CB,0,0,0,0,3,,,,,,,,,,,,,,,,,,,,,,,,,,,,,,,,,,,,,,,,,,,,,,,,,,
C.Long,00-0026142,yes,STL,DE,0,0,0,0,1,,,,,,,,,,,,,,,,,,,,,,,,,,,,,,,,,,,,,,,,,,,,,,,,,,
J.Jenkins,00-0029681,yes,STL,CB,0,0,0,0,3,,,,,,,,,,,,,,,,,,,,,,,,,,,,,,,,,,,,,,,,,,,,,,,,,,
R.McLeod,00-0028899,yes,STL,FS,0,0,0,0,4,,,,,,,,,,,,,,,,,,,,,,,,,,,,,,,,,,,,,,,,,,,,,,,,,,
R.Quinn,00-0027952,yes,STL,DE,0,0,0,0,5,,,,,,,,,,,,,,,,,,,,,,,,,,,,,,,,,,,,,,,,,,,,,,,,,,
J.Dunbar,00-0025838,yes,STL,,0,0,0,0,1,,,,,,,,,,,,,,,,,,,,,,,,,,,,,,,,,,,,,,,,,,,,,,,,,,
E.Sims,00-0027787,yes,STL,DE,1,0,0,0,1,,,,,,,,,,,,,,,,,,,,,,,,,,,,,,,,,,,,,,,,,,,,,,,,,,
M.Brockers,00-0029630,yes,STL,DT,1,0,0,0,2,,,,,,,,,,,,,,,,,,,,,,,,,,,,,,,,,,,,,,,,,,,,,,,,,,
E.Manning,00-0022803,no,NYG,QB,,,,,,,,,,,,,,,,,,,,,,,,,32,25,0,3,0,0,391,,,,,,,,,,,,,,,,,,3,-1,0,0,0,0,-3
O.Beckham,00-0031235,no,NYG,WR,,,,,,,,,,,,,,,,,,,,,,,,,,,,,,,,,,,,,,,,,,80,80,8,2,0,0,148,1,0,0,0,0,0,0
O.Darkwa,00-0030860,no,NYG,RB,,,,,,,,,,,,,,,,,,,,,,,,,,,,,,,,,,,,,,,,,,9,0,2,0,0,0,17,4,12,12,1,0,0,21
A.Williams,00-0031055,no,NYG,RB,,,,,,,,,,,,,,,,,,,,,,,,,,,,,,,,,,,,,,,,,,,,,,,,,26,45,0,0,0,0,110
D.Fells,00-0023752,no,NYG,TE,,,,,,,,,,,,,,,,,,,,,,,,,,,,,,,,,,,,,,,,,,12,0,2,0,0,0,20,,,,,,,
L.Donnell,00-0028838,no,NYG,TE,,,,,,,,,,,,,,,,,,,,,,,,,,,,,,,,,,,,,,,,,,23,0,4,0,0,0,42,,,,,,,
P.Parker,00-0027450,no,NYG,,,,,,,,,,,,,,,,,,,,,24,24,0,1,0,,,,,,,,,,,,,,,,,,15,0,3,0,0,0,32,,,,,,,
R.Randle,00-0029262,no,NYG,WR,,,,,,,,,,,,,,,,,,,,,,,,,,,,,,,,,,,,,,,,,,49,7,6,1,0,0,132,,,,,,,
N.Berhe,00-0031070,no,NYG,SS,,,,,,0,0,0,1,0,,,,,,,,,,,,,,,,,,,,,,,,,,,,,,,,,,,,,,,,,,,,,
K.Wynn,00-0030776,no,NYG,DE,0,0,1,1,3,0,0,0,1,0,,,,,,,,,,,,,,,,,,,,,,,,,,,,,,,,,,,,,,,,,,,,,
J.Brown,00-0021940,no,NYG,K,,,,,,,,,,,3,3,52,9,4,0,4,0,4,,,,,,,,,,,,,,,,,,,,,,,,,,,,,,,,,,,,
S.Weatherford,00-0024110,no,NYG,,,,,,,,,,,,,,,,,,,,,,,,,,,,,,,,,30,0,54,3,152,,,,,,,,,,,,,,,,,,,
Q.Demps,00-0026257,no,NYG,SS,0,0,0,0,1,,,,,,,,,,,,,,,21,21,0,1,0,,,,,,,,,,,,,,,,,,,,,,,,,,,,,,,
D.Kennard,00-0031241,no,NYG,OLB,0,0,0,0,4,,,,,,,,,,,,,,,,,,,,,,,,,,,,,,,,,,,,,,,,,,,,,,,,,,
M.Herzlich,00-0028620,no,NYG,OLB,1,0,0,0,4,,,,,,,,,,,,,,,,,,,,,,,,,,,,,,,,,,,,,,,,,,,,,,,,,,
C.Brown,00-0028102,no,NYG,,0,0,0,0,4,,,,,,,,,,,,,,,,,,,,,,,,,,,,,,,,,,,,,,,,,,,,,,,,,,
M.Harris,00-0029610,no,NYG,,1,0,0,0,4,,,,,,,,,,,,,,,,,,,,,,,,,,,,,,,,,,,,,,,,,,,,,,,,,,
Z.Bowman,00-0026282,no,NYG,DB,0,0,0,0,1,,,,,,,,,,,,,,,,,,,,,,,,,,,,,,,,,,,,,,,,,,,,,,,,,,
J.Hankins,00-0030063,no,NYG,DT,1,0,0,0,0,,,,,,,,,,,,,,,,,,,,,,,,,,,,,,,,,,,,,,,,,,,,,,,,,,
J.McClain,00-0026407,no,NYG,,1,0,0,0,6,,,,,,,,,,,,,,,,,,,,,,,,,,,,,,,,,,,,,,,,,,,,,,,,,,
J.Pierre-Paul,00-0027867,no,NYG,,0,0,0,1,4,,,,,,,,,,,,,,,,,,,,,,,,,,,,,,,,,,,,,,,,,,,,,,,,,,
S.Brown,00-0027842,no,NYG,,0,0,0,0,3,,,,,,,,,,,,,,,,,,,,,,,,,,,,,,,,,,,,,,,,,,,,,,,,,,
A.Rolle,00-0023443,no,NYG,SS,0,0,0,0,5,,,,,,,,,,,,,,,,,,,,,,,,,,,,,,,,,,,,,,,,,,,,,,,,,,
D.Rodgers-Cromarti,00-0026156,no,NYG,CB,1,0,0,0,2,,,,,,,,,,,,,,,,,,,,,,,,,,,,,,,,,,,,,,,,,,,,,,,,,,
T.Romo,00-0021678,yes,DAL,QB,,,,,,,,,,,,,,,,,,,,,,,,,20,18,0,4,0,0,218,,,,,,,,,,,,,,,,,,3,13,0,0,0,0,28
B.Weeden,00-0029677,yes,DAL,QB,,,,,,,,,,,,,,,,,,,,,,,,,1,1,0,1,0,0,43,,,,,,,,,,,,,,,,,,,,,,,,
L.Dunbar,00-0029004,yes,DAL,RB,,,,,,,,,,,,,,,,,,,,,,,,,,,,,,,,,,,,,,,,,,14,0,2,0,0,0,10,2,5,0,0,0,0,4
J.Randle,00-0030388,yes,DAL,RB,,,,,,1,0,1,0,0,,,,,,,,,,,,,,,,,,,,,,,,,,,,,,,,7,0,1,0,0,0,7,13,12,0,0,0,0,37
D.Murray,00-0028009,yes,DAL,RB,,,,,,,,,,,,,,,,,,,,,,,,,,,,,,,,,,,,,,,,,,,,,,,,,22,11,1,1,0,0,58
C.Beasley,00-0029000,yes,DAL,WR,,,,,,,,,,,,,,,,,,,,,,,,,,,,,,,,,,,,,,,,,,24,24,2,1,0,0,29,,,,,,,
J.Witten,00-0022127,yes,DAL,TE,,,,,,,,,,,,,,,,,,,,,,,,,,,,,,,,,,,,,,,,,,25,25,7,1,0,0,90,,,,,,,
D.Bryant,00-0027902,yes,DAL,WR,,,,,,,,,,,,,,,,,,,,,,,,,,,,,,,,,,,,,,,,,,24,19,5,1,0,0,73,,,,,,,
T.Williams,00-0030542,yes,DAL,WR,,,,,,,,,,,,,,,,,,,,,,,,,,,,,,,,,,,,,,,,,,43,43,2,2,0,0,52,,,,,,,
G.Selvie,00-0027818,yes,DAL,DE,,,,,,0,0,0,1,2,,,,,,,,,,,,,,,,,,,,,,,,,,,,,,,,,,,,,,,,,,,,,
D.Bailey,00-0028660,yes,DAL,K,,,,,,,,,,,1,0,0,0,6,0,6,0,6,,,,,,,,,,,,,,,,,,,,,,,,,,,,,,,,,,,,
C.Jones,00-0028664,yes,DAL,P,,,,,,,,,,,,,,,,,,,,,,,,,,,,,,,,43,0,56,2,92,,,,,,,,,,,,,,,,,,,
D.Harris,00-0028114,yes,DAL,WR,,,,,,,,,,,,,,,,,,,,,,,,,,,,,,,,,,,,,9,14,0,3,0,,,,,,,,,,,,,,
A.Hitchens,00-0031348,yes,DAL,MLB,0,0,1,0,7,,,,,,,,,,,,,,,,,,,,,,,,,,,,,,,,,,,,,,,,,,,,,,,,,,
B.Church,00-0027416,yes,DAL,SS,2,0,0,0,1,,,,,,,,,,,,,,,,,,,,,,,,,,,,,,,,,,,,,,,,,,,,,,,,,,
T.Crawford,00-0029641,yes,DAL,DT,0,0,0,0,1,,,,,,,,,,,,,,,,,,,,,,,,,,,,,,,,,,,,,,,,,,,,,,,,,,
S.Moore,00-0028767,yes,DAL,DB,2,0,0,0,1,,,,,,,,,,,,,,,,,,,,,,,,,,,,,,,,,,,,,,,,,,,,,,,,,,
D.Lawrence,00-0031411,yes,DAL,DE,1,0,0,0,0,,,,,,,,,,,,,,,,,,,,,,,,,,,,,,,,,,,,,,,,,,,,,,,,,,
O.Scandrick,00-0026283,yes,DAL,CB,1,1,0,1,5,,,,,,,,,,,,,,,,,,,,,,,,,,,,,,,,,,,,,,,,,,,,,,,,,,
B.Carr,00-0026280,yes,DAL,CB,1,0,0,0,3,,,,,,,,,,,,,,,,,,,,,,,,,,,,,,,,,,,,,,,,,,,,,,,,,,
T.Patmon,00-0031276,yes,DAL,DB,0,0,0,0,1,,,,,,,,,,,,,,,,,,,,,,,,,,,,,,,,,,,,,,,,,,,,,,,,,,
K.Wilber,00-0029647,yes,DAL,OLB,0,0,0,1,2,,,,,,,,,,,,,,,,,,,,,,,,,,,,,,,,,,,,,,,,,,,,,,,,,,
C.Lawrence,00-0030198,yes,DAL,LB,1,0,0,0,1,,,,,,,,,,,,,,,,,,,,,,,,,,,,,,,,,,,,,,,,,,,,,,,,,,
J.Wilcox,00-0030543,yes,DAL,FS,0,0,1,0,0,,,,,,,,,,,,,,,,,,,,,,,,,,,,,,,,,,,,,,,,,,,,,,,,,,
H.Melton,00-0026905,yes,DAL,DT,1,0,0,0,1,,,,,,,,,,,,,,,,,,,,,,,,,,,,,,,,,,,,,,,,,,,,,,,,,,
B.Carter,00-0027978,yes,DAL,LB,1,0,0,0,3,,,,,,,,,,,,,,,,,,,,,,,,,,,,,,,,,,,,,,,,,,,,,,,,,,
K.Smith,00-0030968,yes,DAL,LB,1,0,0,0,2,,,,,,,,,,,,,,,,,,,,,,,,,,,,,,,,,,,,,,,,,,,,,,,,,,
C.Spillman,00-0026758,yes,DAL,,1,0,0,0,2,,,,,,,,,,,,,,,,,,,,,,,,,,,,,,,,,,,,,,,,,,,,,,,,,,
J.Mincey,00-0024405,yes,DAL,DE,0,0,0,0,2,,,,,,,,,,,,,,,,,,,,,,,,,,,,,,,,,,,,,,,,,,,,,,,,,,
R.McClain,00-0027904,yes,DAL,,1,0,0,0,3,,,,,,,,,,,,,,,,,,,,,,,,,,,,,,,,,,,,,,,,,,,,,,,,,,
M.Hasselbeck,00-0007091,no,IND,QB,,,,,,1,0,1,0,0,,,,,,,,,,,,,,,21,15,0,1,0,0,126,,,,,,,,,,,,,,,,,,,,,,,,
A.Luck,00-0029668,no,IND,QB,,,,,,,,,,,,,,,,,,,,,,,,,22,15,2,0,0,0,109,,,,,,,,,,,,,,,,,,,,,,,,
P.McAfee,00-0027145,no,IND,P,,,,,,,,,,,,,,,,,,,,,,,,,1,0,0,0,0,0,0,37,0,61,5,232,,,,,,,,,,,,,,,,,,,
Z.Tipton,00-0030855,no,IND,RB,,,,,,,,,,,,,,,,,,,,,,,,,,,,,,,,,,,,,,,,,,12,1,4,1,0,0,23,1,-3,0,0,0,0,-3
D.Herron,00-0029588,no,IND,,,,,,,,,,,,,,,,,,,,,,,,,,,,,,,,,,,,,,,,,,,22,0,3,0,0,0,37,7,4,0,0,0,0,3
T.Richardson,00-0029675,no,IND,,,,,,,,,,,,,,,,,,,,,,,,,,,,,,,,,,,,,,,,,,,9,0,2,0,0,0,8,2,3,0,0,0,0,1
J.Doyle,00-0030181,no,IND,TE,,,,,,,,,,,,,,,,,,,,,,,,,,,,,,,,,,,,,,,,,,13,0,2,0,0,0,23,,,,,,,
J.Cribbs,00-0023176,no,IND,,,,,,,,,,,,,,,,,,,,,28,31,0,2,0,,,,,,,,,,,,,7,7,0,1,0,8,0,1,0,0,0,8,,,,,,,
C.Fleener,00-0029697,no,IND,TE,,,,,,,,,,,,,,,,,,,,,,,,,,,,,,,,,,,,,,,,,,17,0,4,0,0,0,36,,,,,,,
R.Wayne,00-0020498,no,IND,,,,,,,,,,,,,,,,,,,,,,,,,,,,,,,,,,,,,,,,,,,11,0,3,0,0,0,23,,,,,,,
H.Nicks,00-0027005,no,IND,,,,,,,,,,,,,,,,,,,,,,,,,,,,,,,,,,,,,,,,,,,21,0,9,0,0,0,72,,,,,,,
D.Moncrief,00-0031339,no,IND,WR,,,,,,,,,,,,,,,,,,,,,,,,,,,,,,,,,,,,,,,,,,5,0,2,0,0,0,5,,,,,,,
D.Jackson,00-0024249,no,IND,ILB,6,0,0,0,5,0,0,0,1,0,,,,,,,,,,,,,,,,,,,,,,,,,,,,,,,,,,,,,,,,,,,,,
A.Vinatieri,00-0016919,no,IND,K,,,,,,,,,,,0,0,0,0,1,0,1,0,1,,,,,,,,,,,,,,,,,,,,,,,,,,,,,,,,,,,,
M.Adams,00-0022247,no,IND,SS,3,0,0,0,6,,,,,,,,,,,,,,,,,,,,,,,,,,,,,,,,,,,,,,,,,,,,,,,,,,
J.Freeman,00-0025920,no,IND,ILB,0,0,0,0,5,,,,,,,,,,,,,,,,,,,,,,,,,,,,,,,,,,,,,,,,,,,,,,,,,,
V.Davis,00-0027001,no,IND,CB,0,0,0,0,4,,,,,,,,,,,,,,,,,,,,,,,,,,,,,,,,,,,,,,,,,,,,,,,,,,
E.Walden,00-0026307,no,IND,OLB,1,0,0,0,1,,,,,,,,,,,,,,,,,,,,,,,,,,,,,,,,,,,,,,,,,,,,,,,,,,
D.Butler,00-0027017,no,IND,CB,0,1,0,0,3,,,,,,,,,,,,,,,,,,,,,,,,,,,,,,,,,,,,,,,,,,,,,,,,,,
J.Chapman,00-0029574,no,IND,,0,0,0,0,1,,,,,,,,,,,,,,,,,,,,,,,,,,,,,,,,,,,,,,,,,,,,,,,,,,
S.Brown,00-0027232,no,IND,FS,1,0,0,0,1,,,,,,,,,,,,,,,,,,,,,,,,,,,,,,,,,,,,,,,,,,,,,,,,,,
R.Jean Francois,00-0026502,no,IND,DT,0,0,0,0,2,,,,,,,,,,,,,,,,,,,,,,,,,,,,,,,,,,,,,,,,,,,,,,,,,,
G.Toler,00-0026910,no,IND,CB,1,0,0,0,2,,,,,,,,,,,,,,,,,,,,,,,,,,,,,,,,,,,,,,,,,,,,,,,,,,
J.McNary,00-0029744,no,IND,ILB,0,0,0,0,1,,,,,,,,,,,,,,,,,,,,,,,,,,,,,,,,,,,,,,,,,,,,,,,,,,
L.Landry,00-0025393,no,IND,,0,0,0,0,7,,,,,,,,,,,,,,,,,,,,,,,,,,,,,,,,,,,,,,,,,,,,,,,,,,
A.Jones,00-0027756,no,IND,DE,3,0,0,1,4,,,,,,,,,,,,,,,,,,,,,,,,,,,,,,,,,,,,,,,,,,,,,,,,,,
J.Newsome,00-0030995,no,IND,OLB,1,0,0,0,1,,,,,,,,,,,,,,,,,,,,,,,,,,,,,,,,,,,,,,,,,,,,,,,,,,
B.Werner,00-0030563,no,IND,OLB,0,0,0,0,3,,,,,,,,,,,,,,,,,,,,,,,,,,,,,,,,,,,,,,,,,,,,,,,,,,
D.Carr,00-0031280,yes,OAK,QB,,,,,,0,1,1,1,-4,,,,,,,,,,,,,,,34,17,0,2,0,0,214,,,,,,,,,,,,,,,,,,4,2,0,0,0,0,0
D.McFadden,00-0026144,yes,OAK,RB,,,,,,,,,,,,,,,,,,,,,,,,,,,,,,,,,,,,,,,,,,0,0,1,0,0,0,0,9,25,0,0,0,0,54
L.Murray,00-0030513,yes,OAK,RB,,,,,,,,,,,,,,,,,,,,,,,,,,,,,,,,,,,,,,,,,,19,0,3,0,0,0,22,23,25,0,0,0,0,86
M.Rivera,00-0030514,yes,OAK,TE,,,,,,,,,,,,,,,,,,,,,,,,,,,,,,,,,,,,,,,,,,5,0,1,0,0,0,5,,,,,,,
J.Olawale,00-0029492,yes,OAK,RB,,,,,,,,,,,,,,,,,,,,,,,,,,,,,,,,,,,,,,,,,,1,1,1,1,0,0,1,,,,,,,
K.Thompkins,00-0030000,yes,OAK,,,,,,,,,,,,,,,,,,,,,,,,,,,,,,,,,,,,,,,,,,,50,0,5,0,0,0,90,,,,,,,
A.Holmes,00-0028263,yes,OAK,WR,,,,,,,,,,,,,,,,,,,,,,,,,,,,,,,,,,,,,,,,,,51,0,3,0,0,0,73,,,,,,,
J.Jones,00-0025465,yes,OAK,WR,,,,,,,,,,,,,,,,,,,,,,,,,,,,,,,,,,,,,,,,,,3,3,1,1,0,0,3,,,,,,,
M.Reece,00-0026393,yes,OAK,FB,,,,,,,,,,,,,,,,,,,,,,,,,,,,,,,,,,,,,,,,,,16,0,2,0,0,0,20,,,,,,,
S.Janikowski,00-0019646,yes,OAK,K,,,,,,,,,,,5,4,49,12,2,0,2,0,2,,,,,,,,,,,,,,,,,,,,,,,,,,,,,,,,,,,,
M.King,00-0029123,yes,OAK,P,,,,,,,,,,,,,,,,,,,,,,,,,,,,,,,,39,0,57,6,265,,,,,,,,,,,,,,,,,,,
G.Atkinson,00-0031158,yes,OAK,,,,,,,,,,,,,,,,,,,,,21,21,0,1,0,,,,,,,,,,,,,,,,,,,,,,,,,,,,,,,
T.Carrie,00-0031269,yes,OAK,CB,0,0,0,0,3,,,,,,,,,,,,,,,,,,,,,,,,,,,,,,,,5,11,0,3,0,,,,,,,,,,,,,,
B.Mayowa,00-0030380,yes,OAK,DE,0,0,0,0,1,,,,,,,,,,,,,,,,,,,,,,,,,,,,,,,,,,,,,,,,,,,,,,,,,,
C.Woodson,00-0018227,yes,OAK,FS,4,0,1,0,2,,,,,,,,,,,,,,,,,,,,,,,,,,,,,,,,,,,,,,,,,,,,,,,,,,
B.Ross,00-0028601,yes,OAK,,1,0,1,0,4,,,,,,,,,,,,,,,,,,,,,,,,,,,,,,,,,,,,,,,,,,,,,,,,,,
R.Lumpkin,00-0028722,yes,OAK,,1,0,0,0,2,,,,,,,,,,,,,,,,,,,,,,,,,,,,,,,,,,,,,,,,,,,,,,,,,,
N.Thorpe,00-0029329,yes,OAK,CB,0,0,0,0,1,,,,,,,,,,,,,,,,,,,,,,,,,,,,,,,,,,,,,,,,,,,,,,,,,,
K.Mack,00-0031040,yes,OAK,DE,3,0,0,1,2,,,,,,,,,,,,,,,,,,,,,,,,,,,,,,,,,,,,,,,,,,,,,,,,,,
J.Tuck,00-0023509,yes,OAK,DE,0,0,0,1,4,,,,,,,,,,,,,,,,,,,,,,,,,,,,,,,,,,,,,,,,,,,,,,,,,,
R.Armstrong,00-0030050,yes,OAK,OLB,1,0,0,0,1,,,,,,,,,,,,,,,,,,,,,,,,,,,,,,,,,,,,,,,,,,,,,,,,,,
A.Smith,00-0022793,yes,OAK,DE,0,1,0,0,2,,,,,,,,,,,,,,,,,,,,,,,,,,,,,,,,,,,,,,,,,,,,,,,,,,
D.Hayden,00-0030572,yes,OAK,CB,0,0,0,0,6,,,,,,,,,,,,,,,,,,,,,,,,,,,,,,,,,,,,,,,,,,,,,,,,,,
D.Autry,00-0031254,yes,OAK,DE,0,0,0,0,1,,,,,,,,,,,,,,,,,,,,,,,,,,,,,,,,,,,,,,,,,,,,,,,,,,
M.Burris,00-0029631,yes,OAK,,4,0,0,0,9,,,,,,,,,,,,,,,,,,,,,,,,,,,,,,,,,,,,,,,,,,,,,,,,,,
K.Orton,00-0023541,no,BUF,,,,,,,,,,,,,,,,,,,,,,,,,,49,32,2,3,0,0,329,,,,,,,,,,,,,,,,,,,,,,,,
C.Spiller,00-0027861,no,BUF,RB,,,,,,0,1,1,1,0,,,,,,,,,,,,,,,,,,,,,,,,,,,,,,,,5,0,4,0,0,0,14,4,4,0,0,0,0,-4
F.Jackson,00-0024204,no,BUF,RB,,,,,,,,,,,,,,,,,,,,,,,,,,,,,,,,,,,,,,,,,,34,0,9,0,0,0,93,6,3,0,0,0,0,10
A.Dixon,00-0027772,no,BUF,RB,,,,,,,,,,,,,,,,,,,,,,,,,,,,,,,,,,,,,,,,,,,,,,,,,3,4,0,0,0,0,7
M.Gray,00-0029878,no,BUF,TE,,,,,,,,,,,,,,,,,,,,,,,,,,,,,,,,,,,,,,,,,,9,0,2,0,0,0,15,,,,,,,
C.Hogan,00-0028237,no,BUF,WR,,,,,,,,,,,,,,,,,,,,,,,,,,,,,,,,,,,,,,,,,,31,0,3,0,0,0,43,,,,,,,
S.Chandler,00-0025516,no,BUF,TE,,,,,,,,,,,,,,,,,,,,,,,,,,,,,,,,,,,,,,,,,,29,29,4,1,0,0,37,,,,,,,
R.Woods,00-0030431,no,BUF,WR,,,,,,,,,,,,,,,,,,,,,,,,,,,,,,,,,,,,,,,,,,30,30,7,1,0,0,52,,,,,,,
S.Watkins,00-0031325,no,BUF,WR,,,,,,,,,,,,,,,,,,,,,,,,,,,,,,,,,,,,,,,,,,42,42,3,1,0,0,75,,,,,,,
D.Carpenter,00-0026003,no,BUF,K,,,,,,,,,,,1,1,54,3,3,0,3,0,3,,,,,,,,,,,,,,,,,,,,,,,,,,,,,,,,,,,,
C.Schmidt,00-0030551,no,BUF,P,,,,,,,,,,,,,,,,,,,,,,,,,,,,,,,,38,0,67,8,340,,,,,,,,,,,,,,,,,,,
M.Thigpen,00-0026577,no,BUF,WR,,,,,,,,,,,,,,,,,,,,21,27,0,3,0,,,,,,,,,,,,,3,11,0,3,0,,,,,,,,,,,,,,
N.Robey,00-0030041,no,BUF,DB,0,0,0,0,1,,,,,,,,,,,,,,,,,,,,,,,,,,,,,,,,,,,,,,,,,,,,,,,,,,
S.Charles,00-0030132,no,BUF,DT,3,0,0,0,1,,,,,,,,,,,,,,,,,,,,,,,,,,,,,,,,,,,,,,,,,,,,,,,,,,
M.Williams,00-0023750,no,BUF,DE,1,0,0,0.5,3,,,,,,,,,,,,,,,,,,,,,,,,,,,,,,,,,,,,,,,,,,,,,,,,,,
P.Brown,00-0031171,no,BUF,MLB,0,0,0,0,2,,,,,,,,,,,,,,,,,,,,,,,,,,,,,,,,,,,,,,,,,,,,,,,,,,
C.Graham,00-0025555,no,BUF,FS,2,0,0,0,2,,,,,,,,,,,,,,,,,,,,,,,,,,,,,,,,,,,,,,,,,,,,,,,,,,
K.Williams,00-0024348,no,BUF,DT,1,0,0,0.5,3,,,,,,,,,,,,,,,,,,,,,,,,,,,,,,,,,,,,,,,,,,,,,,,,,,
D.Searcy,00-0028038,no,BUF,SS,2,0,0,0,9,,,,,,,,,,,,,,,,,,,,,,,,,,,,,,,,,,,,,,,,,,,,,,,,,,
T.Powell,00-0030118,no,BUF,LB,1,0,0,0,0,,,,,,,,,,,,,,,,,,,,,,,,,,,,,,,,,,,,,,,,,,,,,,,,,,
S.Gilmore,00-0029542,no,BUF,CB,0,0,0,0,1,,,,,,,,,,,,,,,,,,,,,,,,,,,,,,,,,,,,,,,,,,,,,,,,,,
N.Bradham,00-0029272,no,BUF,OLB,1,0,0,0,0,,,,,,,,,,,,,,,,,,,,,,,,,,,,,,,,,,,,,,,,,,,,,,,,,,
M.Dareus,00-0027941,no,BUF,DT,0,0,0,0,1,,,,,,,,,,,,,,,,,,,,,,,,,,,,,,,,,,,,,,,,,,,,,,,,,,
C.Bryant,00-0028707,no,BUF,DT,1,0,0,0,1,,,,,,,,,,,,,,,,,,,,,,,,,,,,,,,,,,,,,,,,,,,,,,,,,,
R.Brooks,00-0029280,no,BUF,CB,0,0,0,0,7,,,,,,,,,,,,,,,,,,,,,,,,,,,,,,,,,,,,,,,,,,,,,,,,,,
J.Hughes,00-0027881,no,BUF,DE,1,0,0,0,1,,,,,,,,,,,,,,,,,,,,,,,,,,,,,,,,,,,,,,,,,,,,,,,,,,
A.Williams,00-0027972,no,BUF,SS,1,0,0,0,5,,,,,,,,,,,,,,,,,,,,,,,,,,,,,,,,,,,,,,,,,,,,,,,,,,
B.Spikes,00-0027668,no,BUF,,2,0,0,0,4,,,,,,,,,,,,,,,,,,,,,,,,,,,,,,,,,,,,,,,,,,,,,,,,,,
R.Lindley,00-0029531,yes,ARI,,,,,,,0,1,1,1,0,,,,,,,,,,,,,,,44,18,1,0,0,0,216,,,,,,,,,,,,,,,,,,,,,,,,
L.Thomas,00-0031260,yes,ARI,,,,,,,,,,,,,,,,,,,,,,,,,,1,0,0,0,0,0,0,,,,,,,,,,,,,,,,,,,,,,,,
M.Grice,00-0030999,yes,ARI,,,,,,,,,,,,,,,,,,,,,,,,,,,,,,,,,,,,,,,,,,,3,0,1,0,0,0,3,1,6,0,0,0,0,6
R.Hughes,00-0028345,yes,ARI,,,,,,,,,,,,,,,,,,,,,,,,,,,,,,,,,,,,,,,,,,,,,,,,,,1,0,0,0,0,0,0
S.Taylor,00-0030282,yes,ARI,RB,,,,,,,,,,,,,,,,,,,,,,,,,,,,,,,,,,,,,,,,,,18,0,2,0,0,0,25,11,4,0,0,0,0,19
K.Williams,00-0030117,yes,ARI,,,,,,,,,,,,,,,,,,,,,,,,,,,,,,,,,,,,,,,,,,,,,,,,,,2,3,0,0,0,0,4
J.Carlson,00-0026178,yes,ARI,,,,,,,,,,,,,,,,,,,,,,,,,,,,,,,,,,,,,,,,,,,12,0,2,0,0,0,15,,,,,,,
Jaron.Brown,00-0030300,yes,ARI,WR,,,,,,,,,,,,,,,,,,,,,,,,,,,,,,,,,,,,,,,,,,6,0,1,0,0,0,6,,,,,,,
John.Brown,00-0031051,yes,ARI,WR,,,,,,,,,,,,,,,,,,,,,,,,,,,,,,,,,,,,,,,,,,24,0,3,0,0,0,54,,,,,,,
D.Fells,00-0029738,yes,ARI,TE,,,,,,,,,,,,,,,,,,,,,,,,,,,,,,,,,,,,,,,,,,15,0,2,0,0,0,26,,,,,,,
M.Floyd,00-0029638,yes,ARI,WR,,,,,,,,,,,,,,,,,,,,,,,,,,,,,,,,,,,,,,,,,,32,0,2,0,0,0,41,,,,,,,
R.Housler,00-0028007,yes,ARI,TE,,,,,,,,,,,,,,,,,,,,,,,,,,,,,,,,,,,,,,,,,,13,0,1,0,0,0,13,,,,,,,
L.Fitzgerald,00-0022921,yes,ARI,WR,,,,,,,,,,,,,,,,,,,,,,,,,,,,,,,,,,,,,,,,,,16,0,4,0,0,0,33,,,,,,,
C.Catanzaro,00-0030896,yes,ARI,K,,,,,,,,,,,2,2,32,6,0,0,0,0,0,,,,,,,,,,,,,,,,,,,,,,,,,,,,,,,,,,,,
D.Butler,00-0028952,yes,ARI,P,,,,,,,,,,,,,,,,,,,,,,,,,,,,,,,,41,2,54,9,393,,,,,,,,,,,,,,,,,,,
T.Ginn,00-0025396,yes,ARI,WR,,,,,,,,,,,,,,,,,,,,20,29,0,3,0,,,,,,,,,,,,,,,,,,,,,,,,,,,,,,,
J.Bethel,00-0029530,yes,ARI,CB,0,0,0,0,1,,,,,,,,,,,,,,,,,,,,,,,,,,,,,,,,,,,,,,,,,,,,,,,,,,
D.Williams,00-0027877,yes,ARI,DT,2,0,0,0,1,,,,,,,,,,,,,,,,,,,,,,,,,,,,,,,,,,,,,,,,,,,,,,,,,,
M.Shaughnessy,00-0027045,yes,ARI,,1,0,0,0,0,,,,,,,,,,,,,,,,,,,,,,,,,,,,,,,,,,,,,,,,,,,,,,,,,,
J.Mauro,00-0030883,yes,ARI,NT,0,0,0,0,1,,,,,,,,,,,,,,,,,,,,,,,,,,,,,,,,,,,,,,,,,,,,,,,,,,
T.Jefferson,00-0030294,yes,ARI,SS,0,1,0,0,7,,,,,,,,,,,,,,,,,,,,,,,,,,,,,,,,,,,,,,,,,,,,,,,,,,
P.Peterson,00-0027943,yes,ARI,CB,0,0,0,0,3,,,,,,,,,,,,,,,,,,,,,,,,,,,,,,,,,,,,,,,,,,,,,,,,,,
D.Bucannon,00-0031366,yes,ARI,SS,0,0,0,0,4,,,,,,,,,,,,,,,,,,,,,,,,,,,,,,,,,,,,,,,,,,,,,,,,,,
K.Minter,00-0030382,yes,ARI,ILB,0,0,0,0,4,,,,,,,,,,,,,,,,,,,,,,,,,,,,,,,,,,,,,,,,,,,,,,,,,,
G.Carson,00-0030889,yes,ARI,,0,0,0,0,1,,,,,,,,,,,,,,,,,,,,,,,,,,,,,,,,,,,,,,,,,,,,,,,,,,
L.Foote,00-0021246,yes,ARI,,2,0,0,0,2,,,,,,,,,,,,,,,,,,,,,,,,,,,,,,,,,,,,,,,,,,,,,,,,,,
A.Cromartie,00-0024234,yes,ARI,CB,0,0,0,0,2,,,,,,,,,,,,,,,,,,,,,,,,,,,,,,,,,,,,,,,,,,,,,,,,,,
T.Mathieu,00-0030459,yes,ARI,FS,0,0,0,0,5,,,,,,,,,,,,,,,,,,,,,,,,,,,,,,,,,,,,,,,,,,,,,,,,,,
F.Rucker,00-0024306,yes,ARI,DE,0,0,0,0,1,,,,,,,,,,,,,,,,,,,,,,,,,,,,,,,,,,,,,,,,,,,,,,,,,,
A.Okafor,00-0030503,yes,ARI,OLB,2,0,0,1,4,,,,,,,,,,,,,,,,,,,,,,,,,,,,,,,,,,,,,,,,,,,,,,,,,,
T.Kelly,00-0022539,yes,ARI,,3,0,0,0,1,,,,,,,,,,,,,,,,,,,,,,,,,,,,,,,,,,,,,,,,,,,,,,,,,,
J.Powers,00-0027064,yes,ARI,CB,0,0,0,0,3,,,,,,,,,,,,,,,,,,,,,,,,,,,,,,,,,,,,,,,,,,,,,,,,,,
R.Johnson,00-0027067,yes,ARI,FS,1,0,0,0,7,,,,,,,,,,,,,,,,,,,,,,,,,,,,,,,,,,,,,,,,,,,,,,,,,,
T.Jackson,00-0024279,no,SEA,QB,,,,,,,,,,,,,,,,,,,,,,,,,1,1,0,0,0,0,0,,,,,,,,,,,,,,,,,,,,,,,,
R.Wilson,00-0029263,no,SEA,QB,,,,,,,,,,,,,,,,,,,,,,,,,31,20,0,2,0,0,339,,,,,,,,,,,,,,,,,,6,55,5,1,0,0,88
M.Lynch,00-0025399,no,SEA,RB,,,,,,,,,,,,,,,,,,,,,,,,,,,,,,,,,,,,,,,,,,,,,,,,,10,79,79,2,0,0,113
R.Turbin,00-0029273,no,SEA,RB,,,,,,,,,,,,,,,,,,,,,,,,,,,,,,,,,,,,,,,,,,,,,,,,,10,11,0,0,0,0,38
C.Michael,00-0030432,no,SEA,RB,,,,,,0,0,1,0,0,,,,,,,,,,,,,,,,,,,,,,,,,,,,,,,,,,,,,,,8,15,0,0,0,0,28
C.Helfet,00-0029534,no,SEA,TE,,,,,,,,,,,,,,,,,,,,,,,,,,,,,,,,,,,,,,,,,,6,0,2,0,0,0,9,,,,,,,
D.Baldwin,00-0028434,no,SEA,WR,,,,,,,,,,,,,,,,,,,,,,,,,,,,,,,,,,,,,,,,,,49,0,7,0,0,0,113,,,,,,,
L.Willson,00-0030089,no,SEA,TE,,,,,,,,,,,,,,,,,,,,,,,,,,,,,,,,,,,,,,,,,,80,80,3,2,0,0,139,,,,,,,
P.Richardson,00-0031257,no,SEA,WR,,,,,,,,,,,,,,,,,,,,27,27,0,1,0,,,,,,,,,,,,,,,,,,22,0,5,0,0,0,52,,,,,,,
J.Kearse,00-0029159,no,SEA,WR,,,,,,,,,,,,,,,,,,,,,,,,,,,,,,,,,,,,,,,,,,8,0,1,0,0,0,8,,,,,,,
R.Lockette,00-0028442,no,SEA,WR,,,,,,,,,,,,,,,,,,,,,,,,,,,,,,,,,,,,,,,,,,5,0,2,0,0,0,5,,,,,,,
B.Walters,00-0027595,no,SEA,WR,,,,,,,,,,,,,,,,,,,,,,,,,,,,,,,,,,,,,0,0,0,1,0,13,0,1,0,0,0,13,,,,,,,
S.Hauschka,00-0025944,no,SEA,K,,,,,,,,,,,3,0,0,0,5,0,5,0,5,,,,,,,,,,,,,,,,,,,,,,,,,,,,,,,,,,,,
J.Ryan,00-0023742,no,SEA,P,,,,,,,,,,,,,,,,,,,,,,,,,,,,,,,,41,2,46,4,164,,,,,,,,,,,,,,,,,,,
T.McDaniel,00-0024102,no,SEA,DT,0,0,0,0,1,,,,,,,,,,,,,,,,,,,,,,,,,,,,,,,,,,,,,,,,,,,,,,,,,,
K.Wright,00-0028037,no,SEA,OLB,0,0,0,0,4,,,,,,,,,,,,,,,,,,,,,,,,,,,,,,,,,,,,,,,,,,,,,,,,,,
R.Sherman,00-0028092,no,SEA,CB,1,0,1,0,3,,,,,,,,,,,,,,,,,,,,,,,,,,,,,,,,,,,,,,,,,,,,,,,,,,
D.King,00-0030121,no,SEA,DE,0,0,0,1,1,,,,,,,,,,,,,,,,,,,,,,,,,,,,,,,,,,,,,,,,,,,,,,,,,,
J.Johnson,00-0028441,no,SEA,DB,0,0,0,0,1,,,,,,,,,,,,,,,,,,,,,,,,,,,,,,,,,,,,,,,,,,,,,,,,,,
J.Hill,00-0030072,no,SEA,DT,1,0,0,1,2,,,,,,,,,,,,,,,,,,,,,,,,,,,,,,,,,,,,,,,,,,,,,,,,,,
M.Bennett,00-0026618,no,SEA,DE,2,0,0,1,2,,,,,,,,,,,,,,,,,,,,,,,,,,,,,,,,,,,,,,,,,,,,,,,,,,
K.Chancellor,00-0027733,no,SEA,SS,0,0,0,0,2,,,,,,,,,,,,,,,,,,,,,,,,,,,,,,,,,,,,,,,,,,,,,,,,,,
C.Avril,00-0026232,no,SEA,DE,0,0,0,0,1,,,,,,,,,,,,,,,,,,,,,,,,,,,,,,,,,,,,,,,,,,,,,,,,,,
B.Irvin,00-0029193,no,SEA,OLB,1,0,0,0,1,,,,,,,,,,,,,,,,,,,,,,,,,,,,,,,,,,,,,,,,,,,,,,,,,,
O.Schofield,00-0027730,no,SEA,OLB,0,0,0,1,1,,,,,,,,,,,,,,,,,,,,,,,,,,,,,,,,,,,,,,,,,,,,,,,,,,
B.Coyle,00-0030770,no,SEA,MLB,0,0,0,0,1,,,,,,,,,,,,,,,,,,,,,,,,,,,,,,,,,,,,,,,,,,,,,,,,,,
E.Thomas,00-0027866,no,SEA,FS,2,0,0,0,3,,,,,,,,,,,,,,,,,,,,,,,,,,,,,,,,,,,,,,,,,,,,,,,,,,
K.Williams,00-0022073,no,SEA,DT,0,0,0,0,1,,,,,,,,,,,,,,,,,,,,,,,,,,,,,,,,,,,,,,,,,,,,,,,,,,
B.Wagner,00-0029255,no,SEA,MLB,1,0,0,0,8,,,,,,,,,,,,,,,,,,,,,,,,,,,,,,,,,,,,,,,,,,,,,,,,,,
B.Maxwell,00-0028111,no,SEA,CB,0,0,0,0,1,,,,,,,,,,,,,,,,,,,,,,,,,,,,,,,,,,,,,,,,,,,,,,,,,,
J.Lane,00-0029295,no,SEA,CB,0,0,0,0,1,,,,,,,,,,,,,,,,,,,,,,,,,,,,,,,,,,,,,,,,,,,,,,,,,,
T.Simon,00-0030487,no,SEA,CB,0,0,0,0,1,,,,,,,,,,,,,,,,,,,,,,,,,,,,,,,,,,,,,,,,,,,,,,,,,,
A.Dalton,00-0027973,yes,CIN,QB,,,,,,,,,,,,,,,,,,,,,,,,,26,17,1,2,0,0,146,,,,,,,,,,,,,,,,,,6,10,0,0,0,0,25
D.Sanzenbacher,00-0028352,yes,CIN,,,,,,,,,,,,,,,,,,,,,,,,,,,,,,,,,,,,,,,,,,,11,0,1,0,0,0,11,1,-1,0,0,0,0,-1
G.Bernard,00-0030456,yes,CIN,RB,,,,,,,,,,,,,,,,,,,,,,,,,,,,,,,,,,,,,,,,,,22,22,5,1,0,0,45,8,23,0,0,0,0,36
J.Hill,00-0031301,yes,CIN,RB,,,,,,1,0,1,0,0,,,,,,,,,,,,,,,,,,,,,,,,,,,,,,,,,,,,,,,22,85,85,1,0,0,147
B.Tate,00-0027057,yes,CIN,WR,,,,,,,,,,,,,,,,,,,,,,,,,,,,,,,,,,,,,49,49,0,1,0,12,0,1,0,0,0,12,,,,,,,
J.Gresham,00-0027873,yes,CIN,TE,,,,,,0,0,1,0,0,,,,,,,,,,,,,,,,,,,,,,,,,,,,,,,,20,2,9,1,0,0,62,,,,,,,
M.Sanu,00-0029632,yes,CIN,WR,,,,,,,,,,,,,,,,,,,,,,,,,,,,,,,,,,,,,,,,,,16,0,1,0,0,0,16,,,,,,,
C.Boling,00-0028039,yes,CIN,G,,,,,,0,1,0,1,0,,,,,,,,,,,,,,,,,,,,,,,,,,,,,,,,,,,,,,,,,,,,,
M.Nugent,00-0023482,yes,CIN,K,,,,,,,,,,,3,3,49,9,4,0,4,0,4,,,,,,,,,,,,,,,,,,,,,,,,,,,,,,,,,,,,
K.Huber,00-0027103,yes,CIN,P,,,,,,,,,,,,,,,,,,,,,,,,,,,,,,,,31,1,51,5,211,,,,,,,,,,,,,,,,,,,
A.Jones,00-0023441,yes,CIN,CB,0,0,1,0,4,,,,,,,,,,,,,,,44,80,0,3,0,,,,,,,,,,,,,11,21,0,2,0,,,,,,,,,,,,,,
M.Flowers,00-0031290,yes,CIN,OLB,0,0,0,0,1,,,,,,,,,,,,,,,,,,,,,,,,,,,,,,,,,,,,,,,,,,,,,,,,,,
G.Iloka,00-0029215,yes,CIN,SS,2,0,0,0,0,,,,,,,,,,,,,,,,,,,,,,,,,,,,,,,,,,,,,,,,,,,,,,,,,,
V.Rey,00-0027245,yes,CIN,OLB,4,0,0,0,7,,,,,,,,,,,,,,,,,,,,,,,,,,,,,,,,,,,,,,,,,,,,,,,,,,
D.Kirkpatrick,00-0029560,yes,CIN,CB,0,0,2,0,0,,,,,,,,,,,,,,,,,,,,,,,,,,,,,,,,,,,,,,,,,,,,,,,,,,
R.Maualuga,00-0027014,yes,CIN,MLB,4,0,0,0,6,,,,,,,,,,,,,,,,,,,,,,,,,,,,,,,,,,,,,,,,,,,,,,,,,,
W.Gilberry,00-0026105,yes,CIN,DE,0,0,0,0,2,,,,,,,,,,,,,,,,,,,,,,,,,,,,,,,,,,,,,,,,,,,,,,,,,,
R.Nelson,00-0025408,yes,CIN,FS,0,0,1,0,5,,,,,,,,,,,,,,,,,,,,,,,,,,,,,,,,,,,,,,,,,,,,,,,,,,
T.Mays,00-0027887,yes,CIN,SS,1,0,0,1,1,,,,,,,,,,,,,,,,,,,,,,,,,,,,,,,,,,,,,,,,,,,,,,,,,,
T.Newman,00-0022045,yes,CIN,CB,1,0,0,0,6,,,,,,,,,,,,,,,,,,,,,,,,,,,,,,,,,,,,,,,,,,,,,,,,,,
D.Peko,00-0024338,yes,CIN,DT,0,0,0,0,2,,,,,,,,,,,,,,,,,,,,,,,,,,,,,,,,,,,,,,,,,,,,,,,,,,
C.Dunlap,00-0027662,yes,CIN,DE,2,0,0,1,2,,,,,,,,,,,,,,,,,,,,,,,,,,,,,,,,,,,,,,,,,,,,,,,,,,
G.Atkins,00-0027720,yes,CIN,DT,1,0,0,0,0,,,,,,,,,,,,,,,,,,,,,,,,,,,,,,,,,,,,,,,,,,,,,,,,,,
L.Hall,00-0025405,yes,CIN,CB,1,0,0,0,2,,,,,,,,,,,,,,,,,,,,,,,,,,,,,,,,,,,,,,,,,,,,,,,,,,
P.Manning,00-0010346,no,DEN,QB,,,,,,,,,,,,,,,,,,,,,,,,,44,28,4,2,0,0,311,,,,,,,,,,,,,,,,,,,,,,,,
J.Thompson,00-0030705,no,DEN,RB,,,,,,,,,,,,,,,,,,,,,,,,,,,,,,,,,,,,,,,,,,,,,,,,,1,2,0,0,0,0,2
C.Anderson,00-0029854,no,DEN,RB,,,,,,,,,,,,,,,,,,,,,,,,,,,,,,,,,,,,,,,,,,20,0,8,0,0,0,55,18,27,1,1,0,0,83
E.Sanders,00-0027685,no,DEN,WR,,,,,,,,,,,,,,,,,,,,19,19,0,1,0,,,,,,,,,,,,,,,,,,33,5,6,2,0,0,70,,,,,,,
J.Tamme,00-0026267,no,DEN,TE,,,,,,,,,,,,,,,,,,,,,,,,,,,,,,,,,,,,,,,,,,8,0,1,0,0,0,8,,,,,,,
W.Welker,00-0022427,no,DEN,,,,,,,,,,,,,,,,,,,,,,,,,,,,,,,,,,,,,,4,9,0,3,0,13,0,4,0,0,0,30,,,,,,,
J.Thomas,00-0028067,no,DEN,TE,,,,,,,,,,,,,,,,,,,,,,,,,,,,,,,,,,,,,,,,,,26,0,2,0,0,0,33,,,,,,,
D.Thomas,00-0027874,no,DEN,WR,,,,,,,,,,,,,,,,,,,,,,,,,,,,,,,,,,,,,,,,,,46,0,7,0,0,0,115,,,,,,,
V.Miller,00-0027940,no,DEN,OLB,1,0,0,0,2,0,0,0,1,2,,,,,,,,,,,,,,,,,,,,,,,,,,,,,,,,,,,,,,,,,,,,,
C.Barth,00-0026138,no,DEN,,,,,,,,,,,,1,0,0,0,4,0,4,0,4,,,,,,,,,,,,,,,,,,,,,,,,,,,,,,,,,,,,
B.Colquitt,00-0026516,no,DEN,P,,,,,,,,,,,,,,,,,,,,,,,,,,,,,,,,32,2,54,6,283,,,,,,,,,,,,,,,,,,,
O.Bolden,00-0029563,no,DEN,SS,0,0,0,0,1,,,,,,,,,,,,,,,51,77,0,2,0,,,,,,,,,,,,,,,,,,,,,,,,,,,,,,,
T.Knighton,00-0027046,no,DEN,DT,0,0,0,0,3,,,,,,,,,,,,,,,,,,,,,,,,,,,,,,,,,,,,,,,,,,,,,,,,,,
B.Roby,00-0031372,no,DEN,CB,1,0,0,0,1,,,,,,,,,,,,,,,,,,,,,,,,,,,,,,,,,,,,,,,,,,,,,,,,,,
M.Jackson,00-0029568,no,DEN,DE,0,0,0,0,5,,,,,,,,,,,,,,,,,,,,,,,,,,,,,,,,,,,,,,,,,,,,,,,,,,
T.Davis,00-0031427,no,DEN,OLB,4,0,0,0,3,,,,,,,,,,,,,,,,,,,,,,,,,,,,,,,,,,,,,,,,,,,,,,,,,,
S.Johnson,00-0028943,no,DEN,LB,2,0,0,0,1,,,,,,,,,,,,,,,,,,,,,,,,,,,,,,,,,,,,,,,,,,,,,,,,,,
L.McCray,00-0029799,no,DEN,OLB,0,0,0,0,1,,,,,,,,,,,,,,,,,,,,,,,,,,,,,,,,,,,,,,,,,,,,,,,,,,
A.Talib,00-0026160,no,DEN,CB,1,0,1,0,3,,,,,,,,,,,,,,,,,,,,,,,,,,,,,,,,,,,,,,,,,,,,,,,,,,
T.Ward,00-0027653,no,DEN,SS,4,0,0,0,5,,,,,,,,,,,,,,,,,,,,,,,,,,,,,,,,,,,,,,,,,,,,,,,,,,
R.Moore,00-0027983,no,DEN,FS,1,0,0,0,3,,,,,,,,,,,,,,,,,,,,,,,,,,,,,,,,,,,,,,,,,,,,,,,,,,
D.Bruton,00-0027083,no,DEN,SS,3,1,0,0,2,,,,,,,,,,,,,,,,,,,,,,,,,,,,,,,,,,,,,,,,,,,,,,,,,,
C.Harris,00-0028224,no,DEN,CB,1,0,0,0,3,,,,,,,,,,,,,,,,,,,,,,,,,,,,,,,,,,,,,,,,,,,,,,,,,,
S.Williams,00-0030577,no,DEN,NT,0,0,0,0,1,,,,,,,,,,,,,,,,,,,,,,,,,,,,,,,,,,,,,,,,,,,,,,,,,,
D.Wolfe,00-0029586,no,DEN,DE,0,0,0,0,2,,,,,,,,,,,,,,,,,,,,,,,,,,,,,,,,,,,,,,,,,,,,,,,,,,
D.Ware,00-0023445,no,DEN,OLB,1,0,0,0,2,,,,,,,,,,,,,,,,,,,,,,,,,,,,,,,,,,,,,,,,,,,,,,,,,,
M.Austin,00-0027990,no,DEN,DT,1,0,0,0,0,,,,,,,,,,,,,,,,,,,,,,,,,,,,,,,,,,,,,,,,,,,,,,,,,,
