name,id,home,team,pos,defense_ast,defense_ffum,defense_int,defense_sk,defense_tkl,fumbles_lost,fumbles_rcv,fumbles_tot,fumbles_trcv,fumbles_yds,kicking_fga,kicking_fgm,kicking_fgyds,kicking_totpfg,kicking_xpa,kicking_xpb,kicking_xpmade,kicking_xpmissed,kicking_xptot,kickret_avg,kickret_lng,kickret_lngtd,kickret_ret,kickret_tds,passing_att,passing_cmp,passing_ints,passing_tds,passing_twopta,passing_twoptm,passing_yds,punting_avg,punting_i20,punting_lng,punting_pts,punting_yds,puntret_avg,puntret_lng,puntret_lngtd,puntret_ret,puntret_tds,receiving_lng,receiving_lngtd,receiving_rec,receiving_tds,receiving_twopta,receiving_twoptm,receiving_yds,rushing_att,rushing_lng,rushing_lngtd,rushing_tds,rushing_twopta,rushing_twoptm,rushing_yds
E.Manning,00-0022803,yes,NYG,QB,,,,,,,,,,,,,,,,,,,,,,,,,32,23,0,2,0,0,279,,,,,,,,,,,,,,,,,,,,,,,,
S.Vereen,00-0027994,yes,NYG,RB,,,,,,,,,,,,,,,,,,,,4,4,0,1,0,,,,,,,,,,,,,,,,,,,,,,,,,6,5,0,0,0,0,23
R.Jennings,00-0027155,yes,NYG,RB,,,,,,,,,,,,,,,,,,,,,,,,,,,,,,,,,,,,,,,,,,18,0,3,0,0,0,25,11,9,0,0,0,0,32
A.Williams,00-0031055,yes,NYG,RB,,,,,,,,,,,,,,,,,,,,,,,,,,,,,,,,,,,,,,,,,,,,,,,,,14,11,1,1,0,0,29
R.Randle,00-0029262,yes,NYG,WR,,,,,,,,,,,,,,,,,,,,,,,,,,,,,,,,,,,,,,,,,,41,41,7,1,0,0,116,,,,,,,
O.Beckham Jr.,00-0031235,yes,NYG,WR,,,,,,,,,,,,,,,,,,,,,,,,,,,,,,,,,,,,,,,,,,30,30,7,1,0,0,79,,,,,,,
D.Fells,00-0023752,yes,NYG,TE,,,,,,,,,,,,,,,,,,,,,,,,,,,,,,,,,,,,,,,,,,23,0,3,0,0,0,27,,,,,,,
L.Donnell,00-0028838,yes,NYG,TE,,,,,,,,,,,,,,,,,,,,,,,,,,,,,,,,,,,,,,,,,,22,0,3,0,0,0,32,,,,,,,
D.Harris,00-0028114,yes,NYG,WR,,,,,,0,0,1,0,0,,,,,,,,,,13,13,0,1,0,,,,,,,,,,,,,0,0,0,1,0,,,,,,,,,,,,,,
O.Darkwa,00-0030860,yes,NYG,RB,,,,,,0,1,0,1,0,,,,,,,,,,,,,,,,,,,,,,,,,,,,,,,,,,,,,,,,,,,,,
J.Brown,00-0021940,yes,NYG,K,,,,,,,,,,,3,3,48,9,3,0,3,0,3,,,,,,,,,,,,,,,,,,,,,,,,,,,,,,,,,,,,
B.Wing,00-0030142,yes,NYG,P,,,,,,,,,,,,,,,,,,,,,,,,,,,,,,,,40,2,45,4,171,,,,,,,,,,,,,,,,,,,
T.Wade,00-0029314,yes,NYG,DB,0,1,0,0,2,,,,,,,,,,,,,,,,,,,,,,,,,,,,,,,,,,,,,,,,,,,,,,,,,,
T.McBride,00-0025608,yes,NYG,CB,1,0,0,0,5,,,,,,,,,,,,,,,,,,,,,,,,,,,,,,,,,,,,,,,,,,,,,,,,,,
D.Moore,00-0030069,yes,NYG,DE,0,0,0,0,1,,,,,,,,,,,,,,,,,,,,,,,,,,,,,,,,,,,,,,,,,,,,,,,,,,
C.Jenkins,00-0021706,yes,NYG,DT,1,0,0,0,1,,,,,,,,,,,,,,,,,,,,,,,,,,,,,,,,,,,,,,,,,,,,,,,,,,
G.Selvie,00-0027818,yes,NYG,DE,1,0,0,0,1,,,,,,,,,,,,,,,,,,,,,,,,,,,,,,,,,,,,,,,,,,,,,,,,,,
L.Collins,00-0032262,yes,NYG,FS,2,0,0,0,4,,,,,,,,,,,,,,,,,,,,,,,,,,,,,,,,,,,,,,,,,,,,,,,,,,
J.Hosley,00-0029267,yes,NYG,CB,0,0,0,0,1,,,,,,,,,,,,,,,,,,,,,,,,,,,,,,,,,,,,,,,,,,,,,,,,,,
D.Kennard,00-0031241,yes,NYG,OLB,1,0,0,0,4,,,,,,,,,,,,,,,,,,,,,,,,,,,,,,,,,,,,,,,,,,,,,,,,,,
J.Casillas,00-0026832,yes,NYG,LB,0,0,0,1,7,,,,,,,,,,,,,,,,,,,,,,,,,,,,,,,,,,,,,,,,,,,,,,,,,,
J.Hankins,00-0030063,yes,NYG,DT,1,0,0,0,2,,,,,,,,,,,,,,,,,,,,,,,,,,,,,,,,,,,,,,,,,,,,,,,,,,
U.Unga,00-0031480,yes,NYG,MLB,3,1,1,0,6,,,,,,,,,,,,,,,,,,,,,,,,,,,,,,,,,,,,,,,,,,,,,,,,,,
B.Meriweather,00-0025411,yes,NYG,SS,1,0,0,0,4,,,,,,,,,,,,,,,,,,,,,,,,,,,,,,,,,,,,,,,,,,,,,,,,,,
P.Amukamara,00-0027957,yes,NYG,CB,2,0,1,0,6,,,,,,,,,,,,,,,,,,,,,,,,,,,,,,,,,,,,,,,,,,,,,,,,,,
J.Thomas,00-0028133,yes,NYG,OLB,0,0,0,0,1,,,,,,,,,,,,,,,,,,,,,,,,,,,,,,,,,,,,,,,,,,,,,,,,,,
J.Bromley,00-0031403,yes,NYG,DT,1,0,0,0,2,,,,,,,,,,,,,,,,,,,,,,,,,,,,,,,,,,,,,,,,,,,,,,,,,,
K.Wynn,00-0030776,yes,NYG,DE,5,0,0,0,3,,,,,,,,,,,,,,,,,,,,,,,,,,,,,,,,,,,,,,,,,,,,,,,,,,
K.Cousins,00-0029604,no,WAS,QB,,,,,,,,,,,,,,,,,,,,,,,,,49,30,2,1,1,1,316,,,,,,,,,,,,,,,,,,,,,,,,
M.Jones,00-0031939,no,WAS,RB,,,,,,1,0,1,0,0,,,,,,,,,,,,,,,,,,,,,,,,,,,,,,,,,,,,,,,11,10,0,0,0,0,38
D.Young,00-0026852,no,WAS,FB,,,,,,,,,,,,,,,,,,,,,,,,,,,,,,,,,,,,,,,,,,,,,,,,,1,2,0,0,0,0,2
A.Morris,00-0029141,no,WAS,RB,,,,,,,,,,,,,,,,,,,,,,,,,,,,,,,,,,,,,,,,,,,,,,,,,6,7,0,0,0,0,19
C.Thompson,00-0030404,no,WAS,RB,,,,,,0,0,1,0,0,,,,,,,,,,,,,,,,,,,,,,,,,,,,,,,,14,4,8,1,0,0,57,2,26,0,0,0,0,29
R.Ross,00-0030187,no,WAS,WR,,,,,,,,,,,,,,,,,,,,39,101,101,4,1,,,,,,,,,,,,,,,,,,20,0,2,0,0,0,27,,,,,,,
P.Garcon,00-0026345,no,WAS,WR,,,,,,,,,,,,,,,,,,,,,,,,,,,,,,,,,,,,,,,,,,19,0,5,0,0,0,64,,,,,,,
J.Crowder,00-0031941,no,WAS,WR,,,,,,,,,,,,,,,,,,,,,,,,,,,,,,,,,,,,,10,10,0,1,0,15,0,6,0,1,1,45,,,,,,,
R.Grant,00-0031068,no,WAS,WR,,,,,,,,,,,,,,,,,,,,,,,,,,,,,,,,,,,,,,,,,,6,0,2,0,0,0,9,,,,,,,
J.Reed,00-0030472,no,WAS,TE,,,,,,,,,,,,,,,,,,,,,,,,,,,,,,,,,,,,,,,,,,26,0,6,0,0,0,96,,,,,,,
A.Roberts,00-0027691,no,WAS,WR,,,,,,,,,,,,,,,,,,,,,,,,,,,,,,,,,,,,,,,,,,18,0,1,0,0,0,18,,,,,,,
D.Hopkins,00-0030098,no,WAS,K,,,,,,,,,,,2,2,44,6,1,0,1,0,1,,,,,,,,,,,,,,,,,,,,,,,,,,,,,,,,,,,,
T.Way,00-0030140,no,WAS,P,,,,,,,,,,,,,,,,,,,,,,,,,,,,,,,,18,0,36,1,36,,,,,,,,,,,,,,,,,,,
T.Knighton,00-0027046,no,WAS,DT,3,0,0,0,3,,,,,,,,,,,,,,,,,,,,,,,,,,,,,,,,,,,,,,,,,,,,,,,,,,
B.Breeland,00-0031052,no,WAS,CB,1,0,0,0,2,,,,,,,,,,,,,,,,,,,,,,,,,,,,,,,,,,,,,,,,,,,,,,,,,,
W.Compton,00-0029869,no,WAS,ILB,3,0,0,0,8,,,,,,,,,,,,,,,,,,,,,,,,,,,,,,,,,,,,,,,,,,,,,,,,,,
T.Murphy,00-0031300,no,WAS,OLB,3,0,0,0,0,,,,,,,,,,,,,,,,,,,,,,,,,,,,,,,,,,,,,,,,,,,,,,,,,,
C.Baker,00-0026512,no,WAS,NT,1,0,0,0,5,,,,,,,,,,,,,,,,,,,,,,,,,,,,,,,,,,,,,,,,,,,,,,,,,,
S.Paea,00-0027991,no,WAS,DE,0,0,0,0,1,,,,,,,,,,,,,,,,,,,,,,,,,,,,,,,,,,,,,,,,,,,,,,,,,,
C.Culliver,00-0028018,no,WAS,CB,0,0,0,0,4,,,,,,,,,,,,,,,,,,,,,,,,,,,,,,,,,,,,,,,,,,,,,,,,,,
D.Goldson,00-0025513,no,WAS,FS,3,0,0,0,7,,,,,,,,,,,,,,,,,,,,,,,,,,,,,,,,,,,,,,,,,,,,,,,,,,
K.Robinson,00-0029545,no,WAS,ILB,3,0,0,0,10,,,,,,,,,,,,,,,,,,,,,,,,,,,,,,,,,,,,,,,,,,,,,,,,,,
R.Jean Francois,00-0026502,no,WAS,DT,3,0,0,0,1,,,,,,,,,,,,,,,,,,,,,,,,,,,,,,,,,,,,,,,,,,,,,,,,,,
R.Kerrigan,00-0027954,no,WAS,OLB,0,0,0,0,1,,,,,,,,,,,,,,,,,,,,,,,,,,,,,,,,,,,,,,,,,,,,,,,,,,
D.Hall,00-0022923,no,WAS,CB,1,0,0,0,3,,,,,,,,,,,,,,,,,,,,,,,,,,,,,,,,,,,,,,,,,,,,,,,,,,
W.Blackmon,00-0024330,no,WAS,DB,0,0,0,0,3,,,,,,,,,,,,,,,,,,,,,,,,,,,,,,,,,,,,,,,,,,,,,,,,,,
T.Robinson,00-0029297,no,WAS,SS,4,0,0,0,3,,,,,,,,,,,,,,,,,,,,,,,,,,,,,,,,,,,,,,,,,,,,,,,,,,
B.Weeden,00-0029677,yes,DAL,QB,,,,,,,,,,,,,,,,,,,,,,,,,26,22,1,0,0,0,232,,,,,,,,,,,,,,,,,,,,,,,,
D.McFadden,00-0026144,yes,DAL,RB,,,,,,,,,,,,,,,,,,,,,,,,,,,,,,,,,,,,,,,,,,,,,,,,,6,10,2,1,0,0,35
L.Dunbar,00-0029004,yes,DAL,RB,,,,,,,,,,,,,,,,,,,,28,28,0,1,0,,,,,,,,,,,,,4,4,0,1,0,22,0,10,0,0,0,100,1,5,0,0,0,0,5
J.Randle,00-0030388,yes,DAL,RB,,,,,,,,,,,,,,,,,,,,,,,,,,,,,,,,,,,,,,,,,,9,0,2,0,0,0,18,14,37,37,3,0,0,87
C.Beasley,00-0029000,yes,DAL,WR,,,,,,,,,,,,,,,,,,,,,,,,,,,,,,,,,,,,,10,12,0,2,0,20,0,4,0,0,0,49,,,,,,,
J.Witten,00-0022127,yes,DAL,TE,,,,,,,,,,,,,,,,,,,,,,,,,,,,,,,,,,,,,,,,,,19,0,6,0,0,0,65,,,,,,,
D.Bailey,00-0028660,yes,DAL,K,,,,,,,,,,,0,0,0,0,4,0,4,0,4,,,,,,,,,,,,,,,,,,,,,,,,,,,,,,,,,,,,
C.Jones,00-0028664,yes,DAL,P,,,,,,,,,,,,,,,,,,,,,,,,,,,,,,,,40,3,45,4,159,,,,,,,,,,,,,,,,,,,
A.Gachkar,00-0028172,yes,DAL,LB,1,0,0,0,0,,,,,,,,,,,,,,,,,,,,,,,,,,,,,,,,,,,,,,,,,,,,,,,,,,
A.Hitchens,00-0031348,yes,DAL,MLB,2,0,0,0,5,,,,,,,,,,,,,,,,,,,,,,,,,,,,,,,,,,,,,,,,,,,,,,,,,,
B.Church,00-0027416,yes,DAL,SS,2,0,0,0,4,,,,,,,,,,,,,,,,,,,,,,,,,,,,,,,,,,,,,,,,,,,,,,,,,,
M.Claiborne,00-0029676,yes,DAL,CB,0,0,0,0,5,,,,,,,,,,,,,,,,,,,,,,,,,,,,,,,,,,,,,,,,,,,,,,,,,,
D.Lawrence,00-0031411,yes,DAL,DE,1,0,0,0,1,,,,,,,,,,,,,,,,,,,,,,,,,,,,,,,,,,,,,,,,,,,,,,,,,,
B.Carr,00-0026280,yes,DAL,CB,2,0,0,0,6,,,,,,,,,,,,,,,,,,,,,,,,,,,,,,,,,,,,,,,,,,,,,,,,,,
T.Patmon,00-0031276,yes,DAL,DB,0,0,0,0,1,,,,,,,,,,,,,,,,,,,,,,,,,,,,,,,,,,,,,,,,,,,,,,,,,,
N.Hayden,00-0026321,yes,DAL,DT,0,0,0,0,5,,,,,,,,,,,,,,,,,,,,,,,,,,,,,,,,,,,,,,,,,,,,,,,,,,
K.Wilber,00-0029647,yes,DAL,OLB,2,0,0,0,2,,,,,,,,,,,,,,,,,,,,,,,,,,,,,,,,,,,,,,,,,,,,,,,,,,
J.Wilcox,00-0030543,yes,DAL,FS,0,0,0,0,3,,,,,,,,,,,,,,,,,,,,,,,,,,,,,,,,,,,,,,,,,,,,,,,,,,
S.Lee,00-0027663,yes,DAL,OLB,3,0,0,1,7,,,,,,,,,,,,,,,,,,,,,,,,,,,,,,,,,,,,,,,,,,,,,,,,,,
B.Jones,00-0032239,yes,DAL,CB,1,0,0,0,3,,,,,,,,,,,,,,,,,,,,,,,,,,,,,,,,,,,,,,,,,,,,,,,,,,
J.Crawford,00-0029627,yes,DAL,DE,1,0,0,0,0,,,,,,,,,,,,,,,,,,,,,,,,,,,,,,,,,,,,,,,,,,,,,,,,,,
M.Ryan,00-0026143,no,ATL,QB,,,,,,,,,,,,,,,,,,,,,,,,,36,24,0,2,1,1,285,,,,,,,,,,,,,,,,,,2,18,0,0,0,0,17
D.Freeman,00-0031285,no,ATL,RB,,,,,,,,,,,,,,,,,,,,,,,,,,,,,,,,,,,,,,,,,,35,0,5,0,0,0,52,30,17,7,3,0,0,141
N.Williams,00-0029848,no,ATL,WR,,,,,,,,,,,,,,,,,,,,,,,,,,,,,,,,,,,,,,,,,,6,0,1,0,0,0,6,,,,,,,
J.Tamme,00-0026267,no,ATL,TE,,,,,,,,,,,,,,,,,,,,,,,,,,,,,,,,,,,,,,,,,,8,0,1,0,0,0,8,,,,,,,
J.Jones,00-0027944,no,ATL,WR,,,,,,,,,,,,,,,,,,,,,,,,,,,,,,,,,,,,,,,,,,45,45,12,2,0,0,164,,,,,,,
P.DiMarco,00-0028581,no,ATL,FB,,,,,,,,,,,,,,,,,,,,,,,,,,,,,,,,,,,,,,,,,,4,0,1,0,0,0,4,,,,,,,
L.Toilolo,00-0030443,no,ATL,TE,,,,,,,,,,,,,,,,,,,,,,,,,,,,,,,,,,,,,,,,,,6,0,1,0,1,1,6,,,,,,,
L.Hankerson,00-0028017,no,ATL,WR,,,,,,,,,,,,,,,,,,,,,,,,,,,,,,,,,,,,,,,,,,21,0,3,0,0,0,45,,,,,,,
M.Bryant,00-0020578,no,ATL,K,,,,,,,,,,,1,1,32,3,4,0,4,0,4,,,,,,,,,,,,,,,,,,,,,,,,,,,,,,,,,,,,
M.Bosher,00-0028130,no,ATL,P,,,,,,,,,,,,,,,,,,,,,,,,,,,,,,,,45,1,60,4,205,,,,,,,,,,,,,,,,,,,
E.Weems,00-0024535,no,ATL,WR,,,,,,,,,,,,,,,,,,,,23,23,0,1,0,,,,,,,,,,,,,,,,,,,,,,,,,,,,,,,
J.Durant,00-0025435,no,ATL,OLB,1,0,0,0,8,,,,,,,,,,,,,,,,,,,,,,,,,,,,,,,,,,,,,,,,,,,,,,,,,,
P.Worrilow,00-0029792,no,ATL,MLB,0,0,0,0,5,,,,,,,,,,,,,,,,,,,,,,,,,,,,,,,,,,,,,,,,,,,,,,,,,,
O.Schofield,00-0027730,no,ATL,OLB,1,0,0,0,1,,,,,,,,,,,,,,,,,,,,,,,,,,,,,,,,,,,,,,,,,,,,,,,,,,
R.Alford,00-0030528,no,ATL,CB,0,0,0,0,1,,,,,,,,,,,,,,,,,,,,,,,,,,,,,,,,,,,,,,,,,,,,,,,,,,
R.Allen,00-0031181,no,ATL,FS,0,0,0,0,7,,,,,,,,,,,,,,,,,,,,,,,,,,,,,,,,,,,,,,,,,,,,,,,,,,
W.Moore,00-0027031,no,ATL,SS,0,0,1,0,4,,,,,,,,,,,,,,,,,,,,,,,,,,,,,,,,,,,,,,,,,,,,,,,,,,
N.Stupar,00-0029629,no,ATL,OLB,0,0,0,0,1,,,,,,,,,,,,,,,,,,,,,,,,,,,,,,,,,,,,,,,,,,,,,,,,,,
P.Adams,00-0027610,no,ATL,DB,1,0,0,0,2,,,,,,,,,,,,,,,,,,,,,,,,,,,,,,,,,,,,,,,,,,,,,,,,,,
T.Jackson,00-0026980,no,ATL,DE,0,0,0,0,1,,,,,,,,,,,,,,,,,,,,,,,,,,,,,,,,,,,,,,,,,,,,,,,,,,
V.Beasley,00-0032240,no,ATL,DE,0,0,0,1,2,,,,,,,,,,,,,,,,,,,,,,,,,,,,,,,,,,,,,,,,,,,,,,,,,,
R.Therezie,00-0031680,no,ATL,DB,0,0,0,0,2,,,,,,,,,,,,,,,,,,,,,,,,,,,,,,,,,,,,,,,,,,,,,,,,,,
A.Clayborn,00-0027958,no,ATL,DE,0,0,0,1,2,,,,,,,,,,,,,,,,,,,,,,,,,,,,,,,,,,,,,,,,,,,,,,,,,,
P.Soliai,00-0025495,no,ATL,DT,0,0,0,0,1,,,,,,,,,,,,,,,,,,,,,,,,,,,,,,,,,,,,,,,,,,,,,,,,,,
J.Babineaux,00-0023494,no,ATL,DT,1,0,0,0,0,,,,,,,,,,,,,,,,,,,,,,,,,,,,,,,,,,,,,,,,,,,,,,,,,,
D.Trufant,00-0030562,no,ATL,CB,1,0,0,0,2,,,,,,,,,,,,,,,,,,,,,,,,,,,,,,,,,,,,,,,,,,,,,,,,,,
C.Newton,00-0027939,yes,CAR,QB,,,,,,,,,,,,,,,,,,,,,,,,,31,20,0,2,0,0,315,,,,,,,,,,,,,,,,,,7,13,13,1,0,0,33
J.Stewart,00-0026153,yes,CAR,RB,,,,,,,,,,,,,,,,,,,,,,,,,,,,,,,,,,,,,,,,,,,,,,,,,14,14,0,0,0,0,52
C.Brown,00-0031118,yes,CAR,WR,,,,,,,,,,,,,,,,,,,,,,,,,,,,,,,,,,,,,,,,,,,,,,,,,1,12,0,0,0,0,12
M.Tolbert,00-0026069,yes,CAR,FB,,,,,,,,,,,,,,,,,,,,,,,,,,,,,,,,,,,,,,,,,,14,0,3,0,0,0,28,5,6,0,0,0,0,16
C.Artis-Payne,00-0031599,yes,CAR,RB,,,,,,,,,,,,,,,,,,,,,,,,,,,,,,,,,,,,,,,,,,,,,,,,,3,4,0,0,0,0,6
F.Whittaker,00-0029731,yes,CAR,RB,,,,,,,,,,,,,,,,,,,,,,,,,,,,,,,,,,,,,,,,,,14,0,1,0,0,0,14,,,,,,,
E.Dickson,00-0027675,yes,CAR,TE,,,,,,,,,,,,,,,,,,,,,,,,,,,,,,,,,,,,,,,,,,10,0,2,0,0,0,19,,,,,,,
D.Funchess,00-0032055,yes,CAR,WR,,,,,,,,,,,,,,,,,,,,,,,,,,,,,,,,,,,,,,,,,,14,0,1,0,0,0,14,,,,,,,
G.Olsen,00-0025418,yes,CAR,TE,,,,,,,,,,,,,,,,,,,,,,,,,,,,,,,,,,,,,,,,,,52,11,8,2,0,0,134,,,,,,,
B.Bersin,00-0029394,yes,CAR,WR,,,,,,,,,,,,,,,,,,,,,,,,,,,,,,,,,,,,,,,,,,13,0,1,0,0,0,13,,,,,,,
T.Ginn,00-0025396,yes,CAR,WR,,,,,,,,,,,,,,,,,,,,,,,,,,,,,,,,,,,,,,,,,,55,0,4,0,0,0,93,,,,,,,
R.Harper,00-0024258,yes,CAR,SS,4,0,0,0,1,0,0,0,1,1,,,,,,,,,,,,,,,,,,,,,,,,,,,,,,,,,,,,,,,,,,,,,
G.Gano,00-0026858,yes,CAR,K,,,,,,,,,,,2,2,47,6,3,0,3,0,3,,,,,,,,,,,,,,,,,,,,,,,,,,,,,,,,,,,,
B.Nortman,00-0029304,yes,CAR,P,,,,,,,,,,,,,,,,,,,,,,,,,,,,,,,,23,1,55,4,173,,,,,,,,,,,,,,,,,,,
J.Webb,00-0027796,yes,CAR,QB,,,,,,,,,,,,,,,,,,,,15,15,0,1,0,,,,,,,,,,,,,,,,,,,,,,,,,,,,,,,
S.Lotulelei,00-0030455,yes,CAR,DT,1,0,0,0,1,,,,,,,,,,,,,,,,,,,,,,,,,,,,,,,,,,,,,,,,,,,,,,,,,,
K.Love,00-0027236,yes,CAR,DT,1,0,0,0,0,,,,,,,,,,,,,,,,,,,,,,,,,,,,,,,,,,,,,,,,,,,,,,,,,,
K.Short,00-0030448,yes,CAR,DT,1,0,0,0,0,,,,,,,,,,,,,,,,,,,,,,,,,,,,,,,,,,,,,,,,,,,,,,,,,,
T.Boston,00-0031261,yes,CAR,FS,1,0,0,0,2,,,,,,,,,,,,,,,,,,,,,,,,,,,,,,,,,,,,,,,,,,,,,,,,,,
C.Johnson,00-0025470,yes,CAR,DE,1,0,0,0,0,,,,,,,,,,,,,,,,,,,,,,,,,,,,,,,,,,,,,,,,,,,,,,,,,,
B.Benwikere,00-0031262,yes,CAR,CB,1,0,0,0,4,,,,,,,,,,,,,,,,,,,,,,,,,,,,,,,,,,,,,,,,,,,,,,,,,,
C.Tillman,00-0022123,yes,CAR,CB,3,0,0,0,6,,,,,,,,,,,,,,,,,,,,,,,,,,,,,,,,,,,,,,,,,,,,,,,,,,
A.Klein,00-0030463,yes,CAR,MLB,4,0,0,0,6,,,,,,,,,,,,,,,,,,,,,,,,,,,,,,,,,,,,,,,,,,,,,,,,,,
T.Davis,00-0023448,yes,CAR,OLB,4,1,0,0,6,,,,,,,,,,,,,,,,,,,,,,,,,,,,,,,,,,,,,,,,,,,,,,,,,,
M.Addison,00-0028339,yes,CAR,DE,2,0,0,0,2,,,,,,,,,,,,,,,,,,,,,,,,,,,,,,,,,,,,,,,,,,,,,,,,,,
K.Ealy,00-0031336,yes,CAR,DE,4,0,0,0,0,,,,,,,,,,,,,,,,,,,,,,,,,,,,,,,,,,,,,,,,,,,,,,,,,,
S.Thompson,00-0031550,yes,CAR,OLB,4,0,0,1,3,,,,,,,,,,,,,,,,,,,,,,,,,,,,,,,,,,,,,,,,,,,,,,,,,,
D.Edwards,00-0022750,yes,CAR,DT,1,0,0,0,0,,,,,,,,,,,,,,,,,,,,,,,,,,,,,,,,,,,,,,,,,,,,,,,,,,
K.Coleman,00-0027835,yes,CAR,FS,1,0,0,0,1,,,,,,,,,,,,,,,,,,,,,,,,,,,,,,,,,,,,,,,,,,,,,,,,,,
J.Norman,00-0029285,yes,CAR,CB,1,0,1,0,4,,,,,,,,,,,,,,,,,,,,,,,,,,,,,,,,,,,,,,,,,,,,,,,,,,
L.McCown,00-0022864,no,NO,QB,,,,,,,,,,,,,,,,,,,,,,,,,38,31,1,0,1,0,310,,,,,,,,,,,,,,,,,,,,,,,,
K.Robinson,00-0030348,no,NO,RB,,,,,,,,,,,,,,,,,,,,14,14,0,1,0,,,,,,,,,,,,,,,,,,4,0,2,0,0,0,8,7,8,2,1,0,0,12
M.Ingram,00-0027966,no,NO,RB,,,,,,,,,,,,,,,,,,,,,,,,,,,,,,,,,,,,,,,,,,23,0,5,0,0,0,49,14,9,5,1,0,0,50
A.Johnson,00-0029729,no,NO,FB,,,,,,,,,,,,,,,,,,,,,,,,,,,,,,,,,,,,,,,,,,,,,,,,,2,3,0,0,0,0,4
C.Spiller,00-0027861,no,NO,RB,,,,,,,,,,,,,,,,,,,,,,,,,,,,,,,,,,,,,,,,,,19,0,2,0,0,0,22,1,4,0,0,0,0,4
B.Cooks,00-0031236,no,NO,WR,,,,,,,,,,,,,,,,,,,,,,,,,,,,,,,,,,,,,,,,,,16,0,7,0,0,0,79,,,,,,,
W.Snead,00-0030663,no,NO,WR,,,,,,,,,,,,,,,,,,,,,,,,,,,,,,,,,,,,,,,,,,15,0,5,0,0,0,44,,,,,,,
B.Watson,00-0022943,no,NO,TE,,,,,,1,0,1,0,0,,,,,,,,,,,,,,,,,,,,,,,,,,,,,,,,20,0,4,0,0,0,42,,,,,,,
J.Hill,00-0030216,no,NO,TE,,,,,,,,,,,,,,,,,,,,,,,,,,,,,,,,,,,,,,,,,,10,0,1,0,0,0,10,,,,,,,
M.Colston,00-0024466,no,NO,WR,,,,,,,,,,,,,,,,,,,,,,,,,,,,,,,,,,,,,,,,,,22,0,4,0,1,0,47,,,,,,,
B.Coleman,00-0030801,no,NO,WR,,,,,,,,,,,,,,,,,,,,,,,,,,,,,,,,,,,,,,,,,,9,0,1,0,0,0,9,,,,,,,
Z.Hocker,00-0031092,no,NO,K,,,,,,,,,,,1,1,31,3,1,0,1,0,1,,,,,,,,,,,,,,,,,,,,,,,,,,,,,,,,,,,,
T.Morstead,00-0027114,no,NO,P,,,,,,,,,,,,,,,,,,,,,,,,,,,,,,,,46,2,47,2,92,,,,,,,,,,,,,,,,,,,
M.Murphy,00-0031959,no,NO,RB,,,,,,,,,,,,,,,,,,,,24,35,0,3,0,,,,,,,,,,,,,41,74,74,2,1,,,,,,,,,,,,,,
D.Swann,00-0031949,no,NO,CB,1,0,0,0,2,,,,,,,,,,,,,,,,,,,,,,,,,,,,,,,,,,,,,,,,,,,,,,,,,,
S.Anthony,00-0032102,no,NO,MLB,2,0,0,0,3,,,,,,,,,,,,,,,,,,,,,,,,,,,,,,,,,,,,,,,,,,,,,,,,,,
B.Browner,00-0023013,no,NO,CB,1,0,0,0,6,,,,,,,,,,,,,,,,,,,,,,,,,,,,,,,,,,,,,,,,,,,,,,,,,,
K.Phillips,00-0026171,no,NO,FS,1,0,0,0,2,,,,,,,,,,,,,,,,,,,,,,,,,,,,,,,,,,,,,,,,,,,,,,,,,,
K.Edebali,00-0031255,no,NO,OLB,0,0,0,0,1,,,,,,,,,,,,,,,,,,,,,,,,,,,,,,,,,,,,,,,,,,,,,,,,,,
K.Williams,00-0022073,no,NO,DT,1,0,0,0,0,,,,,,,,,,,,,,,,,,,,,,,,,,,,,,,,,,,,,,,,,,,,,,,,,,
K.Vaccaro,00-0030060,no,NO,SS,5,0,0,0,4,,,,,,,,,,,,,,,,,,,,,,,,,,,,,,,,,,,,,,,,,,,,,,,,,,
A.Hicks,00-0029657,no,NO,DE,1,0,0,0,0,,,,,,,,,,,,,,,,,,,,,,,,,,,,,,,,,,,,,,,,,,,,,,,,,,
D.Hawthorne,00-0025999,no,NO,OLB,5,0,0,0,3,,,,,,,,,,,,,,,,,,,,,,,,,,,,,,,,,,,,,,,,,,,,,,,,,,
R.Humber,00-0026672,no,NO,ILB,5,0,0,0,4,,,,,,,,,,,,,,,,,,,,,,,,,,,,,,,,,,,,,,,,,,,,,,,,,,
B.Richardson,00-0032024,no,NO,DE,4,0,0,0,0,,,,,,,,,,,,,,,,,,,,,,,,,,,,,,,,,,,,,,,,,,,,,,,,,,
J.Jenkins,00-0030070,no,NO,DT,4,0,0,0,0,,,,,,,,,,,,,,,,,,,,,,,,,,,,,,,,,,,,,,,,,,,,,,,,,,
H.Kikaha,00-0032056,no,NO,OLB,2,0,0,1,4,,,,,,,,,,,,,,,,,,,,,,,,,,,,,,,,,,,,,,,,,,,,,,,,,,
T.Barnes,00-0032032,no,NO,DE,0,0,0,0,1,,,,,,,,,,,,,,,,,,,,,,,,,,,,,,,,,,,,,,,,,,,,,,,,,,
D.Breaux,00-0031474,no,NO,CB,1,0,0,0,0,,,,,,,,,,,,,,,,,,,,,,,,,,,,,,,,,,,,,,,,,,,,,,,,,,
C.Jordan,00-0027962,no,NO,DE,1,0,0,0,1,,,,,,,,,,,,,,,,,,,,,,,,,,,,,,,,,,,,,,,,,,,,,,,,,,
R.Fitzpatrick,00-0023682,yes,NYJ,QB,,,,,,,,,,,,,,,,,,,,,,,,,58,35,3,2,0,0,283,,,,,,,,,,,,,,,,,,4,5,0,0,0,0,13
Z.Stacy,00-0030536,yes,NYJ,RB,0,0,0,0,1,,,,,,,,,,,,,,,20,31,0,4,0,,,,,,,,,,,,,,,,,,3,0,2,0,0,0,-2,2,2,0,0,0,0,3
B.Powell,00-0028064,yes,NYJ,RB,,,,,,,,,,,,,,,,,,,,,,,,,,,,,,,,,,,,,,,,,,13,0,7,0,0,0,44,10,10,0,0,0,0,31
J.Kerley,00-0028091,yes,NYJ,WR,,,,,,,,,,,,,,,,,,,,,,,,,,,,,,,,,,,,,9,19,0,7,0,9,7,6,1,0,0,33,,,,,,,
Q.Enunwa,00-0031023,yes,NYJ,WR,,,,,,,,,,,,,,,,,,,,,,,,,,,,,,,,,,,,,,,,,,26,0,5,0,0,0,50,,,,,,,
J.Cumberland,00-0027321,yes,NYJ,TE,,,,,,,,,,,,,,,,,,,,,,,,,,,,,,,,,,,,,,,,,,5,0,2,0,0,0,10,,,,,,,
B.Marshall,00-0024334,yes,NYJ,WR,,,,,,1,0,2,0,0,,,,,,,,,,,,,,,,,,,,,,,,,,,,,,,,20,16,10,1,0,0,109,,,,,,,
D.Smith,00-0031934,yes,NYJ,WR,,,,,,,,,,,,,,,,,,,,,,,,,,,,,,,,,,,,,,,,,,16,0,3,0,0,0,39,,,,,,,
D.Davis,00-0029607,yes,NYJ,ILB,7,0,0,0,6,0,0,0,1,0,,,,,,,,,,,,,,,,,,,,,,,,,,,,,,,,,,,,,,,,,,,,,
N.Folk,00-0025565,yes,NYJ,K,,,,,,,,,,,1,1,53,3,2,0,2,0,2,,,,,,,,,,,,,,,,,,,,,,,,,,,,,,,,,,,,
R.Quigley,00-0029493,yes,NYJ,P,,,,,,,,,,,,,,,,,,,,,,,,,,,,,,,,35,3,54,8,371,,,,,,,,,,,,,,,,,,,
M.Gilchrist,00-0027988,yes,NYJ,FS,1,0,0,0,2,,,,,,,,,,,,,,,,,,,,,,,,,,,,,,,,,,,,,,,,,,,,,,,,,,
D.Harrison,00-0029040,yes,NYJ,NT,5,0,0,0,0,,,,,,,,,,,,,,,,,,,,,,,,,,,,,,,,,,,,,,,,,,,,,,,,,,
L.Mauldin,00-0031564,yes,NYJ,OLB,0,0,0,0,1,,,,,,,,,,,,,,,,,,,,,,,,,,,,,,,,,,,,,,,,,,,,,,,,,,
D.Harris,00-0025434,yes,NYJ,ILB,5,1,0,0,5,,,,,,,,,,,,,,,,,,,,,,,,,,,,,,,,,,,,,,,,,,,,,,,,,,
A.Cromartie,00-0024234,yes,NYJ,CB,1,0,0,0,1,,,,,,,,,,,,,,,,,,,,,,,,,,,,,,,,,,,,,,,,,,,,,,,,,,
C.Pryor,00-0031343,yes,NYJ,SS,4,0,0,0,2,,,,,,,,,,,,,,,,,,,,,,,,,,,,,,,,,,,,,,,,,,,,,,,,,,
B.Skrine,00-0028075,yes,NYJ,DB,1,0,0,0,3,,,,,,,,,,,,,,,,,,,,,,,,,,,,,,,,,,,,,,,,,,,,,,,,,,
M.Wilkerson,00-0027968,yes,NYJ,DE,7,0,0,0.5,4,,,,,,,,,,,,,,,,,,,,,,,,,,,,,,,,,,,,,,,,,,,,,,,,,,
D.Revis,00-0025401,yes,NYJ,CB,0,0,0,0,1,,,,,,,,,,,,,,,,,,,,,,,,,,,,,,,,,,,,,,,,,,,,,,,,,,
L.Williams,00-0031933,yes,NYJ,DE,5,0,0,0.5,1,,,,,,,,,,,,,,,,,,,,,,,,,,,,,,,,,,,,,,,,,,,,,,,,,,
Q.Coples,00-0029559,yes,NYJ,OLB,2,0,0,0,2,,,,,,,,,,,,,,,,,,,,,,,,,,,,,,,,,,,,,,,,,,,,,,,,,,
S.Bradford,00-0027854,no,PHI,QB,,,,,,,,,,,,,,,,,,,,,,,,,28,14,0,1,0,0,118,,,,,,,,,,,,,,,,,,3,0,0,0,0,0,-2
D.Sproles,00-0023564,no,PHI,RB,,,,,,,,,,,,,,,,,,,,,,,,,,,,,,,,,,,,,29,89,89,3,1,9,0,4,0,0,0,19,11,12,1,1,0,0,17
R.Mathews,00-0027864,no,PHI,RB,,,,,,1,0,1,0,0,,,,,,,,,,,,,,,,,,,,,,,,,,,,,,,,23,23,2,1,0,0,20,25,27,0,0,0,0,108
J.Matthews,00-0031299,no,PHI,WR,,,,,,,,,,,,,,,,,,,,,,,,,,,,,,,,,,,,,,,,,,17,0,6,0,0,0,49,,,,,,,
Z.Ertz,00-0030061,no,PHI,TE,,,,,,,,,,,,,,,,,,,,,,,,,,,,,,,,,,,,,,,,,,21,0,2,0,0,0,30,,,,,,,
J.Hicks,00-0032129,no,PHI,OLB,1,0,1,0,9,0,0,0,1,11,,,,,,,,,,,,,,,,,,,,,,,,,,,,,,,,,,,,,,,,,,,,,
C.Parkey,00-0030850,no,PHI,K,,,,,,,,,,,1,1,30,3,3,0,3,0,3,,,,,,,,,,,,,,,,,,,,,,,,,,,,,,,,,,,,
D.Jones,00-0022684,no,PHI,P,,,,,,,,,,,,,,,,,,,,,,,,,,,,,,,,41,2,56,9,440,,,,,,,,,,,,,,,,,,,
K.Barner,00-0030465,no,PHI,RB,,,,,,,,,,,,,,,,,,,,10,10,0,1,0,,,,,,,,,,,,,,,,,,,,,,,,,,,,,,,
E.Biggers,00-0026945,no,PHI,DB,0,0,0,0,1,,,,,,,,,,,,,,,,,,,,,,,,,,,,,,,,,,,,,,,,,,,,,,,,,,
N.Goode,00-0029418,no,PHI,LB,0,0,0,0,2,,,,,,,,,,,,,,,,,,,,,,,,,,,,,,,,,,,,,,,,,,,,,,,,,,
B.Maxwell,00-0028111,no,PHI,CB,2,0,0,0,6,,,,,,,,,,,,,,,,,,,,,,,,,,,,,,,,,,,,,,,,,,,,,,,,,,
V.Curry,00-0029412,no,PHI,DE,0,0,0,0,1,,,,,,,,,,,,,,,,,,,,,,,,,,,,,,,,,,,,,,,,,,,,,,,,,,
B.Bair,00-0028311,no,PHI,DE,1,0,0,0,3,,,,,,,,,,,,,,,,,,,,,,,,,,,,,,,,,,,,,,,,,,,,,,,,,,
B.Allen,00-0031089,no,PHI,DT,1,0,0,0,0,,,,,,,,,,,,,,,,,,,,,,,,,,,,,,,,,,,,,,,,,,,,,,,,,,
D.Ryans,00-0024248,no,PHI,ILB,1,0,0,0,2,,,,,,,,,,,,,,,,,,,,,,,,,,,,,,,,,,,,,,,,,,,,,,,,,,
C.Barwin,00-0027022,no,PHI,OLB,0,0,0,1,4,,,,,,,,,,,,,,,,,,,,,,,,,,,,,,,,,,,,,,,,,,,,,,,,,,
M.Jenkins,00-0026990,no,PHI,FS,1,2,0,0,5,,,,,,,,,,,,,,,,,,,,,,,,,,,,,,,,,,,,,,,,,,,,,,,,,,
B.Graham,00-0027865,no,PHI,OLB,2,0,0,0,1,,,,,,,,,,,,,,,,,,,,,,,,,,,,,,,,,,,,,,,,,,,,,,,,,,
W.Thurmond,00-0027711,no,PHI,SS,2,0,1,0,2,,,,,,,,,,,,,,,,,,,,,,,,,,,,,,,,,,,,,,,,,,,,,,,,,,
F.Cox,00-0029653,no,PHI,DE,3,0,0,0,0,,,,,,,,,,,,,,,,,,,,,,,,,,,,,,,,,,,,,,,,,,,,,,,,,,
B.Logan,00-0030507,no,PHI,NT,1,0,0,0,2,,,,,,,,,,,,,,,,,,,,,,,,,,,,,,,,,,,,,,,,,,,,,,,,,,
N.Carroll,00-0027744,no,PHI,CB,2,0,0,0,2,,,,,,,,,,,,,,,,,,,,,,,,,,,,,,,,,,,,,,,,,,,,,,,,,,
E.Rowe,00-0031555,no,PHI,CB,0,0,1,0,1,,,,,,,,,,,,,,,,,,,,,,,,,,,,,,,,,,,,,,,,,,,,,,,,,,
R.Mallett,00-0028012,yes,HOU,QB,,,,,,,,,,,,,,,,,,,,,,,,,39,24,1,1,0,0,228,,,,,,,,,,,,,,,,,,1,-1,0,0,0,0,-1
J.Prosch,00-0031085,yes,HOU,FB,,,,,,,,,,,,,,,,,,,,,,,,,,,,,,,,,,,,,,,,,,,,,,,,,3,16,0,0,0,0,24
A.Blue,00-0031075,yes,HOU,RB,,,,,,0,0,1,0,0,,,,,,,,,,,,,,,,,,,,,,,,,,,,,,,,,,,,,,,31,20,20,1,0,0,139
J.Grimes,00-0029510,yes,HOU,RB,,,,,,,,,,,,,,,,,,,,,,,,,,,,,,,,,,,,,,,,,,9,0,4,0,0,0,19,6,7,0,0,0,0,19
C.Polk,00-0029438,yes,HOU,RB,,,,,,,,,,,,,,,,,,,,,,,,,,,,,,,,,,,,,,,,,,,,,,,,,5,6,0,0,0,0,5
N.Washington,00-0023367,yes,HOU,WR,,,,,,,,,,,,,,,,,,,,,,,,,,,,,,,,,,,,,,,,,,14,0,4,0,0,0,42,,,,,,,
C.Shorts,00-0028052,yes,HOU,WR,,,,,,,,,,,,,,,,,,,,,,,,,,,,,,,,,,,,,4,8,0,2,0,18,0,6,0,0,0,58,,,,,,,
D.Hopkins,00-0030564,yes,HOU,WR,,,,,,,,,,,,,,,,,,,,,,,,,,,,,,,,,,,,,,,,,,29,5,8,1,0,0,101,,,,,,,
C.Worthy,00-0031932,yes,HOU,WR,,,,,,0,0,1,0,0,,,,,,,,,,,,,,,,,,,,,,,,,,,3,7,0,3,0,-1,0,1,0,0,0,-1,,,,,,,
G.Graham,00-0027718,yes,HOU,TE,,,,,,,,,,,,,,,,,,,,,,,,,,,,,,,,,,,,,,,,,,9,0,1,0,0,0,9,,,,,,,
C.Clark,00-0025900,yes,HOU,T,,,,,,0,1,0,1,0,,,,,,,,,,,,,,,,,,,,,,,,,,,,,,,,,,,,,,,,,,,,,
W.Mercilus,00-0029643,yes,HOU,OLB,1,0,0,0,1,0,1,0,1,0,,,,,,,,,,,,,,,,,,,,,,,,,,,,,,,,,,,,,,,,,,,,,
R.Bullock,00-0029421,yes,HOU,,,,,,,,,,,,3,2,39,6,2,0,1,1,1,,,,,,,,,,,,,,,,,,,,,,,,,,,,,,,,,,,,
S.Lechler,00-0019714,yes,HOU,P,,,,,,,,,,,,,,,,,,,,,,,,,,,,,,,,33,3,54,6,266,,,,,,,,,,,,,,,,,,,
Q.Demps,00-0026257,yes,HOU,SS,0,0,1,0,4,,,,,,,,,,,,,,,23,23,0,2,0,,,,,,,,,,,,,,,,,,,,,,,,,,,,,,,
V.Wilfork,00-0022712,yes,HOU,NT,2,0,0,0,0,,,,,,,,,,,,,,,,,,,,,,,,,,,,,,,,,,,,,,,,,,,,,,,,,,
J.Joseph,00-0024239,yes,HOU,CB,1,0,0,0,2,,,,,,,,,,,,,,,,,,,,,,,,,,,,,,,,,,,,,,,,,,,,,,,,,,
J.Tuggle,00-0030246,yes,HOU,ILB,0,0,0,0,2,,,,,,,,,,,,,,,,,,,,,,,,,,,,,,,,,,,,,,,,,,,,,,,,,,
E.Pleasant,00-0029520,yes,HOU,DB,1,0,0,0,1,,,,,,,,,,,,,,,,,,,,,,,,,,,,,,,,,,,,,,,,,,,,,,,,,,
J.Clowney,00-0031364,yes,HOU,OLB,1,0,0,0,1,,,,,,,,,,,,,,,,,,,,,,,,,,,,,,,,,,,,,,,,,,,,,,,,,,
K.Johnson,00-0031548,yes,HOU,CB,1,0,0,0,2,,,,,,,,,,,,,,,,,,,,,,,,,,,,,,,,,,,,,,,,,,,,,,,,,,
C.Covington,00-0031619,yes,HOU,DT,0,0,0,0,1,,,,,,,,,,,,,,,,,,,,,,,,,,,,,,,,,,,,,,,,,,,,,,,,,,
B.Cushing,00-0026991,yes,HOU,ILB,2,0,0,0,3,,,,,,,,,,,,,,,,,,,,,,,,,,,,,,,,,,,,,,,,,,,,,,,,,,
R.Moore,00-0027983,yes,HOU,FS,0,0,0,0,2,,,,,,,,,,,,,,,,,,,,,,,,,,,,,,,,,,,,,,,,,,,,,,,,,,
K.Jackson,00-0027872,yes,HOU,CB,0,0,0,0,6,,,,,,,,,,,,,,,,,,,,,,,,,,,,,,,,,,,,,,,,,,,,,,,,,,
J.Crick,00-0029417,yes,HOU,DE,0,0,0,0,1,,,,,,,,,,,,,,,,,,,,,,,,,,,,,,,,,,,,,,,,,,,,,,,,,,
B.McKinney,00-0031553,yes,HOU,ILB,1,0,0,0,1,,,,,,,,,,,,,,,,,,,,,,,,,,,,,,,,,,,,,,,,,,,,,,,,,,
J.Simon,00-0030442,yes,HOU,OLB,0,0,0,0,1,,,,,,,,,,,,,,,,,,,,,,,,,,,,,,,,,,,,,,,,,,,,,,,,,,
J.Watt,00-0027949,yes,HOU,DE,3,0,0,0,2,,,,,,,,,,,,,,,,,,,,,,,,,,,,,,,,,,,,,,,,,,,,,,,,,,
J.Winston,00-0031503,no,TB,QB,,,,,,,,,,,,,,,,,,,,,,,,,36,17,1,1,0,0,261,,,,,,,,,,,,,,,,,,,,,,,,
C.Sims,00-0031390,no,TB,RB,,,,,,,,,,,,,,,,,,,,,,,,,,,,,,,,,,,,,,,,,,32,32,2,1,0,0,41,6,9,0,0,0,0,11
D.Martin,00-0029613,no,TB,RB,,,,,,,,,,,,,,,,,,,,,,,,,,,,,,,,,,,,,,,,,,,,,,,,,14,17,0,0,0,0,46
M.Evans,00-0031408,no,TB,WR,,,,,,,,,,,,,,,,,,,,,,,,,,,,,,,,,,,,,,,,,,20,0,7,0,0,0,101,,,,,,,
L.Murphy,00-0027089,no,TB,WR,,,,,,,,,,,,,,,,,,,,,,,,,,,,,,,,,,,,,,,,,,33,0,3,0,0,0,61,,,,,,,
V.Jackson,00-0023496,no,TB,WR,,,,,,,,,,,,,,,,,,,,,,,,,,,,,,,,,,,,,,,,,,21,0,2,0,0,0,40,,,,,,,
B.Myers,00-0027135,no,TB,TE,,,,,,,,,,,,,,,,,,,,,,,,,,,,,,,,,,,,,,,,,,10,0,3,0,0,0,18,,,,,,,
B.Rainey,00-0029384,no,TB,RB,,,,,,0,2,2,2,0,,,,,,,,,,27,27,0,1,0,,,,,,,,,,,,,9,23,0,5,0,,,,,,,,,,,,,,
K.Brindza,00-0031656,no,TB,,,,,,,,,,,,4,1,58,3,1,0,0,1,0,,,,,,,,,,,,,,,,,,,,,,,,,,,,,,,,,,,,
J.Schum,00-0029739,no,TB,P,,,,,,,,,,,,,,,,,,,,,,,,,,,,,,,,42,3,55,7,312,,,,,,,,,,,,,,,,,,,
G.Johnson,00-0027495,no,TB,DE,0,0,0,0,2,,,,,,,,,,,,,,,,,,,,,,,,,,,,,,,,,,,,,,,,,,,,,,,,,,
T.McDaniel,00-0024102,no,TB,DT,1,0,0,0,1,,,,,,,,,,,,,,,,,,,,,,,,,,,,,,,,,,,,,,,,,,,,,,,,,,
W.Gholston,00-0030386,no,TB,DE,2,0,0,0,2,,,,,,,,,,,,,,,,,,,,,,,,,,,,,,,,,,,,,,,,,,,,,,,,,,
S.Moore,00-0028767,no,TB,DB,5,0,0,0,4,,,,,,,,,,,,,,,,,,,,,,,,,,,,,,,,,,,,,,,,,,,,,,,,,,
C.McDonald,00-0026964,no,TB,DT,4,0,0,0,4,,,,,,,,,,,,,,,,,,,,,,,,,,,,,,,,,,,,,,,,,,,,,,,,,,
C.Conte,00-0028031,no,TB,SS,2,0,0,0,7,,,,,,,,,,,,,,,,,,,,,,,,,,,,,,,,,,,,,,,,,,,,,,,,,,
K.Alexander,00-0032109,no,TB,MLB,5,0,1,0,5,,,,,,,,,,,,,,,,,,,,,,,,,,,,,,,,,,,,,,,,,,,,,,,,,,
L.David,00-0029562,no,TB,OLB,11,0,0,0,3,,,,,,,,,,,,,,,,,,,,,,,,,,,,,,,,,,,,,,,,,,,,,,,,,,
A.Verner,00-0027705,no,TB,CB,0,0,0,0,1,,,,,,,,,,,,,,,,,,,,,,,,,,,,,,,,,,,,,,,,,,,,,,,,,,
K.Tandy,00-0029422,no,TB,FS,1,0,0,0,0,,,,,,,,,,,,,,,,,,,,,,,,,,,,,,,,,,,,,,,,,,,,,,,,,,
M.Jenkins,00-0026165,no,TB,CB,0,0,0,0,2,,,,,,,,,,,,,,,,,,,,,,,,,,,,,,,,,,,,,,,,,,,,,,,,,,
G.McCoy,00-0027856,no,TB,DT,1,0,0,0,1,,,,,,,,,,,,,,,,,,,,,,,,,,,,,,,,,,,,,,,,,,,,,,,,,,
B.McDougald,00-0030161,no,TB,FS,6,0,0,0,3,,,,,,,,,,,,,,,,,,,,,,,,,,,,,,,,,,,,,,,,,,,,,,,,,,
J.Smith,00-0029112,no,TB,DE,1,0,0,0,4,,,,,,,,,,,,,,,,,,,,,,,,,,,,,,,,,,,,,,,,,,,,,,,,,,
H.Melton,00-0026905,no,TB,DT,2,0,0,1,1,,,,,,,,,,,,,,,,,,,,,,,,,,,,,,,,,,,,,,,,,,,,,,,,,,
B.Carter,00-0027978,no,TB,LB,1,0,0,0,2,,,,,,,,,,,,,,,,,,,,,,,,,,,,,,,,,,,,,,,,,,,,,,,,,,
J.Banks,00-0030469,no,TB,CB,2,0,0,0,0,,,,,,,,,,,,,,,,,,,,,,,,,,,,,,,,,,,,,,,,,,,,,,,,,,
D.Swearinger,00-0030566,no,TB,DB,2,0,0,0,4,,,,,,,,,,,,,,,,,,,,,,,,,,,,,,,,,,,,,,,,,,,,,,,,,,
T.Jennings,00-0024277,no,TB,CB,1,0,0,0,4,,,,,,,,,,,,,,,,,,,,,,,,,,,,,,,,,,,,,,,,,,,,,,,,,,
T.Bridgewater,00-0031237,yes,MIN,QB,,,,,,,,,,,,,,,,,,,,,,,,,24,13,1,0,0,0,121,,,,,,,,,,,,,,,,,,1,-1,0,0,0,0,-1
J.McKinnon,00-0031376,yes,MIN,RB,,,,,,,,,,,,,,,,,,,,,,,,,,,,,,,,,,,,,,,,,,,,,,,,,6,9,0,0,0,0,18
Z.Line,00-0029931,yes,MIN,FB,,,,,,,,,,,,,,,,,,,,,,,,,,,,,,,,,,,,,,,,,,,,,,,,,1,1,1,1,0,0,1
C.Patterson,00-0030578,yes,MIN,WR,,,,,,,,,,,,,,,,,,,,26,32,0,2,0,,,,,,,,,,,,,,,,,,,,,,,,,1,9,0,0,0,0,9
A.Peterson,00-0025394,yes,MIN,RB,,,,,,,,,,,,,,,,,,,,,,,,,,,,,,,,,,,,,,,,,,,,,,,,,20,43,43,2,0,0,126
M.Asiata,00-0028198,yes,MIN,RB,,,,,,,,,,,,,,,,,,,,,,,,,,,,,,,,,,,,,,,,,,6,0,2,0,0,0,5,2,8,0,0,0,0,10
M.Wallace,00-0026901,yes,MIN,WR,,,,,,,,,,,,,,,,,,,,,,,,,,,,,,,,,,,,,,,,,,19,0,3,0,0,0,49,,,,,,,
K.Rudolph,00-0027981,yes,MIN,TE,,,,,,,,,,,,,,,,,,,,,,,,,,,,,,,,,,,,,,,,,,10,0,2,0,0,0,14,,,,,,,
J.Wright,00-0029572,yes,MIN,WR,,,,,,,,,,,,,,,,,,,,,,,,,,,,,,,,,,,,,,,,,,17,0,3,0,0,0,28,,,,,,,
A.Thielen,00-0030035,yes,MIN,WR,,,,,,,,,,,,,,,,,,,,,,,,,,,,,,,,,,,,,,,,,,11,0,2,0,0,0,16,,,,,,,
C.Johnson,00-0030113,yes,MIN,WR,,,,,,,,,,,,,,,,,,,,,,,,,,,,,,,,,,,,,,,,,,9,0,1,0,0,0,9,,,,,,,
C.Munnerlyn,00-0026944,yes,MIN,CB,0,0,0,0,1,0,0,0,1,0,,,,,,,,,,,,,,,,,,,,,,,,,,,,,,,,,,,,,,,,,,,,,
B.Walsh,00-0029576,yes,MIN,K,,,,,,,,,,,1,1,24,3,4,0,4,0,4,,,,,,,,,,,,,,,,,,,,,,,,,,,,,,,,,,,,
J.Locke,00-0030405,yes,MIN,P,,,,,,,,,,,,,,,,,,,,,,,,,,,,,,,,41,2,60,4,165,,,,,,,,,,,,,,,,,,,
M.Sherels,00-0027547,yes,MIN,CB,,,,,,,,,,,,,,,,,,,,,,,,,,,,,,,,,,,,,12,20,0,3,0,,,,,,,,,,,,,,
H.Smith,00-0029606,yes,MIN,FS,3,0,0,0,5,,,,,,,,,,,,,,,,,,,,,,,,,,,,,,,,,,,,,,,,,,,,,,,,,,
G.Hodges,00-0030385,yes,MIN,MLB,1,0,0,0,3,,,,,,,,,,,,,,,,,,,,,,,,,,,,,,,,,,,,,,,,,,,,,,,,,,
T.Waynes,00-0031546,yes,MIN,CB,1,0,0,0,4,,,,,,,,,,,,,,,,,,,,,,,,,,,,,,,,,,,,,,,,,,,,,,,,,,
S.Crichton,00-0031283,yes,MIN,DE,0,0,0,0,2,,,,,,,,,,,,,,,,,,,,,,,,,,,,,,,,,,,,,,,,,,,,,,,,,,
S.Stephen,00-0031242,yes,MIN,DT,1,0,0,0,1,,,,,,,,,,,,,,,,,,,,,,,,,,,,,,,,,,,,,,,,,,,,,,,,,,
B.Robison,00-0025489,yes,MIN,DE,0,0,0,0,2,,,,,,,,,,,,,,,,,,,,,,,,,,,,,,,,,,,,,,,,,,,,,,,,,,
A.Barr,00-0031256,yes,MIN,OLB,0,1,0,1,6,,,,,,,,,,,,,,,,,,,,,,,,,,,,,,,,,,,,,,,,,,,,,,,,,,
T.Johnson,00-0024030,yes,MIN,DT,1,0,0,1,1,,,,,,,,,,,,,,,,,,,,,,,,,,,,,,,,,,,,,,,,,,,,,,,,,,
C.Greenway,00-0024232,yes,MIN,OLB,0,0,1,0,1,,,,,,,,,,,,,,,,,,,,,,,,,,,,,,,,,,,,,,,,,,,,,,,,,,
L.Joseph,00-0027885,yes,MIN,DT,0,0,0,0,2,,,,,,,,,,,,,,,,,,,,,,,,,,,,,,,,,,,,,,,,,,,,,,,,,,
R.Blanton,00-0029575,yes,MIN,SS,0,0,0,0,1,,,,,,,,,,,,,,,,,,,,,,,,,,,,,,,,,,,,,,,,,,,,,,,,,,
T.Newman,00-0022045,yes,MIN,CB,0,0,0,0,4,,,,,,,,,,,,,,,,,,,,,,,,,,,,,,,,,,,,,,,,,,,,,,,,,,
A.Exum,00-0031267,yes,MIN,CB,0,0,0,0,1,,,,,,,,,,,,,,,,,,,,,,,,,,,,,,,,,,,,,,,,,,,,,,,,,,
A.Sendejo,00-0027914,yes,MIN,SS,1,0,0,0,3,,,,,,,,,,,,,,,,,,,,,,,,,,,,,,,,,,,,,,,,,,,,,,,,,,
E.Griffen,00-0027701,yes,MIN,DE,2,0,0,1.5,4,,,,,,,,,,,,,,,,,,,,,,,,,,,,,,,,,,,,,,,,,,,,,,,,,,
S.Floyd,00-0030574,yes,MIN,DT,2,0,0,0.5,1,,,,,,,,,,,,,,,,,,,,,,,,,,,,,,,,,,,,,,,,,,,,,,,,,,
X.Rhodes,00-0030575,yes,MIN,CB,0,0,0,0,3,,,,,,,,,,,,,,,,,,,,,,,,,,,,,,,,,,,,,,,,,,,,,,,,,,
E.Kendricks,00-0031554,yes,MIN,ILB,0,0,0,0,9,,,,,,,,,,,,,,,,,,,,,,,,,,,,,,,,,,,,,,,,,,,,,,,,,,
P.Rivers,00-0022942,no,SD,QB,,,,,,1,0,1,0,0,,,,,,,,,,,,,,,34,21,1,1,0,0,246,,,,,,,,,,,,,,,,,,,,,,,,
K.Clemens,00-0024264,no,SD,QB,,,,,,,,,,,,,,,,,,,,,,,,,6,5,0,1,0,0,63,,,,,,,,,,,,,,,,,,,,,,,,
M.Gordon,00-0032144,no,SD,RB,,,,,,,,,,,,,,,,,,,,,,,,,,,,,,,,,,,,,,,,,,,,,,,,,14,13,0,0,0,0,51
D.Woodhead,00-0026019,no,SD,RB,,,,,,,,,,,,,,,,,,,,,,,,,,,,,,,,,,,,,,,,,,22,0,3,0,0,0,32,5,7,0,0,0,0,11
D.Johnson,00-0026957,no,SD,TE,,,,,,,,,,,,,,,,,,,,,,,,,,,,,,,,,,,,,,,,,,,,,,,,,1,2,0,0,0,0,2
B.Oliver,00-0031277,no,SD,RB,,,,,,,,,,,,,,,,,,,,19,19,0,1,0,,,,,,,,,,,,,,,,,,,,,,,,,8,6,0,0,0,0,26
S.Johnson,00-0026364,no,SD,WR,,,,,,,,,,,,,,,,,,,,,,,,,,,,,,,,,,,,,,,,,,30,0,3,0,0,0,46,,,,,,,
J.Phillips,00-0027139,no,SD,TE,,,,,,,,,,,,,,,,,,,,,,,,,,,,,,,,,,,,,,,,,,15,0,4,0,0,0,35,,,,,,,
K.Allen,00-0030279,no,SD,WR,,,,,,,,,,,,,,,,,,,,,,,,,,,,,,,,,,,,,0,0,0,1,0,34,34,12,2,0,0,133,,,,,,,
M.Floyd,00-0022414,no,SD,WR,,,,,,,,,,,,,,,,,,,,,,,,,,,,,,,,,,,,,,,,,,39,0,4,0,0,0,63,,,,,,,
J.Lambo,00-0032087,no,SD,K,,,,,,,,,,,0,0,0,0,2,0,2,0,2,,,,,,,,,,,,,,,,,,,,,,,,,,,,,,,,,,,,
M.Scifres,00-0022017,no,SD,P,,,,,,,,,,,,,,,,,,,,,,,,,,,,,,,,38,2,68,6,263,,,,,,,,,,,,,,,,,,,
J.Wilson,00-0028173,no,SD,SS,1,0,0,0,3,,,,,,,,,,,,,,,,,,,,,,,,,,,,,,,,,,,,,,,,,,,,,,,,,,
E.Weddle,00-0025424,no,SD,FS,2,0,0,0,6,,,,,,,,,,,,,,,,,,,,,,,,,,,,,,,,,,,,,,,,,,,,,,,,,,
J.Verrett,00-0031334,no,SD,CB,0,0,0,0,1,,,,,,,,,,,,,,,,,,,,,,,,,,,,,,,,,,,,,,,,,,,,,,,,,,
J.Attaochu,00-0031258,no,SD,OLB,0,0,0,0,3,,,,,,,,,,,,,,,,,,,,,,,,,,,,,,,,,,,,,,,,,,,,,,,,,,
M.Te'o,00-0030278,no,SD,ILB,2,0,0,0,3,,,,,,,,,,,,,,,,,,,,,,,,,,,,,,,,,,,,,,,,,,,,,,,,,,
D.Butler,00-0027682,no,SD,ILB,3,0,0,0,1,,,,,,,,,,,,,,,,,,,,,,,,,,,,,,,,,,,,,,,,,,,,,,,,,,
K.Emanuel,00-0032110,no,SD,OLB,0,0,0,0,1,,,,,,,,,,,,,,,,,,,,,,,,,,,,,,,,,,,,,,,,,,,,,,,,,,
A.Phillips,00-0031404,no,SD,DB,0,0,0,0,1,,,,,,,,,,,,,,,,,,,,,,,,,,,,,,,,,,,,,,,,,,,,,,,,,,
S.Williams,00-0030283,no,SD,CB,0,0,1,0,2,,,,,,,,,,,,,,,,,,,,,,,,,,,,,,,,,,,,,,,,,,,,,,,,,,
C.Liuget,00-0027956,no,SD,DE,1,0,0,0,2,,,,,,,,,,,,,,,,,,,,,,,,,,,,,,,,,,,,,,,,,,,,,,,,,,
M.Ingram,00-0029249,no,SD,OLB,1,0,0,0,6,,,,,,,,,,,,,,,,,,,,,,,,,,,,,,,,,,,,,,,,,,,,,,,,,,
P.Robinson,00-0027882,no,SD,CB,1,0,0,0,4,,,,,,,,,,,,,,,,,,,,,,,,,,,,,,,,,,,,,,,,,,,,,,,,,,
K.Reyes,00-0029256,no,SD,DE,0,0,0,0,3,,,,,,,,,,,,,,,,,,,,,,,,,,,,,,,,,,,,,,,,,,,,,,,,,,
C.Law,00-0029390,no,SD,LB,0,0,0,0,1,,,,,,,,,,,,,,,,,,,,,,,,,,,,,,,,,,,,,,,,,,,,,,,,,,
J.Hekker,00-0028872,yes,STL,P,,,,,,,,,,,,,,,,,,,,,,,,,1,0,0,0,0,0,0,38,2,50,4,170,,,,,,,,,,,,,,,,,,,
N.Foles,00-0029567,yes,STL,QB,,,,,,,,,,,,,,,,,,,,,,,,,28,19,1,0,0,0,197,,,,,,,,,,,,,,,,,,1,10,0,0,0,0,10
C.Givens,00-0029614,yes,STL,WR,,,,,,,,,,,,,,,,,,,,,,,,,,,,,,,,,,,,,,,,,,,,,,,,,1,24,0,0,0,0,24
T.Mason,00-0031391,yes,STL,RB,,,,,,,,,,,,,,,,,,,,,,,,,,,,,,,,,,,,,,,,,,15,0,1,0,0,0,15,9,7,0,0,0,0,16
B.Cunningham,00-0029795,yes,STL,RB,,,,,,,,,,,,,,,,,,,,24,26,0,2,0,,,,,,,,,,,,,,,,,,12,0,2,0,0,0,18,1,12,0,0,0,0,12
T.Gurley,00-0032241,yes,STL,RB,,,,,,,,,,,,,,,,,,,,,,,,,,,,,,,,,,,,,,,,,,5,0,1,0,0,0,5,6,4,0,0,0,0,9
T.Austin,00-0030525,yes,STL,WR,,,,,,,,,,,,,,,,,,,,,,,,,,,,,,,,,,,,,10,20,0,3,0,12,0,5,0,0,0,38,,,,,,,
K.Britt,00-0027006,yes,STL,WR,,,,,,,,,,,,,,,,,,,,,,,,,,,,,,,,,,,,,,,,,,26,0,7,0,0,0,102,,,,,,,
L.Kendricks,00-0027985,yes,STL,TE,,,,,,,,,,,,,,,,,,,,,,,,,,,,,,,,,,,,,,,,,,7,0,2,0,0,0,12,,,,,,,
J.Cook,00-0027061,yes,STL,TE,,,,,,,,,,,,,,,,,,,,,,,,,,,,,,,,,,,,,,,,,,7,0,1,0,0,0,7,,,,,,,
G.Zuerlein,00-0029621,yes,STL,K,,,,,,,,,,,2,2,49,6,0,0,0,0,0,,,,,,,,,,,,,,,,,,,,,,,,,,,,,,,,,,,,
T.McDonald,00-0030530,yes,STL,SS,3,0,0,0,5,,,,,,,,,,,,,,,,,,,,,,,,,,,,,,,,,,,,,,,,,,,,,,,,,,
M.Barron,00-0029670,yes,STL,SS,3,0,0,1,1,,,,,,,,,,,,,,,,,,,,,,,,,,,,,,,,,,,,,,,,,,,,,,,,,,
A.Donald,00-0031388,yes,STL,DT,1,0,0,1,3,,,,,,,,,,,,,,,,,,,,,,,,,,,,,,,,,,,,,,,,,,,,,,,,,,
A.Ogletree,00-0030527,yes,STL,OLB,4,0,0,2,5,,,,,,,,,,,,,,,,,,,,,,,,,,,,,,,,,,,,,,,,,,,,,,,,,,
L.Joyner,00-0031389,yes,STL,CB,2,0,0,0,3,,,,,,,,,,,,,,,,,,,,,,,,,,,,,,,,,,,,,,,,,,,,,,,,,,
J.Laurinaitis,00-0027011,yes,STL,MLB,4,0,0,0,4,,,,,,,,,,,,,,,,,,,,,,,,,,,,,,,,,,,,,,,,,,,,,,,,,,
T.Johnson,00-0029690,yes,STL,CB,1,0,0,0,2,,,,,,,,,,,,,,,,,,,,,,,,,,,,,,,,,,,,,,,,,,,,,,,,,,
J.Jenkins,00-0029681,yes,STL,CB,3,0,1,0,6,,,,,,,,,,,,,,,,,,,,,,,,,,,,,,,,,,,,,,,,,,,,,,,,,,
R.McLeod,00-0028899,yes,STL,FS,3,0,0,0,4,,,,,,,,,,,,,,,,,,,,,,,,,,,,,,,,,,,,,,,,,,,,,,,,,,
R.Quinn,00-0027952,yes,STL,DE,0,1,0,1,1,,,,,,,,,,,,,,,,,,,,,,,,,,,,,,,,,,,,,,,,,,,,,,,,,,
E.Westbrooks,00-0030986,yes,STL,DT,1,0,0,0,1,,,,,,,,,,,,,,,,,,,,,,,,,,,,,,,,,,,,,,,,,,,,,,,,,,
M.Brockers,00-0029630,yes,STL,DT,1,0,0,0,2,,,,,,,,,,,,,,,,,,,,,,,,,,,,,,,,,,,,,,,,,,,,,,,,,,
M.Vick,00-0020245,no,PIT,QB,,,,,,0,0,1,0,0,,,,,,,,,,,,,,,6,5,0,0,0,0,38,,,,,,,,,,,,,,,,,,2,-1,0,0,0,0,-2
B.Roethlisberger,00-0022924,no,PIT,QB,,,,,,,,,,,,,,,,,,,,,,,,,24,20,1,0,1,0,192,,,,,,,,,,,,,,,,,,,,,,,,
De.Williams,00-0024242,no,PIT,RB,,,,,,,,,,,,,,,,,,,,,,,,,,,,,,,,,,,,,,,,,,,,,,,,,1,2,0,0,0,0,2
L.Bell,00-0030496,no,PIT,RB,,,,,,0,1,0,1,0,,,,,,,,,,,,,,,,,,,,,,,,,,,,,,,,20,0,7,0,0,0,70,19,23,1,1,0,0,62
M.Wheaton,00-0030460,no,PIT,WR,,,,,,,,,,,,,,,,,,,,,,,,,,,,,,,,,,,,,,,,,,12,0,2,0,0,0,16,,,,,,,
D.Heyward-Bey,00-0026983,no,PIT,WR,,,,,,,,,,,,,,,,,,,,,,,,,,,,,,,,,,,,,,,,,,7,0,3,0,1,0,19,,,,,,,
A.Brown,00-0027793,no,PIT,WR,,,,,,,,,,,,,,,,,,,,,,,,,,,,,,,,,,,,,,,,,,19,0,11,0,0,0,108,,,,,,,
H.Miller,00-0023465,no,PIT,TE,,,,,,,,,,,,,,,,,,,,,,,,,,,,,,,,,,,,,,,,,,9,0,2,0,0,0,17,,,,,,,
J.Scobee,00-0022874,no,PIT,,,,,,,,,,,,2,2,41,6,0,0,0,0,0,,,,,,,,,,,,,,,,,,,,,,,,,,,,,,,,,,,,
J.Berry,00-0031502,no,PIT,P,,,,,,,,,,,,,,,,,,,,,,,,,,,,,,,,41,2,57,4,196,,,,,,,,,,,,,,,,,,,
J.Todman,00-0028121,no,PIT,RB,,,,,,,,,,,,,,,,,,,,22,22,0,1,0,,,,,,,,,,,,,,,,,,,,,,,,,,,,,,,
S.Spence,00-0029594,no,PIT,ILB,3,0,0,0,2,,,,,,,,,,,,,,,,,,,,,,,,,,,,,,,,,,,,,,,,,,,,,,,,,,
A.Blake,00-0029050,no,PIT,CB,1,0,0,0,1,,,,,,,,,,,,,,,,,,,,,,,,,,,,,,,,,,,,,,,,,,,,,,,,,,
S.Tuitt,00-0031412,no,PIT,DE,1,0,0,1,5,,,,,,,,,,,,,,,,,,,,,,,,,,,,,,,,,,,,,,,,,,,,,,,,,,
W.Gay,00-0025557,no,PIT,CB,2,0,0,0,3,,,,,,,,,,,,,,,,,,,,,,,,,,,,,,,,,,,,,,,,,,,,,,,,,,
J.Harrison,00-0020712,no,PIT,OLB,2,0,0,0,0,,,,,,,,,,,,,,,,,,,,,,,,,,,,,,,,,,,,,,,,,,,,,,,,,,
M.Mitchell,00-0027023,no,PIT,FS,1,0,0,0,4,,,,,,,,,,,,,,,,,,,,,,,,,,,,,,,,,,,,,,,,,,,,,,,,,,
J.Jones,00-0030499,no,PIT,OLB,1,0,0,0,1,,,,,,,,,,,,,,,,,,,,,,,,,,,,,,,,,,,,,,,,,,,,,,,,,,
R.Cockrell,00-0031016,no,PIT,DB,2,0,0,0,0,,,,,,,,,,,,,,,,,,,,,,,,,,,,,,,,,,,,,,,,,,,,,,,,,,
S.McLendon,00-0026564,no,PIT,NT,0,0,0,0,2,,,,,,,,,,,,,,,,,,,,,,,,,,,,,,,,,,,,,,,,,,,,,,,,,,
B.Dupree,00-0032146,no,PIT,LB,2,0,0,0,0,,,,,,,,,,,,,,,,,,,,,,,,,,,,,,,,,,,,,,,,,,,,,,,,,,
R.Golden,00-0028954,no,PIT,SAF,1,0,0,0,0,,,,,,,,,,,,,,,,,,,,,,,,,,,,,,,,,,,,,,,,,,,,,,,,,,
C.Heyward,00-0027969,no,PIT,DE,1,0,0,0,0,,,,,,,,,,,,,,,,,,,,,,,,,,,,,,,,,,,,,,,,,,,,,,,,,,
L.Timmons,00-0025402,no,PIT,ILB,5,0,0,0,2,,,,,,,,,,,,,,,,,,,,,,,,,,,,,,,,,,,,,,,,,,,,,,,,,,
A.Moats,00-0027777,no,PIT,OLB,1,0,0,1,1,,,,,,,,,,,,,,,,,,,,,,,,,,,,,,,,,,,,,,,,,,,,,,,,,,
W.Allen,00-0022900,no,PIT,SS,3,0,1,0,4,,,,,,,,,,,,,,,,,,,,,,,,,,,,,,,,,,,,,,,,,,,,,,,,,,
V.Williams,00-0030434,no,PIT,ILB,2,0,0,0,0,,,,,,,,,,,,,,,,,,,,,,,,,,,,,,,,,,,,,,,,,,,,,,,,,,
T.Brady,00-0019596,yes,NE,QB,,,,,,,,,,,,,,,,,,,,,,,,,42,33,0,2,0,0,358,,,,,,,,,,,,,,,,,,2,2,0,0,0,0,4
D.Lewis,00-0028087,yes,NE,RB,,,,,,,,,,,,,,,,,,,,,,,,,,,,,,,,,,,,,,,,,,9,0,5,0,0,0,30,8,10,8,1,0,0,37
J.White,00-0031062,yes,NE,RB,,,,,,,,,,,,,,,,,,,,,,,,,,,,,,,,,,,,,,,,,,11,0,4,0,0,0,26,2,5,0,0,0,0,8
L.Blount,00-0027325,yes,NE,RB,,,,,,,,,,,,,,,,,,,,,,,,,,,,,,,,,,,,,,,,,,14,0,1,0,0,0,14,18,22,1,3,0,0,78
J.Garoppolo,00-0031345,yes,NE,QB,,,,,,,,,,,,,,,,,,,,,,,,,,,,,,,,,,,,,,,,,,,,,,,,,2,-1,0,0,0,0,-2
A.Dobson,00-0030540,yes,NE,WR,,,,,,,,,,,,,,,,,,,,,,,,,,,,,,,,,,,,,,,,,,5,0,1,0,0,0,5,,,,,,,
K.Martin,00-0029415,yes,NE,WR,,,,,,,,,,,,,,,,,,,,,,,,,,,,,,,,,,,,,,,,,,13,13,3,1,0,0,33,,,,,,,
D.Amendola,00-0026035,yes,NE,WR,,,,,,,,,,,,,,,,,,,,,,,,,,,,,,,,,,,,,9,9,0,2,0,12,1,5,1,0,0,39,,,,,,,
S.Chandler,00-0025516,yes,NE,TE,,,,,,,,,,,,,,,,,,,,,,,,,,,,,,,,,,,,,,,,,,17,0,2,0,0,0,25,,,,,,,
R.Gronkowski,00-0027656,yes,NE,TE,,,,,,,,,,,,,,,,,,,,,,,,,,,,,,,,,,,,,,,,,,43,0,4,0,0,0,101,,,,,,,
J.Edelman,00-0027150,yes,NE,WR,,,,,,,,,,,,,,,,,,,,,,,,,,,,,,,,,,,,,8,8,0,1,0,19,0,8,0,0,0,85,,,,,,,
S.Gostkowski,00-0024333,yes,NE,K,,,,,,,,,,,3,3,46,9,6,0,6,0,6,,,,,,,,,,,,,,,,,,,,,,,,,,,,,,,,,,,,
L.Ryan,00-0030411,yes,NE,CB,0,0,0,0,4,,,,,,,,,,,,,,,,,,,,,,,,,,,,,,,,,,,,,,,,,,,,,,,,,,
C.Jones,00-0029585,yes,NE,DE,0,0,0,0,2,,,,,,,,,,,,,,,,,,,,,,,,,,,,,,,,,,,,,,,,,,,,,,,,,,
D.Hightower,00-0029669,yes,NE,OLB,0,0,0,0,1,,,,,,,,,,,,,,,,,,,,,,,,,,,,,,,,,,,,,,,,,,,,,,,,,,
J.Mayo,00-0026150,yes,NE,MLB,0,0,0,0,1,,,,,,,,,,,,,,,,,,,,,,,,,,,,,,,,,,,,,,,,,,,,,,,,,,
J.Collins,00-0030421,yes,NE,OLB,1,1,0,1,4,,,,,,,,,,,,,,,,,,,,,,,,,,,,,,,,,,,,,,,,,,,,,,,,,,
D.Easley,00-0031425,yes,NE,DT,1,0,0,0,1,,,,,,,,,,,,,,,,,,,,,,,,,,,,,,,,,,,,,,,,,,,,,,,,,,
A.Branch,00-0025420,yes,NE,DT,0,0,0,0,1,,,,,,,,,,,,,,,,,,,,,,,,,,,,,,,,,,,,,,,,,,,,,,,,,,
P.Chung,00-0027010,yes,NE,SS,0,0,0,0,1,,,,,,,,,,,,,,,,,,,,,,,,,,,,,,,,,,,,,,,,,,,,,,,,,,
M.Slater,00-0026293,yes,NE,WR,0,0,0,0,1,,,,,,,,,,,,,,,,,,,,,,,,,,,,,,,,,,,,,,,,,,,,,,,,,,
R.Ninkovich,00-0024349,yes,NE,DE,0,0,0,0,1,,,,,,,,,,,,,,,,,,,,,,,,,,,,,,,,,,,,,,,,,,,,,,,,,,
D.McCourty,00-0027647,yes,NE,FS,0,0,1,0,1,,,,,,,,,,,,,,,,,,,,,,,,,,,,,,,,,,,,,,,,,,,,,,,,,,
Mal.Butler,00-0031218,yes,NE,CB,0,0,0,0,4,,,,,,,,,,,,,,,,,,,,,,,,,,,,,,,,,,,,,,,,,,,,,,,,,,
J.Richards,00-0031559,yes,NE,SS,0,0,0,0,2,,,,,,,,,,,,,,,,,,,,,,,,,,,,,,,,,,,,,,,,,,,,,,,,,,
S.Siliga,00-0028256,yes,NE,DT,2,0,0,0,1,,,,,,,,,,,,,,,,,,,,,,,,,,,,,,,,,,,,,,,,,,,,,,,,,,
D.Harmon,00-0030383,yes,NE,CB,0,0,0,0,1,,,,,,,,,,,,,,,,,,,,,,,,,,,,,,,,,,,,,,,,,,,,,,,,,,
M.Brown,00-0032261,yes,NE,DT,0,0,0,0,1,,,,,,,,,,,,,,,,,,,,,,,,,,,,,,,,,,,,,,,,,,,,,,,,,,
J.Freeny,00-0028454,yes,NE,LB,1,0,0,0,1,,,,,,,,,,,,,,,,,,,,,,,,,,,,,,,,,,,,,,,,,,,,,,,,,,
J.Sheard,00-0027975,yes,NE,DE,0,0,0,1,2,,,,,,,,,,,,,,,,,,,,,,,,,,,,,,,,,,,,,,,,,,,,,,,,,,
J.Coleman,00-0031796,yes,NE,CB,1,0,0,0,2,,,,,,,,,,,,,,,,,,,,,,,,,,,,,,,,,,,,,,,,,,,,,,,,,,
B.Bortles,00-0031407,no,JAC,QB,,,,,,0,0,1,0,0,,,,,,,,,,,,,,,33,17,1,2,0,0,242,,,,,,,,,,,,,,,,,,3,3,0,0,0,0,7
T.Gerhart,00-0027888,no,JAC,RB,,,,,,0,1,0,1,1,,,,,,,,,,,,,,,,,,,,,,,,,,,,,,,,,,,,,,,3,5,0,0,0,0,10
T.Yeldon,00-0032209,no,JAC,RB,,,,,,,,,,,,,,,,,,,,,,,,,,,,,,,,,,,,,,,,,,9,0,2,0,0,0,9,11,8,0,0,0,0,33
B.Pierce,00-0029264,no,JAC,RB,,,,,,,,,,,,,,,,,,,,,,,,,,,,,,,,,,,,,,,,,,6,0,2,0,0,0,3,1,1,0,0,0,0,1
C.Grant,00-0031731,no,JAC,RB,,,,,,,,,,,,,,,,,,,,20,24,0,2,0,,,,,,,,,,,,,,,,,,8,0,1,0,0,0,8,2,4,0,0,0,0,6
A.Hurns,00-0030821,no,JAC,WR,,,,,,,,,,,,,,,,,,,,,,,,,,,,,,,,,,,,,,,,,,59,59,2,1,0,0,70,,,,,,,
C.Harbor,00-0027725,no,JAC,TE,,,,,,,,,,,,,,,,,,,,,,,,,,,,,,,,,,,,,,,,,,26,6,3,1,0,0,43,,,,,,,
A.Robinson,00-0031428,no,JAC,WR,,,,,,,,,,,,,,,,,,,,,,,,,,,,,,,,,,,,,,,,,,37,0,4,0,0,0,68,,,,,,,
M.Lee,00-0031431,no,JAC,WR,,,,,,,,,,,,,,,,,,,,,,,,,,,,,,,,,,,,,,,,,,13,0,1,0,0,0,13,,,,,,,
B.Walters,00-0027595,no,JAC,WR,,,,,,,,,,,,,,,,,,,,,,,,,,,,,,,,,,,,,,,,,,23,0,2,0,0,0,28,,,,,,,
J.Myers,00-0031492,no,JAC,K,,,,,,,,,,,1,1,40,3,2,0,2,0,2,,,,,,,,,,,,,,,,,,,,,,,,,,,,,,,,,,,,
B.Anger,00-0029692,no,JAC,P,,,,,,,,,,,,,,,,,,,,,,,,,,,,,,,,42,1,57,4,195,,,,,,,,,,,,,,,,,,,
A.Jones,00-0029946,no,JAC,DT,1,0,0,0,0,,,,,,,,,,,,,,,0,0,0,1,0,,,,,,,,,,,,,,,,,,,,,,,,,,,,,,,
D.House,00-0028069,no,JAC,CB,0,0,0,0,4,,,,,,,,,,,,,,,,,,,,,,,,,,,,,,,,,,,,,,,,,,,,,,,,,,
R.Miller,00-0027055,no,JAC,DT,2,0,0,0.5,1,,,,,,,,,,,,,,,,,,,,,,,,,,,,,,,,,,,,,,,,,,,,,,,,,,
D.Skuta,00-0026725,no,JAC,OLB,0,0,0,0,2,,,,,,,,,,,,,,,,,,,,,,,,,,,,,,,,,,,,,,,,,,,,,,,,,,
S.Brown,00-0027232,no,JAC,FS,0,0,0,0,3,,,,,,,,,,,,,,,,,,,,,,,,,,,,,,,,,,,,,,,,,,,,,,,,,,
J.Sample,00-0032108,no,JAC,SS,2,0,0,0,2,,,,,,,,,,,,,,,,,,,,,,,,,,,,,,,,,,,,,,,,,,,,,,,,,,
P.Posluszny,00-0025421,no,JAC,MLB,4,0,0,0,14,,,,,,,,,,,,,,,,,,,,,,,,,,,,,,,,,,,,,,,,,,,,,,,,,,
P.Thompson,00-0028846,no,JAC,DB,0,0,0,0,2,,,,,,,,,,,,,,,,,,,,,,,,,,,,,,,,,,,,,,,,,,,,,,,,,,
T.Smith,00-0031309,no,JAC,OLB,4,0,0,0,7,,,,,,,,,,,,,,,,,,,,,,,,,,,,,,,,,,,,,,,,,,,,,,,,,,
C.Smith,00-0031264,no,JAC,DE,1,0,0,0.5,0,,,,,,,,,,,,,,,,,,,,,,,,,,,,,,,,,,,,,,,,,,,,,,,,,,
T.Alualu,00-0027862,no,JAC,DT,1,0,0,0,0,,,,,,,,,,,,,,,,,,,,,,,,,,,,,,,,,,,,,,,,,,,,,,,,,,
J.Evans,00-0030557,no,JAC,SS,1,0,0,0,5,,,,,,,,,,,,,,,,,,,,,,,,,,,,,,,,,,,,,,,,,,,,,,,,,,
R.Davis,00-0029053,no,JAC,DE,0,0,0,1,1,,,,,,,,,,,,,,,,,,,,,,,,,,,,,,,,,,,,,,,,,,,,,,,,,,
J.Odrick,00-0027878,no,JAC,DE,0,0,0,0,2,,,,,,,,,,,,,,,,,,,,,,,,,,,,,,,,,,,,,,,,,,,,,,,,,,
D.McCray,00-0030451,no,JAC,CB,0,0,0,0,3,,,,,,,,,,,,,,,,,,,,,,,,,,,,,,,,,,,,,,,,,,,,,,,,,,
A.Colvin,00-0031259,no,JAC,CB,0,0,0,0,2,,,,,,,,,,,,,,,,,,,,,,,,,,,,,,,,,,,,,,,,,,,,,,,,,,
J.Flacco,00-0026158,yes,BAL,QB,,,,,,,,,,,,,,,,,,,,,,,,,49,32,1,2,0,0,362,,,,,,,,,,,,,,,,,,,,,,,,
M.Campanaro,00-0031025,yes,BAL,WR,,,,,,,,,,,,,,,,,,,,26,26,0,1,0,,,,,,,,,,,,,17,21,0,2,0,11,0,2,0,0,0,11,1,8,0,0,0,0,8
J.Forsett,00-0026373,yes,BAL,RB,,,,,,,,,,,,,,,,,,,,,,,,,,,,,,,,,,,,,,,,,,8,0,4,0,0,0,16,10,5,0,0,0,0,13
L.Taliaferro,00-0031066,yes,BAL,RB,,,,,,,,,,,,,,,,,,,,,,,,,,,,,,,,,,,,,,,,,,6,0,1,0,0,0,6,3,1,0,0,0,0,0
J.Allen,00-0031577,yes,BAL,RB,,,,,,,,,,,,,,,,,,,,,,,,,,,,,,,,,,,,,,,,,,,,,,,,,3,9,0,0,0,0,12
A.Levine,00-0027539,yes,BAL,CB,,,,,,0,1,1,1,0,,,,,,,,,,,,,,,,,,,,,,,,,,,,,,,,,,,,,,,1,3,0,0,0,0,3
M.Brown,00-0030400,yes,BAL,WR,,,,,,,,,,,,,,,,,,,,,,,,,,,,,,,,,,,,,,,,,,21,0,2,0,0,0,29,,,,,,,
K.Juszczyk,00-0029892,yes,BAL,FB,,,,,,,,,,,,,,,,,,,,,,,,,,,,,,,,,,,,,,,,,,9,0,2,0,0,0,11,,,,,,,
N.Boyle,00-0031598,yes,BAL,TE,,,,,,,,,,,,,,,,,,,,,,,,,,,,,,,,,,,,,,,,,,13,0,2,0,0,0,19,,,,,,,
S.Smith,00-0020337,yes,BAL,WR,,,,,,,,,,,,,,,,,,,,,,,,,,,,,,,,,,,,,,,,,,50,50,13,2,0,0,186,,,,,,,
M.Williams,00-0031558,yes,BAL,TE,,,,,,,,,,,,,,,,,,,,,,,,,,,,,,,,,,,,,,,,,,28,0,3,0,0,0,44,,,,,,,
C.Gillmore,00-0030992,yes,BAL,TE,,,,,,,,,,,,,,,,,,,,,,,,,,,,,,,,,,,,,,,,,,19,0,3,0,0,0,40,,,,,,,
C.Mosley,00-0031296,yes,BAL,ILB,2,0,0,0,4,0,0,0,1,41,,,,,,,,,,,,,,,,,,,,,,,,,,,,,,,,,,,,,,,,,,,,,
J.Tucker,00-0029597,yes,BAL,K,,,,,,,,,,,2,1,21,3,3,0,3,0,3,,,,,,,,,,,,,,,,,,,,,,,,,,,,,,,,,,,,
S.Koch,00-0024417,yes,BAL,P,,,,,,,,,,,,,,,,,,,,,,,,,,,,,,,,37,1,47,4,174,,,,,,,,,,,,,,,,,,,
D.Smith,00-0022839,yes,BAL,ILB,5,0,0,0,2,,,,,,,,,,,,,,,,,,,,,,,,,,,,,,,,,,,,,,,,,,,,,,,,,,
L.Guy,00-0028171,yes,BAL,DE,5,0,0,0,2,,,,,,,,,,,,,,,,,,,,,,,,,,,,,,,,,,,,,,,,,,,,,,,,,,
A.McClellan,00-0027560,yes,BAL,OLB,1,0,0,0,0,,,,,,,,,,,,,,,,,,,,,,,,,,,,,,,,,,,,,,,,,,,,,,,,,,
B.Williams,00-0030511,yes,BAL,NT,4,0,0,0,4,,,,,,,,,,,,,,,,,,,,,,,,,,,,,,,,,,,,,,,,,,,,,,,,,,
K.Arrington,00-0026071,yes,BAL,DB,0,0,0,0,2,,,,,,,,,,,,,,,,,,,,,,,,,,,,,,,,,,,,,,,,,,,,,,,,,,
E.Dumervil,00-0024341,yes,BAL,OLB,0,1,0,1,2,,,,,,,,,,,,,,,,,,,,,,,,,,,,,,,,,,,,,,,,,,,,,,,,,,
Z.Smith,00-0031576,yes,BAL,LB,0,0,0,0,1,,,,,,,,,,,,,,,,,,,,,,,,,,,,,,,,,,,,,,,,,,,,,,,,,,
T.Jernigan,00-0031170,yes,BAL,DE,3,0,0,0,1,,,,,,,,,,,,,,,,,,,,,,,,,,,,,,,,,,,,,,,,,,,,,,,,,,
K.Lewis,00-0027736,yes,BAL,FS,1,0,0,0,0,,,,,,,,,,,,,,,,,,,,,,,,,,,,,,,,,,,,,,,,,,,,,,,,,,
R.Melvin,00-0029901,yes,BAL,CB,0,0,0,0,1,,,,,,,,,,,,,,,,,,,,,,,,,,,,,,,,,,,,,,,,,,,,,,,,,,
J.Smith,00-0027965,yes,BAL,CB,1,0,1,0,3,,,,,,,,,,,,,,,,,,,,,,,,,,,,,,,,,,,,,,,,,,,,,,,,,,
W.Hill,00-0029407,yes,BAL,SS,0,0,0,1,4,,,,,,,,,,,,,,,,,,,,,,,,,,,,,,,,,,,,,,,,,,,,,,,,,,
C.Davis,00-0031938,yes,BAL,DE,1,0,0,0,0,,,,,,,,,,,,,,,,,,,,,,,,,,,,,,,,,,,,,,,,,,,,,,,,,,
T.Brooks,00-0031338,yes,BAL,FS,1,0,0,0,1,,,,,,,,,,,,,,,,,,,,,,,,,,,,,,,,,,,,,,,,,,,,,,,,,,
L.Webb,00-0027060,yes,BAL,CB,2,0,0,0,3,,,,,,,,,,,,,,,,,,,,,,,,,,,,,,,,,,,,,,,,,,,,,,,,,,
C.Upshaw,00-0029252,yes,BAL,OLB,2,0,0,0,1,,,,,,,,,,,,,,,,,,,,,,,,,,,,,,,,,,,,,,,,,,,,,,,,,,
A.Dalton,00-0027973,no,CIN,QB,,,,,,1,0,1,0,0,,,,,,,,,,,,,,,32,20,1,3,0,0,383,,,,,,,,,,,,,,,,,,5,7,7,1,0,0,10
M.Sanu,00-0029632,no,CIN,WR,,,,,,,,,,,,,,,,,,,,,,,,,,,,,,,,,,,,,,,,,,19,0,2,0,0,0,28,1,6,0,0,0,0,6
G.Bernard,00-0030456,no,CIN,RB,,,,,,,,,,,,,,,,,,,,,,,,,,,,,,,,,,,,,,,,,,23,0,3,0,0,0,34,13,7,0,0,0,0,49
J.Hill,00-0031301,no,CIN,RB,,,,,,,,,,,,,,,,,,,,,,,,,,,,,,,,,,,,,,,,,,,,,,,,,12,6,0,0,0,0,21
M.Jones,00-0029293,no,CIN,WR,,,,,,,,,,,,,,,,,,,,,,,,,,,,,,,,,,,,,,,,,,32,16,5,1,0,0,94,,,,,,,
A.Green,00-0027942,no,CIN,WR,,,,,,,,,,,,,,,,,,,,,,,,,,,,,,,,,,,,,,,,,,80,80,10,2,0,0,227,,,,,,,
M.Nugent,00-0023482,no,CIN,K,,,,,,,,,,,0,0,0,0,4,0,4,0,4,,,,,,,,,,,,,,,,,,,,,,,,,,,,,,,,,,,,
K.Huber,00-0027103,no,CIN,P,,,,,,,,,,,,,,,,,,,,,,,,,,,,,,,,43,1,57,3,164,,,,,,,,,,,,,,,,,,,
A.Jones,00-0023441,no,CIN,CB,2,0,1,0,4,,,,,,,,,,,,,,,32,32,0,1,0,,,,,,,,,,,,,0,0,0,1,0,,,,,,,,,,,,,,
B.Tate,00-0027057,no,CIN,WR,,,,,,,,,,,,,,,,,,,,,,,,,,,,,,,,,,,,,8,18,0,3,0,,,,,,,,,,,,,,
M.Johnson,00-0027044,no,CIN,DE,1,0,0,0,0,,,,,,,,,,,,,,,,,,,,,,,,,,,,,,,,,,,,,,,,,,,,,,,,,,
A.Hawk,00-0024220,no,CIN,OLB,1,0,0,0,5,,,,,,,,,,,,,,,,,,,,,,,,,,,,,,,,,,,,,,,,,,,,,,,,,,
E.Lamur,00-0029479,no,CIN,OLB,1,0,0,0,2,,,,,,,,,,,,,,,,,,,,,,,,,,,,,,,,,,,,,,,,,,,,,,,,,,
V.Rey,00-0027245,no,CIN,OLB,4,0,0,0,4,,,,,,,,,,,,,,,,,,,,,,,,,,,,,,,,,,,,,,,,,,,,,,,,,,
B.Thompson,00-0029684,no,CIN,DT,1,0,0,0,1,,,,,,,,,,,,,,,,,,,,,,,,,,,,,,,,,,,,,,,,,,,,,,,,,,
D.Kirkpatrick,00-0029560,no,CIN,CB,2,0,0,0,2,,,,,,,,,,,,,,,,,,,,,,,,,,,,,,,,,,,,,,,,,,,,,,,,,,
W.Gilberry,00-0026105,no,CIN,DE,0,0,0,0,1,,,,,,,,,,,,,,,,,,,,,,,,,,,,,,,,,,,,,,,,,,,,,,,,,,
R.Maualuga,00-0027014,no,CIN,MLB,3,0,0,0,2,,,,,,,,,,,,,,,,,,,,,,,,,,,,,,,,,,,,,,,,,,,,,,,,,,
G.Atkins,00-0027720,no,CIN,DT,2,0,0,0,2,,,,,,,,,,,,,,,,,,,,,,,,,,,,,,,,,,,,,,,,,,,,,,,,,,
R.Nelson,00-0025408,no,CIN,FS,1,0,0,0,2,,,,,,,,,,,,,,,,,,,,,,,,,,,,,,,,,,,,,,,,,,,,,,,,,,
C.Dunlap,00-0027662,no,CIN,DE,2,0,0,0,3,,,,,,,,,,,,,,,,,,,,,,,,,,,,,,,,,,,,,,,,,,,,,,,,,,
D.Peko,00-0024338,no,CIN,DT,2,0,0,0,1,,,,,,,,,,,,,,,,,,,,,,,,,,,,,,,,,,,,,,,,,,,,,,,,,,
S.Williams,00-0030471,no,CIN,SS,0,0,0,0,3,,,,,,,,,,,,,,,,,,,,,,,,,,,,,,,,,,,,,,,,,,,,,,,,,,
G.Iloka,00-0029215,no,CIN,SS,1,0,0,0,1,,,,,,,,,,,,,,,,,,,,,,,,,,,,,,,,,,,,,,,,,,,,,,,,,,
C.Peerman,00-0026932,no,CIN,RB,0,1,0,0,2,,,,,,,,,,,,,,,,,,,,,,,,,,,,,,,,,,,,,,,,,,,,,,,,,,
L.Hall,00-0025405,no,CIN,CB,1,0,0,0,2,,,,,,,,,,,,,,,,,,,,,,,,,,,,,,,,,,,,,,,,,,,,,,,,,,
J.McCown,00-0021206,yes,CLE,QB,,,,,,0,0,1,0,0,,,,,,,,,,,,,,,49,28,1,2,0,0,341,,,,,,,,,,,,,,,,,,,,,,,,
D.Johnson,00-0032257,yes,CLE,RB,,,,,,,,,,,,,,,,,,,,,,,,,,,,,,,,,,,,,,,,,,18,0,6,0,0,0,32,4,6,0,0,0,0,3
I.Crowell,00-0030656,yes,CLE,RB,,,,,,,,,,,,,,,,,,,,,,,,,,,,,,,,,,,,,,,,,,,,,,,,,10,17,0,0,0,0,36
M.Moore,00-0027356,yes,CLE,WR,,,,,,,,,,,,,,,,,,,,,,,,,,,,,,,,,,,,,,,,,,15,0,1,0,0,0,15,,,,,,,
G.Barnidge,00-0026281,yes,CLE,TE,,,,,,,,,,,,,,,,,,,,,,,,,,,,,,,,,,,,,,,,,,40,28,6,1,0,0,105,,,,,,,
A.Hawkins,00-0027918,yes,CLE,WR,,,,,,,,,,,,,,,,,,,,,,,,,,,,,,,,,,,,,,,,,,10,0,2,0,0,0,18,,,,,,,
T.Gabriel,00-0031228,yes,CLE,WR,,,,,,,,,,,,,,,,,,,,,,,,,,,,,,,,,,,,,,,,,,11,0,3,0,0,0,28,,,,,,,
S.Draughn,00-0028202,yes,CLE,RB,,,,,,,,,,,,,,,,,,,,19,19,0,1,0,,,,,,,,,,,,,,,,,,2,0,1,0,0,0,2,,,,,,,
B.Hartline,00-0027077,yes,CLE,WR,,,,,,,,,,,,,,,,,,,,,,,,,,,,,,,,,,,,,,,,,,41,0,5,0,0,0,96,,,,,,,
T.Benjamin,00-0029269,yes,CLE,WR,,,,,,1,0,1,0,0,,,,,,,,,,,,,,,,,,,,,,,,,,,3,5,0,3,0,17,4,4,1,0,0,45,,,,,,,
J.Hughes,00-0029266,yes,CLE,DE,,,,,,0,0,0,1,0,,,,,,,,,,,,,,,,,,,,,,,,,,,,,,,,,,,,,,,,,,,,,
M.Schwartz,00-0029253,yes,CLE,T,,,,,,0,1,0,1,0,,,,,,,,,,,,,,,,,,,,,,,,,,,,,,,,,,,,,,,,,,,,,
T.Coons,00-0031112,yes,CLE,K,,,,,,,,,,,2,2,41,6,2,0,2,0,2,,,,,,,,,,,,,,,,,,,,,,,,,,,,,,,,,,,,
A.Lee,00-0022824,yes,CLE,P,,,,,,,,,,,,,,,,,,,,,,,,,,,,,,,,51,2,67,4,211,,,,,,,,,,,,,,,,,,,
D.Whitner,00-0024223,yes,CLE,SS,1,0,0,0,4,,,,,,,,,,,,,,,,,,,,,,,,,,,,,,,,,,,,,,,,,,,,,,,,,,
P.Kruger,00-0027033,yes,CLE,OLB,2,0,0,0,0,,,,,,,,,,,,,,,,,,,,,,,,,,,,,,,,,,,,,,,,,,,,,,,,,,
T.Gipson,00-0028924,yes,CLE,FS,3,0,0,0,3,,,,,,,,,,,,,,,,,,,,,,,,,,,,,,,,,,,,,,,,,,,,,,,,,,
J.Meder,00-0030697,yes,CLE,DT,2,0,0,0,0,,,,,,,,,,,,,,,,,,,,,,,,,,,,,,,,,,,,,,,,,,,,,,,,,,
J.Poyer,00-0030114,yes,CLE,CB,0,0,0,0,2,,,,,,,,,,,,,,,,,,,,,,,,,,,,,,,,,,,,,,,,,,,,,,,,,,
C.Robertson,00-0028834,yes,CLE,ILB,1,0,0,0,2,,,,,,,,,,,,,,,,,,,,,,,,,,,,,,,,,,,,,,,,,,,,,,,,,,
C.Kirksey,00-0031361,yes,CLE,ILB,2,1,0,0,2,,,,,,,,,,,,,,,,,,,,,,,,,,,,,,,,,,,,,,,,,,,,,,,,,,
N.Orchard,00-0031556,yes,CLE,LB,0,0,0,0,1,,,,,,,,,,,,,,,,,,,,,,,,,,,,,,,,,,,,,,,,,,,,,,,,,,
J.Haden,00-0027860,yes,CLE,CB,0,0,0,0,4,,,,,,,,,,,,,,,,,,,,,,,,,,,,,,,,,,,,,,,,,,,,,,,,,,
A.Bryant,00-0030553,yes,CLE,OLB,1,0,0,0,2,,,,,,,,,,,,,,,,,,,,,,,,,,,,,,,,,,,,,,,,,,,,,,,,,,
P.Desir,00-0031331,yes,CLE,CB,0,0,0,0,2,,,,,,,,,,,,,,,,,,,,,,,,,,,,,,,,,,,,,,,,,,,,,,,,,,
B.Mingo,00-0030558,yes,CLE,OLB,1,0,0,0,2,,,,,,,,,,,,,,,,,,,,,,,,,,,,,,,,,,,,,,,,,,,,,,,,,,
X.Cooper,00-0032061,yes,CLE,DT,0,0,0,0,1,,,,,,,,,,,,,,,,,,,,,,,,,,,,,,,,,,,,,,,,,,,,,,,,,,
T.Williams,00-0024061,yes,CLE,CB,2,0,0,0,3,,,,,,,,,,,,,,,,,,,,,,,,,,,,,,,,,,,,,,,,,,,,,,,,,,
K.Dansby,00-0022927,yes,CLE,MLB,4,0,0,0,5,,,,,,,,,,,,,,,,,,,,,,,,,,,,,,,,,,,,,,,,,,,,,,,,,,
D.Shelton,00-0032143,yes,CLE,NT,4,0,0,0,1,,,,,,,,,,,,,,,,,,,,,,,,,,,,,,,,,,,,,,,,,,,,,,,,,,
R.Starks,00-0022805,yes,CLE,DE,1,0,0,0,0,,,,,,,,,,,,,,,,,,,,,,,,,,,,,,,,,,,,,,,,,,,,,,,,,,
D.Carr,00-0031280,no,OAK,QB,,,,,,,,,,,,,,,,,,,,,,,,,32,20,0,2,0,0,314,,,,,,,,,,,,,,,,,,1,-1,0,0,0,0,-1
T.Jones,00-0028063,no,OAK,RB,,,,,,,,,,,,,,,,,,,,30,35,0,2,0,,,,,,,,,,,,,,,,,,,,,,,,,2,9,0,0,0,0,16
M.Reece,00-0026393,no,OAK,FB,,,,,,,,,,,,,,,,,,,,,,,,,,,,,,,,,,,,,,,,,,55,0,1,0,0,0,55,1,1,0,0,0,0,1
L.Murray,00-0030513,no,OAK,RB,,,,,,,,,,,,,,,,,,,,,,,,,,,,,,,,,,,,,,,,,,10,0,1,0,0,0,10,26,54,6,1,0,0,139
A.Cooper,00-0031544,no,OAK,WR,,,,,,1,0,1,0,0,,,,,,,,,,,,,,,,,,,,,,,,,,,0,9,0,2,0,40,0,8,0,0,0,134,,,,,,,
R.Helu,00-0028043,no,OAK,RB,,,,,,,,,,,,,,,,,,,,,,,,,,,,,,,,,,,,,,,,,,12,0,1,0,0,0,12,,,,,,,
S.Roberts,00-0031166,no,OAK,WR,,,,,,,,,,,,,,,,,,,,,,,,,,,,,,,,,,,,,,,,,,36,13,3,1,0,0,56,,,,,,,
L.Smith,00-0028097,no,OAK,TE,,,,,,,,,,,,,,,,,,,,,,,,,,,,,,,,,,,,,,,,,,8,0,1,0,0,0,8,,,,,,,
M.Crabtree,00-0026986,no,OAK,WR,,,,,,,,,,,,,,,,,,,,,,,,,,,,,,,,,,,,,,,,,,14,0,4,0,0,0,36,,,,,,,
A.Holmes,00-0028263,no,OAK,WR,,,,,,,,,,,,,,,,,,,,,,,,,,,,,,,,,,,,,,,,,,3,3,1,1,0,0,3,,,,,,,
N.Ball,00-0032205,no,OAK,OLB,0,0,0,1,1,0,0,0,1,0,,,,,,,,,,,,,,,,,,,,,,,,,,,,,,,,,,,,,,,,,,,,,
S.Janikowski,00-0019646,no,OAK,K,,,,,,,,,,,2,2,35,6,3,0,3,0,3,,,,,,,,,,,,,,,,,,,,,,,,,,,,,,,,,,,,
M.King,00-0029123,no,OAK,P,,,,,,,,,,,,,,,,,,,,,,,,,,,,,,,,37,1,46,4,157,,,,,,,,,,,,,,,,,,,
T.Carrie,00-0031269,no,OAK,CB,1,0,0,0,3,,,,,,,,,,,,,,,,,,,,,,,,,,,,,,,,6,6,0,1,0,,,,,,,,,,,,,,
S.McGee,00-0030515,no,OAK,DT,3,0,0,0,0,,,,,,,,,,,,,,,,,,,,,,,,,,,,,,,,,,,,,,,,,,,,,,,,,,
D.Amerson,00-0030420,no,OAK,CB,1,0,0,0,2,,,,,,,,,,,,,,,,,,,,,,,,,,,,,,,,,,,,,,,,,,,,,,,,,,
C.Woodson,00-0018227,no,OAK,FS,2,0,1,0,4,,,,,,,,,,,,,,,,,,,,,,,,,,,,,,,,,,,,,,,,,,,,,,,,,,
N.Thorpe,00-0029329,no,OAK,CB,0,0,0,0,5,,,,,,,,,,,,,,,,,,,,,,,,,,,,,,,,,,,,,,,,,,,,,,,,,,
R.Armstrong,00-0030050,no,OAK,OLB,0,0,0,1,1,,,,,,,,,,,,,,,,,,,,,,,,,,,,,,,,,,,,,,,,,,,,,,,,,,
J.Tuck,00-0023509,no,OAK,DE,2,0,0,0,0,,,,,,,,,,,,,,,,,,,,,,,,,,,,,,,,,,,,,,,,,,,,,,,,,,
C.Lofton,00-0026177,no,OAK,MLB,2,0,0,0,5,,,,,,,,,,,,,,,,,,,,,,,,,,,,,,,,,,,,,,,,,,,,,,,,,,
D.Williams,00-0027877,no,OAK,DT,2,0,0,0,0,,,,,,,,,,,,,,,,,,,,,,,,,,,,,,,,,,,,,,,,,,,,,,,,,,
K.Mack,00-0031040,no,OAK,DE,1,1,0,2,3,,,,,,,,,,,,,,,,,,,,,,,,,,,,,,,,,,,,,,,,,,,,,,,,,,
A.Smith,00-0027945,no,OAK,OLB,0,0,0,0,2,,,,,,,,,,,,,,,,,,,,,,,,,,,,,,,,,,,,,,,,,,,,,,,,,,
L.Asante,00-0027759,no,OAK,DB,0,0,0,0,2,,,,,,,,,,,,,,,,,,,,,,,,,,,,,,,,,,,,,,,,,,,,,,,,,,
M.Smith,00-0028180,no,OAK,OLB,1,0,0,1,6,,,,,,,,,,,,,,,,,,,,,,,,,,,,,,,,,,,,,,,,,,,,,,,,,,
D.Hayden,00-0030572,no,OAK,CB,1,0,0,0,3,,,,,,,,,,,,,,,,,,,,,,,,,,,,,,,,,,,,,,,,,,,,,,,,,,
D.Autry,00-0031254,no,OAK,DE,0,0,0,0,1,,,,,,,,,,,,,,,,,,,,,,,,,,,,,,,,,,,,,,,,,,,,,,,,,,
M.Mariota,00-0032268,yes,TEN,QB,,,,,,,,,,,,,,,,,,,,,,,,,44,27,2,2,0,0,367,,,,,,,,,,,,,,,,,,,,,,,,
A.Andrews,00-0030789,yes,TEN,RB,,,,,,,,,,,,,,,,,,,,,,,,,,,,,,,,,,,,,,,,,,12,0,1,0,0,0,12,12,13,8,1,0,0,49
B.Sankey,00-0031413,yes,TEN,RB,,,,,,,,,,,,,,,,,,,,,,,,,,,,,,,,,,,,,,,,,,20,0,2,0,0,0,31,5,8,0,0,0,0,10
J.Fowler,00-0032130,yes,TEN,FB,,,,,,,,,,,,,,,,,,,,,,,,,,,,,,,,,,,,,,,,,,,,,,,,,4,3,1,1,1,0,9
D.McCluster,00-0027651,yes,TEN,RB,,,,,,,,,,,,,,,,,,,,,,,,,,,,,,,,,,,,,0,2,0,3,0,35,0,1,0,0,0,35,5,10,0,0,0,0,7
K.Wright,00-0029708,yes,TEN,WR,,,,,,,,,,,,,,,,,,,,,,,,,,,,,,,,,,,,,,,,,,24,7,7,1,0,0,95,1,13,0,0,0,0,13
J.Hunter,00-0030521,yes,TEN,WR,,,,,,,,,,,,,,,,,,,,,,,,,,,,,,,,,,,,,,,,,,29,0,1,0,0,0,29,,,,,,,
D.Walker,00-0024389,yes,TEN,TE,,,,,,,,,,,,,,,,,,,,,,,,,,,,,,,,,,,,,,,,,,19,0,7,0,0,0,68,,,,,,,
A.Fasano,00-0024268,yes,TEN,TE,,,,,,,,,,,,,,,,,,,,,,,,,,,,,,,,,,,,,,,,,,26,0,1,0,0,0,26,,,,,,,
C.Stevens,00-0026225,yes,TEN,TE,,,,,,,,,,,,,,,,,,,,,,,,,,,,,,,,,,,,,,,,,,27,0,2,0,0,0,29,,,,,,,
H.Douglas,00-0026224,yes,TEN,WR,,,,,,,,,,,,,,,,,,,,,,,,,,,,,,,,,,,,,,,,,,10,0,3,0,0,0,20,,,,,,,
D.Green-Beckham,00-0032218,yes,TEN,WR,,,,,,,,,,,,,,,,,,,,,,,,,,,,,,,,,,,,,,,,,,19,3,2,1,0,0,22,,,,,,,
R.Succop,00-0026968,yes,TEN,K,,,,,,,,,,,2,2,38,6,3,0,3,0,3,,,,,,,,,,,,,,,,,,,,,,,,,,,,,,,,,,,,
B.Kern,00-0025825,yes,TEN,P,,,,,,,,,,,,,,,,,,,,,,,,,,,,,,,,42,2,49,5,212,,,,,,,,,,,,,,,,,,,
B.Orakpo,00-0026989,yes,TEN,OLB,0,0,0,1,1,,,,,,,,,,,,,,,,,,,,,,,,,,,,,,,,,,,,,,,,,,,,,,,,,,
B.Wreh-Wilson,00-0030541,yes,TEN,CB,0,0,0,0,1,,,,,,,,,,,,,,,,,,,,,,,,,,,,,,,,,,,,,,,,,,,,,,,,,,
K.Klug,00-0028080,yes,TEN,DE,0,1,0,1,3,,,,,,,,,,,,,,,,,,,,,,,,,,,,,,,,,,,,,,,,,,,,,,,,,,
A.Williamson,00-0031263,yes,TEN,ILB,4,0,0,0,4,,,,,,,,,,,,,,,,,,,,,,,,,,,,,,,,,,,,,,,,,,,,,,,,,,
Z.Brown,00-0029566,yes,TEN,ILB,2,0,1,0,3,,,,,,,,,,,,,,,,,,,,,,,,,,,,,,,,,,,,,,,,,,,,,,,,,,
C.Sensabaugh,00-0029529,yes,TEN,CB,2,0,0,0,2,,,,,,,,,,,,,,,,,,,,,,,,,,,,,,,,,,,,,,,,,,,,,,,,,,
P.Cox,00-0027737,yes,TEN,CB,0,0,1,0,4,,,,,,,,,,,,,,,,,,,,,,,,,,,,,,,,,,,,,,,,,,,,,,,,,,
D.Stafford,00-0030491,yes,TEN,SS,0,0,0,0,1,,,,,,,,,,,,,,,,,,,,,,,,,,,,,,,,,,,,,,,,,,,,,,,,,,
D.Searcy,00-0028038,yes,TEN,SS,1,0,0,0,3,,,,,,,,,,,,,,,,,,,,,,,,,,,,,,,,,,,,,,,,,,,,,,,,,,
D.Jones,00-0031054,yes,TEN,DE,1,0,0,0,2,,,,,,,,,,,,,,,,,,,,,,,,,,,,,,,,,,,,,,,,,,,,,,,,,,
D.Morgan,00-0027868,yes,TEN,OLB,0,0,0,0,1,,,,,,,,,,,,,,,,,,,,,,,,,,,,,,,,,,,,,,,,,,,,,,,,,,
W.Woodyard,00-0025828,yes,TEN,ILB,1,0,0,0,0,,,,,,,,,,,,,,,,,,,,,,,,,,,,,,,,,,,,,,,,,,,,,,,,,,
J.Casey,00-0028015,yes,TEN,DE,0,0,0,1,3,,,,,,,,,,,,,,,,,,,,,,,,,,,,,,,,,,,,,,,,,,,,,,,,,,
M.Griffin,00-0025406,yes,TEN,FS,3,0,0,0,3,,,,,,,,,,,,,,,,,,,,,,,,,,,,,,,,,,,,,,,,,,,,,,,,,,
A.Luck,00-0029668,no,IND,QB,,,,,,0,1,1,1,0,,,,,,,,,,,,,,,30,18,2,2,0,0,260,,,,,,,,,,,,,,,,,,6,15,0,0,0,0,21
P.McAfee,00-0027145,no,IND,P,,,,,,,,,,,,,,,,,,,,,,,,,,,,,,,,50,1,54,5,249,,,,,,,,,,,,,1,18,0,0,0,0,18
F.Gore,00-0023500,no,IND,RB,,,,,,,,,,,,,,,,,,,,,,,,,,,,,,,,,,,,,,,,,,8,0,1,0,0,0,8,14,25,6,2,0,0,86
J.Robinson,00-0031611,no,IND,RB,,,,,,,,,,,,,,,,,,,,,,,,,,,,,,,,,,,,,,,,,,,,,,,,,2,5,0,0,0,0,8
J.Doyle,00-0030181,no,IND,TE,,,,,,,,,,,,,,,,,,,,,,,,,,,,,,,,,,,,,,,,,,19,0,3,0,0,0,32,,,,,,,
C.Fleener,00-0029697,no,IND,TE,,,,,,,,,,,,,,,,,,,,,,,,,,,,,,,,,,,,,,,,,,19,0,4,0,0,0,51,,,,,,,
T.Hilton,00-0029608,no,IND,WR,,,,,,,,,,,,,,,,,,,,,,,,,,,,,,,,,,,,,,,,,,48,0,4,0,0,0,94,,,,,,,
P.Dorsett,00-0032208,no,IND,WR,,,,,,,,,,,,,,,,,,,,,,,,,,,,,,,,,,,,,,,,,,35,35,2,1,0,0,43,,,,,,,
D.Moncrief,00-0031339,no,IND,WR,,,,,,,,,,,,,,,,,,,,,,,,,,,,,,,,,,,,,,,,,,11,11,4,1,0,0,32,,,,,,,
A.Vinatieri,00-0016919,no,IND,K,,,,,,,,,,,0,0,0,0,5,0,5,0,5,,,,,,,,,,,,,,,,,,,,,,,,,,,,,,,,,,,,
H.Anderson,00-0032269,no,IND,DE,0,0,0,0,1,,,,,,,,,,,,,,,,,,,,,,,,,,,,,,,,,,,,,,,,,,,,,,,,,,
R.Mathis,00-0022059,no,IND,OLB,0,0,0,1,1,,,,,,,,,,,,,,,,,,,,,,,,,,,,,,,,,,,,,,,,,,,,,,,,,,
M.Adams,00-0022247,no,IND,SS,1,0,0,0,7,,,,,,,,,,,,,,,,,,,,,,,,,,,,,,,,,,,,,,,,,,,,,,,,,,
K.Langford,00-0026206,no,IND,DE,1,0,0,0,2,,,,,,,,,,,,,,,,,,,,,,,,,,,,,,,,,,,,,,,,,,,,,,,,,,
J.Thomas,00-0028081,no,IND,DB,0,0,0,0,3,,,,,,,,,,,,,,,,,,,,,,,,,,,,,,,,,,,,,,,,,,,,,,,,,,
J.Freeman,00-0025920,no,IND,ILB,3,0,0,1,7,,,,,,,,,,,,,,,,,,,,,,,,,,,,,,,,,,,,,,,,,,,,,,,,,,
J.Brown,00-0028056,no,IND,CB,2,0,0,0,5,,,,,,,,,,,,,,,,,,,,,,,,,,,,,,,,,,,,,,,,,,,,,,,,,,
V.Davis,00-0027001,no,IND,CB,1,0,0,0,3,,,,,,,,,,,,,,,,,,,,,,,,,,,,,,,,,,,,,,,,,,,,,,,,,,
D.Jackson,00-0024249,no,IND,ILB,4,0,0,0,8,,,,,,,,,,,,,,,,,,,,,,,,,,,,,,,,,,,,,,,,,,,,,,,,,,
D.Parry,00-0031592,no,IND,NT,0,0,0,1,2,,,,,,,,,,,,,,,,,,,,,,,,,,,,,,,,,,,,,,,,,,,,,,,,,,
E.Walden,00-0026307,no,IND,OLB,0,0,0,0,2,,,,,,,,,,,,,,,,,,,,,,,,,,,,,,,,,,,,,,,,,,,,,,,,,,
Z.Kerr,00-0031105,no,IND,NT,2,0,0,0,0,,,,,,,,,,,,,,,,,,,,,,,,,,,,,,,,,,,,,,,,,,,,,,,,,,
E.Okine,00-0030241,no,IND,,0,0,0,0,1,,,,,,,,,,,,,,,,,,,,,,,,,,,,,,,,,,,,,,,,,,,,,,,,,,
B.Winn,00-0029303,no,IND,DT,0,0,0,0,1,,,,,,,,,,,,,,,,,,,,,,,,,,,,,,,,,,,,,,,,,,,,,,,,,,
D.Lowery,00-0026253,no,IND,FS,1,0,2,0,1,,,,,,,,,,,,,,,,,,,,,,,,,,,,,,,,,,,,,,,,,,,,,,,,,,
B.Werner,00-0030563,no,IND,OLB,1,0,0,0,0,,,,,,,,,,,,,,,,,,,,,,,,,,,,,,,,,,,,,,,,,,,,,,,,,,
C.Palmer,00-0021429,yes,ARI,QB,,,,,,0,1,1,1,0,,,,,,,,,,,,,,,32,20,1,2,0,0,311,,,,,,,,,,,,,,,,,,1,1,0,0,0,0,1
S.Taylor,00-0030282,yes,ARI,RB,,,,,,,,,,,,,,,,,,,,,,,,,,,,,,,,,,,,,,,,,,,,,,,,,4,2,0,0,0,0,6
D.Johnson,00-0032187,yes,ARI,RB,,,,,,,,,,,,,,,,,,,,,,,,,,,,,,,,,,,,,,,,,,9,0,3,0,0,0,16,7,8,0,0,0,0,25
C.Johnson,00-0026164,yes,ARI,RB,,,,,,,,,,,,,,,,,,,,,,,,,,,,,,,,,,,,,,,,,,40,0,1,0,0,0,40,22,30,6,2,0,0,110
D.Stanton,00-0025430,yes,ARI,QB,,,,,,,,,,,,,,,,,,,,,,,,,,,,,,,,,,,,,,,,,,,,,,,,,3,-1,0,0,0,0,-3
JO.Brown,00-0031051,yes,ARI,WR,,,,,,,,,,,,,,,,,,,,,,,,,,,,,,,,,,,,,,,,,,27,0,3,0,0,0,62,,,,,,,
J.Gresham,00-0027873,yes,ARI,TE,,,,,,,,,,,,,,,,,,,,,,,,,,,,,,,,,,,,,,,,,,22,0,2,0,0,0,34,,,,,,,
D.Fells,00-0029738,yes,ARI,TE,,,,,,,,,,,,,,,,,,,,,,,,,,,,,,,,,,,,,,,,,,13,0,1,0,0,0,13,,,,,,,
M.Floyd,00-0029638,yes,ARI,WR,,,,,,,,,,,,,,,,,,,,,,,,,,,,,,,,,,,,,,,,,,12,0,1,0,0,0,12,,,,,,,
L.Fitzgerald,00-0022921,yes,ARI,WR,,,,,,,,,,,,,,,,,,,,,,,,,,,,,,,,,,,,,,,,,,23,8,9,2,0,0,134,,,,,,,
P.Peterson,00-0027943,yes,ARI,CB,,,,,,0,0,1,0,0,,,,,,,,,,24,24,0,1,0,,,,,,,,,,,,,2,4,0,2,0,,,,,,,,,,,,,,
C.Catanzaro,00-0030896,yes,ARI,K,,,,,,,,,,,1,1,22,3,6,0,6,0,6,,,,,,,,,,,,,,,,,,,,,,,,,,,,,,,,,,,,
D.Butler,00-0028952,yes,ARI,P,,,,,,,,,,,,,,,,,,,,,,,,,,,,,,,,22,2,40,4,144,,,,,,,,,,,,,,,,,,,
B.Golden,00-0029336,yes,ARI,WR,,,,,,,,,,,,,,,,,,,,,,,,,,,,,,,,,,,,,10,10,0,1,0,,,,,,,,,,,,,,
A.Fua,00-0031702,yes,ARI,OLB,0,0,0,0,1,,,,,,,,,,,,,,,,,,,,,,,,,,,,,,,,,,,,,,,,,,,,,,,,,,
J.Bethel,00-0029530,yes,ARI,CB,0,0,1,0,0,,,,,,,,,,,,,,,,,,,,,,,,,,,,,,,,,,,,,,,,,,,,,,,,,,
R.Gunter,00-0032131,yes,ARI,NT,0,0,0,0,4,,,,,,,,,,,,,,,,,,,,,,,,,,,,,,,,,,,,,,,,,,,,,,,,,,
L.Woodley,00-0025433,yes,ARI,OLB,0,0,0,1,2,,,,,,,,,,,,,,,,,,,,,,,,,,,,,,,,,,,,,,,,,,,,,,,,,,
K.Minter,00-0030382,yes,ARI,ILB,1,0,0,0,7,,,,,,,,,,,,,,,,,,,,,,,,,,,,,,,,,,,,,,,,,,,,,,,,,,
M.Golden,00-0032127,yes,ARI,OLB,0,0,0,0,1,,,,,,,,,,,,,,,,,,,,,,,,,,,,,,,,,,,,,,,,,,,,,,,,,,
D.Bucannon,00-0031366,yes,ARI,SS,1,0,0,0,4,,,,,,,,,,,,,,,,,,,,,,,,,,,,,,,,,,,,,,,,,,,,,,,,,,
C.Campbell,00-0026190,yes,ARI,DE,1,0,0,0,1,,,,,,,,,,,,,,,,,,,,,,,,,,,,,,,,,,,,,,,,,,,,,,,,,,
S.Weatherspoon,00-0027871,yes,ARI,LB,0,0,0,0,1,,,,,,,,,,,,,,,,,,,,,,,,,,,,,,,,,,,,,,,,,,,,,,,,,,
T.Jefferson,00-0030294,yes,ARI,SS,0,0,0,0,1,,,,,,,,,,,,,,,,,,,,,,,,,,,,,,,,,,,,,,,,,,,,,,,,,,
T.Mathieu,00-0030459,yes,ARI,FS,0,0,2,0,5,,,,,,,,,,,,,,,,,,,,,,,,,,,,,,,,,,,,,,,,,,,,,,,,,,
F.Rucker,00-0024306,yes,ARI,DE,0,0,0,1,3,,,,,,,,,,,,,,,,,,,,,,,,,,,,,,,,,,,,,,,,,,,,,,,,,,
C.Clemons,00-0027115,yes,ARI,DB,0,0,0,0,1,,,,,,,,,,,,,,,,,,,,,,,,,,,,,,,,,,,,,,,,,,,,,,,,,,
A.Okafor,00-0030503,yes,ARI,OLB,1,0,0,0,0,,,,,,,,,,,,,,,,,,,,,,,,,,,,,,,,,,,,,,,,,,,,,,,,,,
J.Powers,00-0027064,yes,ARI,CB,0,0,1,0,1,,,,,,,,,,,,,,,,,,,,,,,,,,,,,,,,,,,,,,,,,,,,,,,,,,
C.Redding,00-0021998,yes,ARI,DE,0,0,0,0,1,,,,,,,,,,,,,,,,,,,,,,,,,,,,,,,,,,,,,,,,,,,,,,,,,,
R.Johnson,00-0027067,yes,ARI,FS,0,0,0,0,5,,,,,,,,,,,,,,,,,,,,,,,,,,,,,,,,,,,,,,,,,,,,,,,,,,
C.Kaepernick,00-0027974,no,SF,QB,,,,,,,,,,,,,,,,,,,,,,,,,19,9,4,0,0,0,67,,,,,,,,,,,,,,,,,,7,12,12,1,0,0,46
M.Davis,00-0032063,no,SF,RB,,,,,,,,,,,,,,,,,,,,,,,,,,,,,,,,,,,,,,,,,,5,0,1,0,0,0,5,7,4,0,0,0,0,6
C.Hyde,00-0031045,no,SF,RB,,,,,,,,,,,,,,,,,,,,,,,,,,,,,,,,,,,,,,,,,,10,0,1,0,0,0,10,15,14,0,0,0,0,51
A.Boldin,00-0022084,no,SF,WR,,,,,,,,,,,,,,,,,,,,,,,,,,,,,,,,,,,,,,,,,,14,0,2,0,0,0,16,,,,,,,
G.Celek,00-0028903,no,SF,TE,,,,,,,,,,,,,,,,,,,,,,,,,,,,,,,,,,,,,,,,,,12,0,3,0,0,0,29,,,,,,,
B.Bell,00-0032062,no,SF,TE,,,,,,,,,,,,,,,,,,,,,,,,,,,,,,,,,,,,,,,,,,0,0,1,0,0,0,0,,,,,,,
Q.Patton,00-0030450,no,SF,WR,,,,,,,,,,,,,,,,,,,,,,,,,,,,,,,,,,,,,,,,,,7,0,1,0,0,0,7,,,,,,,
N.Bellore,00-0028292,no,SF,LB,,,,,,0,1,0,1,0,,,,,,,,,,,,,,,,,,,,,,,,,,,,,,,,,,,,,,,,,,,,,
D.White,00-0031511,no,SF,WR,,,,,,0,0,1,0,0,,,,,,,,,,23,30,0,4,0,,,,,,,,,,,,,,,,,,,,,,,,,,,,,,,
P.Dawson,00-0004091,no,SF,K,,,,,,,,,,,0,0,0,0,1,0,1,0,1,,,,,,,,,,,,,,,,,,,,,,,,,,,,,,,,,,,,
B.Pinion,00-0032065,no,SF,P,,,,,,,,,,,,,,,,,,,,,,,,,,,,,,,,45,4,56,6,283,,,,,,,,,,,,,,,,,,,
J.Hayne,00-0031493,no,SF,RB,,,,,,,,,,,,,,,,,,,,,,,,,,,,,,,,,,,,,37,37,0,1,0,,,,,,,,,,,,,,
D.Johnson,00-0031061,no,SF,CB,1,0,0,0,1,,,,,,,,,,,,,,,,,,,,,,,,,,,,,,,,,,,,,,,,,,,,,,,,,,
A.Bethea,00-0024421,no,SF,SS,3,0,0,0,3,,,,,,,,,,,,,,,,,,,,,,,,,,,,,,,,,,,,,,,,,,,,,,,,,,
T.Brock,00-0027375,no,SF,CB,1,0,0,0,6,,,,,,,,,,,,,,,,,,,,,,,,,,,,,,,,,,,,,,,,,,,,,,,,,,
Q.Dial,00-0030088,no,SF,DE,0,0,0,0,3,,,,,,,,,,,,,,,,,,,,,,,,,,,,,,,,,,,,,,,,,,,,,,,,,,
M.Wilhoite,00-0028836,no,SF,ILB,1,0,0,0,3,,,,,,,,,,,,,,,,,,,,,,,,,,,,,,,,,,,,,,,,,,,,,,,,,,
G.Dorsey,00-0026145,no,SF,DE,0,0,0,0,2,,,,,,,,,,,,,,,,,,,,,,,,,,,,,,,,,,,,,,,,,,,,,,,,,,
K.Acker,00-0031186,no,SF,CB,1,0,1,0,6,,,,,,,,,,,,,,,,,,,,,,,,,,,,,,,,,,,,,,,,,,,,,,,,,,
C.Lemonier,00-0030518,no,SF,OLB,1,0,0,0,2,,,,,,,,,,,,,,,,,,,,,,,,,,,,,,,,,,,,,,,,,,,,,,,,,,
I.Williams,00-0028241,no,SF,NT,1,0,0,0,1,,,,,,,,,,,,,,,,,,,,,,,,,,,,,,,,,,,,,,,,,,,,,,,,,,
T.Jerod-Eddie,00-0029165,no,SF,DE,1,0,0,0,1,,,,,,,,,,,,,,,,,,,,,,,,,,,,,,,,,,,,,,,,,,,,,,,,,,
A.Armstead,00-0032164,no,SF,DE,1,0,0,1,2,,,,,,,,,,,,,,,,,,,,,,,,,,,,,,,,,,,,,,,,,,,,,,,,,,
E.Reid,00-0030548,no,SF,FS,0,0,0,0,2,,,,,,,,,,,,,,,,,,,,,,,,,,,,,,,,,,,,,,,,,,,,,,,,,,
J.Tartt,00-0032057,no,SF,SS,0,0,0,0,1,,,,,,,,,,,,,,,,,,,,,,,,,,,,,,,,,,,,,,,,,,,,,,,,,,
C.Carradine,00-0030457,no,SF,DT,1,1,0,0,1,,,,,,,,,,,,,,,,,,,,,,,,,,,,,,,,,,,,,,,,,,,,,,,,,,
A.Lynch,00-0030993,no,SF,OLB,1,0,0,0,3,,,,,,,,,,,,,,,,,,,,,,,,,,,,,,,,,,,,,,,,,,,,,,,,,,
N.Bowman,00-0027894,no,SF,ILB,2,0,0,0,7,,,,,,,,,,,,,,,,,,,,,,,,,,,,,,,,,,,,,,,,,,,,,,,,,,
A.Brooks,00-0024495,no,SF,OLB,1,0,0,0,2,,,,,,,,,,,,,,,,,,,,,,,,,,,,,,,,,,,,,,,,,,,,,,,,,,
R.Wilson,00-0029263,yes,SEA,QB,,,,,,,,,,,,,,,,,,,,,,,,,30,20,0,1,0,0,235,,,,,,,,,,,,,,,,,,6,13,0,0,0,0,28
T.Rawls,00-0031897,yes,SEA,RB,,,,,,,,,,,,,,,,,,,,,,,,,,,,,,,,,,,,,,,,,,,,,,,,,16,21,0,0,0,0,104
F.Jackson,00-0024204,yes,SEA,RB,,,,,,,,,,,,,,,,,,,,,,,,,,,,,,,,,,,,,,,,,,5,0,2,0,0,0,9,2,8,0,0,0,0,13
M.Lynch,00-0025399,yes,SEA,RB,,,,,,,,,,,,,,,,,,,,,,,,,,,,,,,,,,,,,,,,,,9,0,1,0,0,0,9,5,8,0,0,0,0,14
D.Baldwin,00-0028434,yes,SEA,WR,,,,,,,,,,,,,,,,,,,,,,,,,,,,,,,,,,,,,,,,,,22,0,3,0,0,0,35,,,,,,,
J.Kearse,00-0029159,yes,SEA,WR,,,,,,,,,,,,,,,,,,,,,,,,,,,,,,,,,,,,,,,,,,22,0,6,0,0,0,76,,,,,,,
R.Lockette,00-0028442,yes,SEA,WR,,,,,,,,,,,,,,,,,,,,,,,,,,,,,,,,,,,,,,,,,,23,0,1,0,0,0,23,,,,,,,
J.Graham,00-0027696,yes,SEA,TE,,,,,,,,,,,,,,,,,,,,,,,,,,,,,,,,,,,,,,,,,,30,30,7,1,0,0,83,,,,,,,
S.Hauschka,00-0025944,yes,SEA,K,,,,,,,,,,,4,4,48,12,2,0,2,0,2,,,,,,,,,,,,,,,,,,,,,,,,,,,,,,,,,,,,
J.Ryan,00-0023742,yes,SEA,P,,,,,,,,,,,,,,,,,,,,,,,,,,,,,,,,42,2,46,4,166,,,,,,,,,,,,,,,,,,,
T.Lockett,00-0032211,yes,SEA,WR,,,,,,,,,,,,,,,,,,,,105,105,0,1,1,,,,,,,,,,,,,3,10,0,3,0,,,,,,,,,,,,,,
R.Sherman,00-0028092,yes,SEA,CB,0,0,0,0,1,,,,,,,,,,,,,,,,,,,,,,,,,,,,,,,,64,64,0,1,0,,,,,,,,,,,,,,
C.Marsh,00-0031175,yes,SEA,DE,1,0,0,0,0,,,,,,,,,,,,,,,,,,,,,,,,,,,,,,,,,,,,,,,,,,,,,,,,,,
K.Wright,00-0028037,yes,SEA,OLB,5,0,0,0,5,,,,,,,,,,,,,,,,,,,,,,,,,,,,,,,,,,,,,,,,,,,,,,,,,,
A.Rubin,00-0026330,yes,SEA,DT,2,0,0,0,1,,,,,,,,,,,,,,,,,,,,,,,,,,,,,,,,,,,,,,,,,,,,,,,,,,
C.Avril,00-0026232,yes,SEA,DE,2,0,0,1,1,,,,,,,,,,,,,,,,,,,,,,,,,,,,,,,,,,,,,,,,,,,,,,,,,,
J.Hill,00-0030072,yes,SEA,DT,2,0,0,0,2,,,,,,,,,,,,,,,,,,,,,,,,,,,,,,,,,,,,,,,,,,,,,,,,,,
M.Bennett,00-0026618,yes,SEA,DE,2,0,0,0,2,,,,,,,,,,,,,,,,,,,,,,,,,,,,,,,,,,,,,,,,,,,,,,,,,,
K.Chancellor,00-0027733,yes,SEA,SS,1,0,0,0,0,,,,,,,,,,,,,,,,,,,,,,,,,,,,,,,,,,,,,,,,,,,,,,,,,,
M.Burley,00-0029942,yes,SEA,DB,1,0,0,0,2,,,,,,,,,,,,,,,,,,,,,,,,,,,,,,,,,,,,,,,,,,,,,,,,,,
C.Williams,00-0026369,yes,SEA,CB,2,0,0,0,2,,,,,,,,,,,,,,,,,,,,,,,,,,,,,,,,,,,,,,,,,,,,,,,,,,
D.Shead,00-0029191,yes,SEA,SS,1,0,0,0,2,,,,,,,,,,,,,,,,,,,,,,,,,,,,,,,,,,,,,,,,,,,,,,,,,,
B.Irvin,00-0029193,yes,SEA,OLB,5,0,0,0.5,0,,,,,,,,,,,,,,,,,,,,,,,,,,,,,,,,,,,,,,,,,,,,,,,,,,
D.Dobbs,00-0028479,yes,SEA,DE,3,0,0,0,0,,,,,,,,,,,,,,,,,,,,,,,,,,,,,,,,,,,,,,,,,,,,,,,,,,
B.Wagner,00-0029255,yes,SEA,MLB,5,0,0,0.5,2,,,,,,,,,,,,,,,,,,,,,,,,,,,,,,,,,,,,,,,,,,,,,,,,,,
F.Clark,00-0032210,yes,SEA,DE,0,0,0,0,2,,,,,,,,,,,,,,,,,,,,,,,,,,,,,,,,,,,,,,,,,,,,,,,,,,
J.Clausen,00-0027659,no,CHI,QB,,,,,,,,,,,,,,,,,,,,,,,,,17,9,0,0,0,0,63,,,,,,,,,,,,,,,,,,3,11,0,0,0,0,13
J.Rodgers,00-0028083,no,CHI,RB,,,,,,,,,,,,,,,,,,,,,,,,,,,,,,,,,,,,,,,,,,10,0,1,0,0,0,10,4,5,0,0,0,0,11
M.Forte,00-0026184,no,CHI,RB,,,,,,,,,,,,,,,,,,,,,,,,,,,,,,,,,,,,,,,,,,,,,,,,,20,12,0,0,0,0,74
M.Bennett,00-0026201,no,CHI,TE,,,,,,,,,,,,,,,,,,,,,,,,,,,,,,,,,,,,,,,,,,6,0,4,0,0,0,15,,,,,,,
Z.Miller,00-0027125,no,CHI,TE,,,,,,,,,,,,,,,,,,,,,,,,,,,,,,,,,,,,,,,,,,21,0,1,0,0,0,21,,,,,,,
E.Royal,00-0026182,no,CHI,WR,,,,,,,,,,,,,,,,,,,,,,,,,,,,,,,,,,,,,,,,,,9,0,3,0,0,0,17,,,,,,,
P.O'Donnell,00-0031079,no,CHI,P,,,,,,,,,,,,,,,,,,,,,,,,,,,,,,,,38,3,72,10,477,,,,,,,,,,,,,,,,,,,
M.Mariani,00-0027816,no,CHI,WR,,,,,,,,,,,,,,,,,,,,27,27,0,1,0,,,,,,,,,,,,,,,,,,,,,,,,,,,,,,,
S.Acho,00-0028041,no,CHI,DE,1,0,0,0,1,,,,,,,,,,,,,,,,,,,,,,,,,,,,,,,,,,,,,,,,,,,,,,,,,,
P.McPhee,00-0028103,no,CHI,OLB,1,0,0,2,6,,,,,,,,,,,,,,,,,,,,,,,,,,,,,,,,,,,,,,,,,,,,,,,,,,
A.Ball,00-0025624,no,CHI,CB,4,0,0,0,5,,,,,,,,,,,,,,,,,,,,,,,,,,,,,,,,,,,,,,,,,,,,,,,,,,
A.Amos,00-0031584,no,CHI,FS,0,0,0,0,2,,,,,,,,,,,,,,,,,,,,,,,,,,,,,,,,,,,,,,,,,,,,,,,,,,
A.Rolle,00-0023443,no,CHI,SS,3,0,0,0,7,,,,,,,,,,,,,,,,,,,,,,,,,,,,,,,,,,,,,,,,,,,,,,,,,,
K.Fuller,00-0031041,no,CHI,CB,2,0,0,0,1,,,,,,,,,,,,,,,,,,,,,,,,,,,,,,,,,,,,,,,,,,,,,,,,,,
C.Jones,00-0031130,no,CHI,ILB,2,0,0,0,4,,,,,,,,,,,,,,,,,,,,,,,,,,,,,,,,,,,,,,,,,,,,,,,,,,
E.Ferguson,00-0031043,no,CHI,DT,1,0,0,0,0,,,,,,,,,,,,,,,,,,,,,,,,,,,,,,,,,,,,,,,,,,,,,,,,,,
J.Jenkins,00-0027979,no,CHI,DE,6,0,0,2,4,,,,,,,,,,,,,,,,,,,,,,,,,,,,,,,,,,,,,,,,,,,,,,,,,,
W.Sutton,00-0031048,no,CHI,DE,1,0,0,0,0,,,,,,,,,,,,,,,,,,,,,,,,,,,,,,,,,,,,,,,,,,,,,,,,,,
S.McManis,00-0027743,no,CHI,CB,1,0,0,0,3,,,,,,,,,,,,,,,,,,,,,,,,,,,,,,,,,,,,,,,,,,,,,,,,,,
S.McClellin,00-0029250,no,CHI,ILB,3,0,0,0,3,,,,,,,,,,,,,,,,,,,,,,,,,,,,,,,,,,,,,,,,,,,,,,,,,,
J.Allen,00-0022740,no,CHI,OLB,1,0,0,0,0,,,,,,,,,,,,,,,,,,,,,,,,,,,,,,,,,,,,,,,,,,,,,,,,,,
R.Tannehill,00-0029701,yes,MIA,QB,,,,,,0,0,1,0,0,,,,,,,,,,,,,,,49,26,3,2,1,1,297,,,,,,,,,,,,,,,,,,1,-1,0,0,0,0,-1
L.Miller,00-0029615,yes,MIA,RB,,,,,,,,,,,,,,,,,,,,,,,,,,,,,,,,,,,,,,,,,,16,0,3,0,0,0,27,7,8,0,0,0,0,38
J.Landry,00-0031382,yes,MIA,WR,,,,,,,,,,,,,,,,,,,,18,18,0,1,0,,,,,,,,,,,,,19,19,0,1,0,13,0,8,0,1,1,67,1,-1,0,0,0,0,-1
J.Gray,00-0029104,yes,MIA,RB,,,,,,,,,,,,,,,,,,,,,,,,,,,,,,,,,,,,,,,,,,,,,,,,,9,11,0,0,0,0,49
D.Williams,00-0030874,yes,MIA,RB,,,,,,,,,,,,,,,,,,,,22,31,0,2,0,,,,,,,,,,,,,,,,,,5,0,1,0,0,0,5,2,14,0,0,0,0,17
J.Cameron,00-0028040,yes,MIA,TE,,,,,,,,,,,,,,,,,,,,,,,,,,,,,,,,,,,,,,,,,,10,0,3,0,0,0,16,,,,,,,
R.Matthews,00-0029580,yes,MIA,WR,,,,,,,,,,,,,,,,,,,,,,,,,,,,,,,,,,,,,,,,,,46,46,6,2,0,0,113,,,,,,,
J.Stoneburner,00-0030272,yes,MIA,TE,,,,,,,,,,,,,,,,,,,,,,,,,,,,,,,,,,,,,,,,,,13,0,1,0,0,0,13,,,,,,,
D.Parker,00-0031547,yes,MIA,WR,,,,,,,,,,,,,,,,,,,,,,,,,,,,,,,,,,,,,,,,,,19,0,3,0,0,0,46,,,,,,,
G.Jennings,00-0024267,yes,MIA,WR,,,,,,,,,,,,,,,,,,,,,,,,,,,,,,,,,,,,,,,,,,10,0,1,0,0,0,10,,,,,,,
J.James,00-0031417,yes,MIA,T,,,,,,0,1,0,1,0,,,,,,,,,,,,,,,,,,,,,,,,,,,,,,,,,,,,,,,,,,,,,
A.Franks,00-0031718,yes,MIA,K,,,,,,,,,,,0,0,0,0,1,0,0,1,0,,,,,,,,,,,,,,,,,,,,,,,,,,,,,,,,,,,,
M.Darr,00-0031716,yes,MIA,P,,,,,,,,,,,,,,,,,,,,,,,,,,,,,,,,47,3,59,4,196,,,,,,,,,,,,,,,,,,,
K.Sheppard,00-0028006,yes,MIA,MLB,0,0,0,0,6,,,,,,,,,,,,,,,0,0,0,1,0,,,,,,,,,,,,,,,,,,,,,,,,,,,,,,,
E.Mitchell,00-0027684,yes,MIA,DT,0,0,0,0,1,,,,,,,,,,,,,,,,,,,,,,,,,,,,,,,,,,,,,,,,,,,,,,,,,,
J.Jenkins,00-0030384,yes,MIA,OLB,0,0,0,0,3,,,,,,,,,,,,,,,,,,,,,,,,,,,,,,,,,,,,,,,,,,,,,,,,,,
A.Francis,00-0029972,yes,MIA,DT,0,0,0,0,1,,,,,,,,,,,,,,,,,,,,,,,,,,,,,,,,,,,,,,,,,,,,,,,,,,
C.Wake,00-0023368,yes,MIA,DE,1,0,0,0,0,,,,,,,,,,,,,,,,,,,,,,,,,,,,,,,,,,,,,,,,,,,,,,,,,,
M.Thomas,00-0028908,yes,MIA,FS,0,0,0,0,5,,,,,,,,,,,,,,,,,,,,,,,,,,,,,,,,,,,,,,,,,,,,,,,,,,
N.Suh,00-0027855,yes,MIA,DT,0,0,0,0,4,,,,,,,,,,,,,,,,,,,,,,,,,,,,,,,,,,,,,,,,,,,,,,,,,,
W.Aikens,00-0031307,yes,MIA,FS,0,0,0,0,1,,,,,,,,,,,,,,,,,,,,,,,,,,,,,,,,,,,,,,,,,,,,,,,,,,
D.Shelby,00-0029111,yes,MIA,DE,0,0,0,0,2,,,,,,,,,,,,,,,,,,,,,,,,,,,,,,,,,,,,,,,,,,,,,,,,,,
Z.Vigil,00-0031728,yes,MIA,LB,1,0,0,0,0,,,,,,,,,,,,,,,,,,,,,,,,,,,,,,,,,,,,,,,,,,,,,,,,,,
T.Fede,00-0031317,yes,MIA,DE,1,0,0,0,0,,,,,,,,,,,,,,,,,,,,,,,,,,,,,,,,,,,,,,,,,,,,,,,,,,
O.Vernon,00-0029693,yes,MIA,DE,0,0,0,0,1,,,,,,,,,,,,,,,,,,,,,,,,,,,,,,,,,,,,,,,,,,,,,,,,,,
R.Jones,00-0027762,yes,MIA,SS,1,0,0,0,8,,,,,,,,,,,,,,,,,,,,,,,,,,,,,,,,,,,,,,,,,,,,,,,,,,
B.Grimes,00-0024183,yes,MIA,CB,0,0,0,0,2,,,,,,,,,,,,,,,,,,,,,,,,,,,,,,,,,,,,,,,,,,,,,,,,,,
Br.McCain,00-0026935,yes,MIA,CB,0,0,0,0,5,,,,,,,,,,,,,,,,,,,,,,,,,,,,,,,,,,,,,,,,,,,,,,,,,,
K.Misi,00-0027883,yes,MIA,OLB,0,0,0,0,6,,,,,,,,,,,,,,,,,,,,,,,,,,,,,,,,,,,,,,,,,,,,,,,,,,
J.Taylor,00-0030484,yes,MIA,CB,0,0,0,0,1,,,,,,,,,,,,,,,,,,,,,,,,,,,,,,,,,,,,,,,,,,,,,,,,,,
T.Taylor,00-0028118,no,BUF,QB,,,,,,,,,,,,,,,,,,,,,,,,,29,21,0,3,0,0,277,,,,,,,,,,,,,,,,,,3,6,0,0,0,0,12
L.McCoy,00-0027029,no,BUF,RB,,,,,,,,,,,,,,,,,,,,,,,,,,,,,,,,,,,,,,,,,,10,10,1,1,0,0,10,11,9,0,0,0,0,16
E.Manuel,00-0030526,no,BUF,QB,,,,,,,,,,,,,,,,,,,,,,,,,,,,,,,,,,,,,,,,,,,,,,,,,1,-2,0,0,0,0,-2
P.Harvin,00-0026998,no,BUF,WR,,,,,,,,,,,,,,,,,,,,,,,,,,,,,,,,,,,,,,,,,,18,0,7,0,0,0,66,2,9,0,0,0,0,16
Ka.Williams,00-0032152,no,BUF,RB,,,,,,,,,,,,,,,,,,,,,,,,,,,,,,,,,,,,,,,,,,,,,,,,,12,41,41,1,0,0,110
A.Dixon,00-0027772,no,BUF,RB,,,,,,,,,,,,,,,,,,,,,,,,,,,,,,,,,,,,,,,,,,,,,,,,,5,2,0,0,0,0,-1
C.Clay,00-0028112,no,BUF,TE,,,,,,,,,,,,,,,,,,,,,,,,,,,,,,,,,,,,,,,,,,25,25,5,1,0,0,82,,,,,,,
C.Hogan,00-0028237,no,BUF,WR,,,,,,,,,,,,,,,,,,,,,,,,,,,,,,,,,,,,,,,,,,38,38,3,1,0,0,42,,,,,,,
R.Woods,00-0030431,no,BUF,WR,,,,,,,,,,,,,,,,,,,,,,,,,,,,,,,,,,,,,,,,,,16,0,4,0,0,0,38,,,,,,,
S.Watkins,00-0031325,no,BUF,WR,,,,,,,,,,,,,,,,,,,,,,,,,,,,,,,,,,,,,,,,,,39,0,1,0,0,0,39,,,,,,,
D.Carpenter,00-0026003,no,BUF,K,,,,,,,,,,,3,2,51,6,5,0,5,0,5,,,,,,,,,,,,,,,,,,,,,,,,,,,,,,,,,,,,
C.Schmidt,00-0030551,no,BUF,P,,,,,,,,,,,,,,,,,,,,,,,,,,,,,,,,39,1,49,3,137,,,,,,,,,,,,,,,,,,,
M.Thigpen,00-0026577,no,BUF,WR,,,,,,,,,,,,,,,,,,,,,,,,,,,,,,,,,,,,,3,7,0,2,0,,,,,,,,,,,,,,
C.Graham,00-0025555,no,BUF,FS,2,0,0,0,10,,,,,,,,,,,,,,,,,,,,,,,,,,,,,,,,,,,,,,,,,,,,,,,,,,
S.Charles,00-0030132,no,BUF,DT,0,1,0,1,1,,,,,,,,,,,,,,,,,,,,,,,,,,,,,,,,,,,,,,,,,,,,,,,,,,
B.Rambo,00-0030289,no,BUF,SS,1,0,0,0,6,,,,,,,,,,,,,,,,,,,,,,,,,,,,,,,,,,,,,,,,,,,,,,,,,,
Ky.Williams,00-0024348,no,BUF,DT,1,0,0,0,1,,,,,,,,,,,,,,,,,,,,,,,,,,,,,,,,,,,,,,,,,,,,,,,,,,
N.Robey,00-0030041,no,BUF,DB,2,0,0,0,3,,,,,,,,,,,,,,,,,,,,,,,,,,,,,,,,,,,,,,,,,,,,,,,,,,
P.Brown,00-0031171,no,BUF,MLB,4,0,2,0,3,,,,,,,,,,,,,,,,,,,,,,,,,,,,,,,,,,,,,,,,,,,,,,,,,,
S.Gilmore,00-0029542,no,BUF,CB,0,0,0,0,1,,,,,,,,,,,,,,,,,,,,,,,,,,,,,,,,,,,,,,,,,,,,,,,,,,
N.Bradham,00-0029272,no,BUF,OLB,0,0,0,0,4,,,,,,,,,,,,,,,,,,,,,,,,,,,,,,,,,,,,,,,,,,,,,,,,,,
M.Dareus,00-0027941,no,BUF,DT,0,0,0,1,4,,,,,,,,,,,,,,,,,,,,,,,,,,,,,,,,,,,,,,,,,,,,,,,,,,
C.Bryant,00-0028707,no,BUF,DT,0,0,0,0,3,,,,,,,,,,,,,,,,,,,,,,,,,,,,,,,,,,,,,,,,,,,,,,,,,,
J.Hughes,00-0027881,no,BUF,DE,0,0,0,0,1,,,,,,,,,,,,,,,,,,,,,,,,,,,,,,,,,,,,,,,,,,,,,,,,,,
R.Darby,00-0032195,no,BUF,CB,1,0,1,0,4,,,,,,,,,,,,,,,,,,,,,,,,,,,,,,,,,,,,,,,,,,,,,,,,,,
M.Stafford,00-0026498,yes,DET,QB,,,,,,1,0,1,0,0,,,,,,,,,,,,,,,44,30,2,1,0,0,278,,,,,,,,,,,-6,0,1,0,0,0,-6,1,-1,0,0,0,0,-1
A.Abdullah,00-0032104,yes,DET,RB,,,,,,,,,,,,,,,,,,,,,,,,,,,,,,,,,,,,,,,,,,16,16,2,1,0,0,19,8,9,0,0,0,0,23
J.Bell,00-0027218,yes,DET,RB,,,,,,,,,,,,,,,,,,,,,,,,,,,,,,,,,,,,,,,,,,-2,0,1,0,0,0,-2,10,3,1,1,1,0,6
E.Ebron,00-0031387,yes,DET,TE,,,,,,,,,,,,,,,,,,,,,,,,,,,,,,,,,,,,,,,,,,29,0,4,0,0,0,61,,,,,,,
L.Moore,00-0023310,yes,DET,WR,,,,,,,,,,,,,,,,,,,,,,,,,,,,,,,,,,,,,,,,,,5,0,2,0,0,0,10,,,,,,,
G.Tate,00-0027891,yes,DET,WR,,,,,,,,,,,,,,,,,,,,,,,,,,,,,,,,,,,,,,,,,,33,0,5,0,0,0,57,,,,,,,
C.Johnson,00-0025389,yes,DET,WR,,,,,,,,,,,,,,,,,,,,,,,,,,,,,,,,,,,,,,,,,,25,0,8,0,0,0,77,,,,,,,
T.Riddick,00-0030107,yes,DET,RB,,,,,,,,,,,,,,,,,,,,,,,,,,,,,,,,,,,,,,,,,,17,0,7,0,0,0,62,,,,,,,
Q.Diggs,00-0031608,yes,DET,CB,1,0,0,0,0,0,0,0,1,0,,,,,,,,,,,,,,,,,,,,,,,,,,,,,,,,,,,,,,,,,,,,,
S.Martin,00-0030092,yes,DET,P,,,,,,,,,,,,,,,,,,,,,,,,,,,,,,,,47,1,66,5,266,,,,,,,,,,,,,,,,,,,
T.Jones,00-0031189,yes,DET,WR,,,,,,,,,,,,,,,,,,,,,,,,,,,,,,,,,,,,,28,28,0,1,0,,,,,,,,,,,,,,
E.Ansah,00-0030059,yes,DET,DE,1,0,0,0,2,,,,,,,,,,,,,,,,,,,,,,,,,,,,,,,,,,,,,,,,,,,,,,,,,,
T.Whitehead,00-0029212,yes,DET,MLB,2,0,0,0,0,,,,,,,,,,,,,,,,,,,,,,,,,,,,,,,,,,,,,,,,,,,,,,,,,,
R.Mathis,00-0022080,yes,DET,CB,1,1,0,0,5,,,,,,,,,,,,,,,,,,,,,,,,,,,,,,,,,,,,,,,,,,,,,,,,,,
T.Lewis,00-0029217,yes,DET,OLB,0,0,0,0,1,,,,,,,,,,,,,,,,,,,,,,,,,,,,,,,,,,,,,,,,,,,,,,,,,,
S.Tulloch,00-0024331,yes,DET,MLB,4,0,0,0,7,,,,,,,,,,,,,,,,,,,,,,,,,,,,,,,,,,,,,,,,,,,,,,,,,,
D.Taylor,00-0030079,yes,DET,DE,0,0,0,1,2,,,,,,,,,,,,,,,,,,,,,,,,,,,,,,,,,,,,,,,,,,,,,,,,,,
K.Van Noy,00-0031360,yes,DET,OLB,1,0,0,0,0,,,,,,,,,,,,,,,,,,,,,,,,,,,,,,,,,,,,,,,,,,,,,,,,,,
J.Wilson,00-0025442,yes,DET,DB,1,0,0,0,3,,,,,,,,,,,,,,,,,,,,,,,,,,,,,,,,,,,,,,,,,,,,,,,,,,
D.Tapp,00-0024278,yes,DET,DE,0,0,0,0,1,,,,,,,,,,,,,,,,,,,,,,,,,,,,,,,,,,,,,,,,,,,,,,,,,,
G.Quin,00-0027081,yes,DET,FS,1,0,1,0,1,,,,,,,,,,,,,,,,,,,,,,,,,,,,,,,,,,,,,,,,,,,,,,,,,,
I.Abdul-Quddus,00-0028564,yes,DET,SS,2,0,0,0,0,,,,,,,,,,,,,,,,,,,,,,,,,,,,,,,,,,,,,,,,,,,,,,,,,,
D.Slay,00-0030062,yes,DET,CB,1,0,0,0,4,,,,,,,,,,,,,,,,,,,,,,,,,,,,,,,,,,,,,,,,,,,,,,,,,,
J.Ihedigbo,00-0025753,yes,DET,SS,3,0,0,0,4,,,,,,,,,,,,,,,,,,,,,,,,,,,,,,,,,,,,,,,,,,,,,,,,,,
J.Bynes,00-0028278,yes,DET,OLB,4,0,0,0,3,,,,,,,,,,,,,,,,,,,,,,,,,,,,,,,,,,,,,,,,,,,,,,,,,,
T.Walker,00-0029208,yes,DET,DT,0,0,0,0,1,,,,,,,,,,,,,,,,,,,,,,,,,,,,,,,,,,,,,,,,,,,,,,,,,,
C.Reid,00-0031071,yes,DET,DT,1,0,0,0,0,,,,,,,,,,,,,,,,,,,,,,,,,,,,,,,,,,,,,,,,,,,,,,,,,,
G.Wright,00-0031574,yes,DET,DT,1,0,0,0,0,,,,,,,,,,,,,,,,,,,,,,,,,,,,,,,,,,,,,,,,,,,,,,,,,,
P.Manning,00-0010346,no,DEN,QB,,,,,,,,,,,,,,,,,,,,,,,,,42,31,1,2,0,0,324,,,,,,,,,,,,,,,,,,1,-1,0,0,0,0,-1
J.Thompson,00-0030705,no,DEN,RB,,,,,,,,,,,,,,,,,,,,,,,,,,,,,,,,,,,,,,,,,,,,,,,,,3,6,0,0,0,0,11
R.Hillman,00-0029683,no,DEN,RB,,,,,,,,,,,,,,,,,,,,,,,,,,,,,,,,,,,,,,,,,,3,0,1,0,0,0,3,7,5,1,1,0,0,13
C.Anderson,00-0029854,no,DEN,RB,,,,,,,,,,,,,,,,,,,,,,,,,,,,,,,,,,,,,,,,,,9,0,1,0,0,0,9,8,5,0,0,0,0,18
E.Sanders,00-0027685,no,DEN,WR,,,,,,,,,,,,,,,,,,,,,,,,,,,,,,,,,,,,,6,8,0,2,0,34,0,6,0,0,0,87,,,,,,,
B.Fowler,00-0030670,no,DEN,WR,,,,,,,,,,,,,,,,,,,,,,,,,,,,,,,,,,,,,,,,,,13,0,4,0,0,0,50,,,,,,,
V.Green,00-0028142,no,DEN,TE,,,,,,,,,,,,,,,,,,,,,,,,,,,,,,,,,,,,,,,,,,26,0,1,0,0,0,26,,,,,,,
J.Norwood,00-0026739,no,DEN,WR,,,,,,,,,,,,,,,,,,,,,,,,,,,,,,,,,,,,,,,,,,17,0,3,0,0,0,27,,,,,,,
A.Caldwell,00-0026237,no,DEN,WR,,,,,,,,,,,,,,,,,,,,,,,,,,,,,,,,,,,,,,,,,,2,0,1,0,0,0,2,,,,,,,
D.Thomas,00-0027874,no,DEN,WR,,,,,,1,0,1,0,0,,,,,,,,,,,,,,,,,,,,,,,,,,,,,,,,45,45,9,1,0,0,92,,,,,,,
O.Daniels,00-0024313,no,DEN,TE,,,,,,,,,,,,,,,,,,,,,,,,,,,,,,,,,,,,,,,,,,11,11,5,1,0,0,28,,,,,,,
M.Jackson,00-0029568,no,DEN,DE,2,0,0,0.5,1,0,0,0,1,0,,,,,,,,,,,,,,,,,,,,,,,,,,,,,,,,,,,,,,,,,,,,,
B.McManus,00-0029822,no,DEN,K,,,,,,,,,,,1,1,48,3,3,0,3,0,3,,,,,,,,,,,,,,,,,,,,,,,,,,,,,,,,,,,,
B.Colquitt,00-0026516,no,DEN,P,,,,,,,,,,,,,,,,,,,,,,,,,,,,,,,,37,3,50,5,213,,,,,,,,,,,,,,,,,,,
B.Roby,00-0031372,no,DEN,CB,0,0,1,0,2,,,,,,,,,,,,,,,,,,,,,,,,,,,,,,,,,,,,,,,,,,,,,,,,,,
D.Stewart,00-0027256,no,DEN,FS,2,0,0,0,6,,,,,,,,,,,,,,,,,,,,,,,,,,,,,,,,,,,,,,,,,,,,,,,,,,
V.Walker,00-0026942,no,DEN,DE,1,0,0,0,0,,,,,,,,,,,,,,,,,,,,,,,,,,,,,,,,,,,,,,,,,,,,,,,,,,
C.Harris,00-0028224,no,DEN,CB,0,0,0,0,2,,,,,,,,,,,,,,,,,,,,,,,,,,,,,,,,,,,,,,,,,,,,,,,,,,
A.Talib,00-0026160,no,DEN,CB,0,0,0,0,5,,,,,,,,,,,,,,,,,,,,,,,,,,,,,,,,,,,,,,,,,,,,,,,,,,
T.Ward,00-0027653,no,DEN,SS,5,0,0,0,4,,,,,,,,,,,,,,,,,,,,,,,,,,,,,,,,,,,,,,,,,,,,,,,,,,
D.Bruton,00-0027083,no,DEN,SS,1,0,1,0,1,,,,,,,,,,,,,,,,,,,,,,,,,,,,,,,,,,,,,,,,,,,,,,,,,,
D.Trevathan,00-0029577,no,DEN,ILB,3,0,0,0,1,,,,,,,,,,,,,,,,,,,,,,,,,,,,,,,,,,,,,,,,,,,,,,,,,,
S.Barrett,00-0031101,no,DEN,LB,0,1,0,1,1,,,,,,,,,,,,,,,,,,,,,,,,,,,,,,,,,,,,,,,,,,,,,,,,,,
L.McCray,00-0029799,no,DEN,OLB,1,0,0,0,1,,,,,,,,,,,,,,,,,,,,,,,,,,,,,,,,,,,,,,,,,,,,,,,,,,
B.Marshall,00-0029620,no,DEN,ILB,2,0,0,0,10,,,,,,,,,,,,,,,,,,,,,,,,,,,,,,,,,,,,,,,,,,,,,,,,,,
S.Williams,00-0030577,no,DEN,NT,1,0,0,1,2,,,,,,,,,,,,,,,,,,,,,,,,,,,,,,,,,,,,,,,,,,,,,,,,,,
D.Ware,00-0023445,no,DEN,OLB,2,0,0,1.5,2,,,,,,,,,,,,,,,,,,,,,,,,,,,,,,,,,,,,,,,,,,,,,,,,,,
S.Ray,00-0032221,no,DEN,LB,0,0,0,0,1,,,,,,,,,,,,,,,,,,,,,,,,,,,,,,,,,,,,,,,,,,,,,,,,,,
A.Rodgers,00-0023459,yes,GB,QB,,,,,,,,,,,,,,,,,,,,,,,,,35,24,0,5,0,0,333,,,,,,,,,,,,,,,,,,2,11,0,0,0,0,16
A.Harris,00-0031830,yes,GB,RB,,,,,,,,,,,,,,,,,,,,,,,,,,,,,,,,,,,,,,,,,,,,,,,,,2,16,0,0,0,0,17
J.Starks,00-0027791,yes,GB,RB,,,,,,,,,,,,,,,,,,,,,,,,,,,,,,,,,,,,,,,,,,19,0,1,0,0,0,19,17,11,0,0,0,0,32
R.Cobb,00-0028002,yes,GB,WR,,,,,,,,,,,,,,,,,,,,,,,,,,,,,,,,,,,,,,,,,,29,4,7,3,0,0,91,1,12,0,0,0,0,12
E.Lacy,00-0030485,yes,GB,RB,,,,,,,,,,,,,,,,,,,,,,,,,,,,,,,,,,,,,,,,,,26,0,3,0,0,0,41,10,13,0,0,0,0,46
R.Rodgers,00-0031384,yes,GB,TE,,,,,,,,,,,,,,,,,,,,,,,,,,,,,,,,,,,,,,,,,,8,0,2,0,0,0,15,,,,,,,
J.Jones,00-0025465,yes,GB,WR,,,,,,,,,,,,,,,,,,,,,,,,,,,,,,,,,,,,,,,,,,52,27,7,1,0,0,139,,,,,,,
A.Quarless,00-0027753,yes,GB,TE,,,,,,,,,,,,,,,,,,,,,,,,,,,,,,,,,,,,,,,,,,7,0,2,0,0,0,14,,,,,,,
T.Montgomery,00-0032200,yes,GB,WR,,,,,,,,,,,,,,,,,,,,32,36,0,2,0,,,,,,,,,,,,,,,,,,8,8,2,1,0,0,14,,,,,,,
M.Crosby,00-0025580,yes,GB,K,,,,,,,,,,,1,1,44,3,5,0,5,0,5,,,,,,,,,,,,,,,,,,,,,,,,,,,,,,,,,,,,
T.Masthay,00-0026664,yes,GB,P,,,,,,,,,,,,,,,,,,,,,,,,,,,,,,,,39,2,49,5,215,,,,,,,,,,,,,,,,,,,
M.Hyde,00-0030090,yes,GB,SS,0,0,0,0,2,,,,,,,,,,,,,,,,,,,,,,,,,,,,,,,,7,13,0,4,0,,,,,,,,,,,,,,
M.Pennel,00-0030757,yes,GB,DE,1,0,0,0,1,,,,,,,,,,,,,,,,,,,,,,,,,,,,,,,,,,,,,,,,,,,,,,,,,,
J.Elliott,00-0030752,yes,GB,LB,0,0,0,1,2,,,,,,,,,,,,,,,,,,,,,,,,,,,,,,,,,,,,,,,,,,,,,,,,,,
M.Neal,00-0027664,yes,GB,OLB,1,0,0,0.5,0,,,,,,,,,,,,,,,,,,,,,,,,,,,,,,,,,,,,,,,,,,,,,,,,,,
B.Gaston,00-0030892,yes,GB,,0,0,0,0,1,,,,,,,,,,,,,,,,,,,,,,,,,,,,,,,,,,,,,,,,,,,,,,,,,,
C.Matthews,00-0027002,yes,GB,ILB,0,0,0,2,3,,,,,,,,,,,,,,,,,,,,,,,,,,,,,,,,,,,,,,,,,,,,,,,,,,
N.Perry,00-0029408,yes,GB,OLB,0,1,0,1,3,,,,,,,,,,,,,,,,,,,,,,,,,,,,,,,,,,,,,,,,,,,,,,,,,,
D.Jones,00-0030576,yes,GB,DE,0,0,0,0,1,,,,,,,,,,,,,,,,,,,,,,,,,,,,,,,,,,,,,,,,,,,,,,,,,,
B.Raji,00-0026985,yes,GB,NT,1,0,0,0,0,,,,,,,,,,,,,,,,,,,,,,,,,,,,,,,,,,,,,,,,,,,,,,,,,,
C.Hayward,00-0029261,yes,GB,CB,0,0,0,0,5,,,,,,,,,,,,,,,,,,,,,,,,,,,,,,,,,,,,,,,,,,,,,,,,,,
S.Shields,00-0027440,yes,GB,CB,0,0,1,0,6,,,,,,,,,,,,,,,,,,,,,,,,,,,,,,,,,,,,,,,,,,,,,,,,,,
D.Randall,00-0032251,yes,GB,CB,1,0,0,0,2,,,,,,,,,,,,,,,,,,,,,,,,,,,,,,,,,,,,,,,,,,,,,,,,,,
J.Thomas,00-0030761,yes,GB,LB,0,0,0,1,3,,,,,,,,,,,,,,,,,,,,,,,,,,,,,,,,,,,,,,,,,,,,,,,,,,
Q.Rollins,00-0031937,yes,GB,CB,0,0,0,0,2,,,,,,,,,,,,,,,,,,,,,,,,,,,,,,,,,,,,,,,,,,,,,,,,,,
C.Banjo,00-0029747,yes,GB,CB,0,0,0,0,1,,,,,,,,,,,,,,,,,,,,,,,,,,,,,,,,,,,,,,,,,,,,,,,,,,
N.Palmer,00-0030104,yes,GB,ILB,1,0,0,0,2,,,,,,,,,,,,,,,,,,,,,,,,,,,,,,,,,,,,,,,,,,,,,,,,,,
H.Clinton-Dix,00-0031333,yes,GB,FS,1,0,0,0,5,,,,,,,,,,,,,,,,,,,,,,,,,,,,,,,,,,,,,,,,,,,,,,,,,,
J.Peppers,00-0021140,yes,GB,OLB,2,0,0,0,1,,,,,,,,,,,,,,,,,,,,,,,,,,,,,,,,,,,,,,,,,,,,,,,,,,
M.Daniels,00-0029284,yes,GB,DE,2,1,0,1.5,2,,,,,,,,,,,,,,,,,,,,,,,,,,,,,,,,,,,,,,,,,,,,,,,,,,
A.Smith,00-0023436,no,KC,QB,,,,,,0,0,2,0,0,,,,,,,,,,,,,,,40,24,1,1,2,1,290,,,,,,,,,,,,,,,,,,6,19,0,0,0,0,33
D.Thomas,00-0031060,no,KC,WR,,,,,,,,,,,,,,,,,,,,19,19,0,1,0,,,,,,,,,,,,,3,16,0,5,0,9,0,2,0,0,0,12,1,-7,0,0,0,0,-7
J.Charles,00-0026213,no,KC,RB,,,,,,,,,,,,,,,,,,,,,,,,,,,,,,,,,,,,,,,,,,13,0,5,0,0,0,33,11,13,9,3,0,0,49
J.Maclin,00-0026995,no,KC,WR,,,,,,,,,,,,,,,,,,,,,,,,,,,,,,,,,,,,,,,,,,61,5,8,1,0,0,141,,,,,,,
C.Conley,00-0032128,no,KC,WR,,,,,,,,,,,,,,,,,,,,,,,,,,,,,,,,,,,,,,,,,,16,0,1,0,0,0,16,,,,,,,
J.Avant,00-0024324,no,KC,WR,,,,,,,,,,,,,,,,,,,,,,,,,,,,,,,,,,,,,,,,,,5,0,2,0,1,0,8,,,,,,,
T.Kelce,00-0030506,no,KC,TE,,,,,,,,,,,,,,,,,,,,,,,,,,,,,,,,,,,,,,,,,,38,0,6,0,1,1,80,,,,,,,
D.Stephenson,00-0029543,no,KC,T,,,,,,0,1,0,1,0,,,,,,,,,,,,,,,,,,,,,,,,,,,,,,,,,,,,,,,,,,,,,
E.Fisher,00-0030584,no,KC,T,,,,,,0,1,0,1,0,,,,,,,,,,,,,,,,,,,,,,,,,,,,,,,,,,,,,,,,,,,,,
C.Santos,00-0031203,no,KC,K,,,,,,,,,,,0,0,0,0,2,0,2,0,2,,,,,,,,,,,,,,,,,,,,,,,,,,,,,,,,,,,,
D.Colquitt,00-0023534,no,KC,P,,,,,,,,,,,,,,,,,,,,,,,,,,,,,,,,45,2,61,6,301,,,,,,,,,,,,,,,,,,,
K.Davis,00-0030280,no,KC,RB,,,,,,,,,,,,,,,,,,,,31,54,0,3,0,,,,,,,,,,,,,,,,,,,,,,,,,,,,,,,
A.Bailey,00-0028024,no,KC,DE,1,0,0,0,0,,,,,,,,,,,,,,,,,,,,,,,,,,,,,,,,,,,,,,,,,,,,,,,,,,
M.Cooper,00-0030127,no,KC,CB,0,0,0,0,1,,,,,,,,,,,,,,,,,,,,,,,,,,,,,,,,,,,,,,,,,,,,,,,,,,
P.Gaines,00-0031015,no,KC,CB,0,0,0,0,2,,,,,,,,,,,,,,,,,,,,,,,,,,,,,,,,,,,,,,,,,,,,,,,,,,
D.Poe,00-0029688,no,KC,NT,0,0,0,0,3,,,,,,,,,,,,,,,,,,,,,,,,,,,,,,,,,,,,,,,,,,,,,,,,,,
J.Mauga,00-0027170,no,KC,ILB,1,0,0,0,3,,,,,,,,,,,,,,,,,,,,,,,,,,,,,,,,,,,,,,,,,,,,,,,,,,
D.Ford,00-0031297,no,KC,LB,0,0,0,0,1,,,,,,,,,,,,,,,,,,,,,,,,,,,,,,,,,,,,,,,,,,,,,,,,,,
T.Hali,00-0024235,no,KC,OLB,0,0,0,1,3,,,,,,,,,,,,,,,,,,,,,,,,,,,,,,,,,,,,,,,,,,,,,,,,,,
D.Johnson,00-0023449,no,KC,ILB,0,0,0,0,8,,,,,,,,,,,,,,,,,,,,,,,,,,,,,,,,,,,,,,,,,,,,,,,,,,
M.Peters,00-0032165,no,KC,CB,0,0,0,0,3,,,,,,,,,,,,,,,,,,,,,,,,,,,,,,,,,,,,,,,,,,,,,,,,,,
J.Howard,00-0029277,no,KC,NT,3,0,0,0,5,,,,,,,,,,,,,,,,,,,,,,,,,,,,,,,,,,,,,,,,,,,,,,,,,,
R.Parker,00-0028445,no,KC,SS,0,0,0,0,6,,,,,,,,,,,,,,,,,,,,,,,,,,,,,,,,,,,,,,,,,,,,,,,,,,
E.Berry,00-0027858,no,KC,FS,1,0,0,0,4,,,,,,,,,,,,,,,,,,,,,,,,,,,,,,,,,,,,,,,,,,,,,,,,,,
J.Fleming,00-0029639,no,KC,CB,0,0,0,0,1,,,,,,,,,,,,,,,,,,,,,,,,,,,,,,,,,,,,,,,,,,,,,,,,,,
J.Houston,00-0028008,no,KC,OLB,0,0,0,0,4,,,,,,,,,,,,,,,,,,,,,,,,,,,,,,,,,,,,,,,,,,,,,,,,,,
M.Devito,00-0025689,no,KC,DE,0,0,0,0,2,,,,,,,,,,,,,,,,,,,,,,,,,,,,,,,,,,,,,,,,,,,,,,,,,,
T.Branch,00-0026240,no,KC,DB,2,0,0,0,5,,,,,,,,,,,,,,,,,,,,,,,,,,,,,,,,,,,,,,,,,,,,,,,,,,
